model,partition,attack_family,total_records,mean_probability,median_probability,p75_probability,p90_probability,p95_probability,p99_probability,maximum_probability,predicted_malicious_at_0_5,recall_at_0_5,criterion,threshold,recall
logistic_regression,test,Bot,282310,0.06996555601119593,0.0003567497478798032,0.14204376935958862,0.14472070336341858,0.14699235558509827,0.14904171228408813,0.16488464176654816,0,0.0,fixed_0_5,0.5,0.0
logistic_regression,test,Bot,282310,0.06996555601119593,0.0003567497478798032,0.14204376935958862,0.14472070336341858,0.14699235558509827,0.14904171228408813,0.16488464176654816,0,0.0,maximum_binary_f1,0.0004475809691939503,0.4956962204668627
logistic_regression,test,Bot,282310,0.06996555601119593,0.0003567497478798032,0.14204376935958862,0.14472070336341858,0.14699235558509827,0.14904171228408813,0.16488464176654816,0,0.0,maximum_macro_f1,0.548742413520813,0.0
logistic_regression,test,Bot,282310,0.06996555601119593,0.0003567497478798032,0.14204376935958862,0.14472070336341858,0.14699235558509827,0.14904171228408813,0.16488464176654816,0,0.0,fpr_at_most_0.01,0.9831575751304626,0.0
logistic_regression,test,Bot,282310,0.06996555601119593,0.0003567497478798032,0.14204376935958862,0.14472070336341858,0.14699235558509827,0.14904171228408813,0.16488464176654816,0,0.0,fpr_at_most_0.005,0.9925227761268616,0.0
logistic_regression,test,Bot,282310,0.06996555601119593,0.0003567497478798032,0.14204376935958862,0.14472070336341858,0.14699235558509827,0.14904171228408813,0.16488464176654816,0,0.0,fpr_at_most_0.001,0.9983320832252502,0.0
random_forest,test,Bot,282310,0.10200075960209529,0.02138403332103743,0.19326625905215095,0.20687083007430693,0.20739461713485563,0.20910319762045862,0.2917750071534527,0,0.0,fixed_0_5,0.5,0.0
random_forest,test,Bot,282310,0.10200075960209529,0.02138403332103743,0.19326625905215095,0.20687083007430693,0.20739461713485563,0.20910319762045862,0.2917750071534527,0,0.0,maximum_binary_f1,0.10696382758638676,0.4922319436080904
random_forest,test,Bot,282310,0.10200075960209529,0.02138403332103743,0.19326625905215095,0.20687083007430693,0.20739461713485563,0.20910319762045862,0.2917750071534527,0,0.0,maximum_macro_f1,0.10696382758638676,0.4922319436080904
random_forest,test,Bot,282310,0.10200075960209529,0.02138403332103743,0.19326625905215095,0.20687083007430693,0.20739461713485563,0.20910319762045862,0.2917750071534527,0,0.0,fpr_at_most_0.01,0.17370928190063595,0.4496121285112111
random_forest,test,Bot,282310,0.10200075960209529,0.02138403332103743,0.19326625905215095,0.20687083007430693,0.20739461713485563,0.20910319762045862,0.2917750071534527,0,0.0,fpr_at_most_0.005,0.2917750071534527,3.5422053770677623e-06
random_forest,test,Bot,282310,0.10200075960209529,0.02138403332103743,0.19326625905215095,0.20687083007430693,0.20739461713485563,0.20910319762045862,0.2917750071534527,0,0.0,fpr_at_most_0.001,0.7658336720257404,0.0
xgboost,test,Bot,282310,0.03293445583272651,0.00858868844807148,0.06288675963878632,0.06288675963878632,0.06288675963878632,0.06288675963878632,0.07555672526359558,0,0.0,fixed_0_5,0.5,0.0
xgboost,test,Bot,282310,0.03293445583272651,0.00858868844807148,0.06288675963878632,0.06288675963878632,0.06288675963878632,0.06288675963878632,0.07555672526359558,0,0.0,maximum_binary_f1,0.009134010411798954,0.49539159080443484
xgboost,test,Bot,282310,0.03293445583272651,0.00858868844807148,0.06288675963878632,0.06288675963878632,0.06288675963878632,0.06288675963878632,0.07555672526359558,0,0.0,maximum_macro_f1,0.009134010411798954,0.49539159080443484
xgboost,test,Bot,282310,0.03293445583272651,0.00858868844807148,0.06288675963878632,0.06288675963878632,0.06288675963878632,0.06288675963878632,0.07555672526359558,0,0.0,fpr_at_most_0.01,0.09447260200977325,0.0
xgboost,test,Bot,282310,0.03293445583272651,0.00858868844807148,0.06288675963878632,0.06288675963878632,0.06288675963878632,0.06288675963878632,0.07555672526359558,0,0.0,fpr_at_most_0.005,0.4160800278186798,0.0
xgboost,test,Bot,282310,0.03293445583272651,0.00858868844807148,0.06288675963878632,0.06288675963878632,0.06288675963878632,0.06288675963878632,0.07555672526359558,0,0.0,fpr_at_most_0.001,0.8742270469665527,0.0
mlp,test,Bot,282310,0.00016554901614093196,2.4136679321884458e-09,0.0003589334955904633,0.0003892899549100548,0.00041663009324111044,0.0004433542781043798,0.0009391292696818709,0,0.0,fixed_0_5,0.5,0.0
mlp,test,Bot,282310,0.00016554901614093196,2.4136679321884458e-09,0.0003589334955904633,0.0003892899549100548,0.00041663009324111044,0.0004433542781043798,0.0009391292696818709,0,0.0,maximum_binary_f1,2.0704140624161482e-08,0.4926605504587156
mlp,test,Bot,282310,0.00016554901614093196,2.4136679321884458e-09,0.0003589334955904633,0.0003892899549100548,0.00041663009324111044,0.0004433542781043798,0.0009391292696818709,0,0.0,maximum_macro_f1,0.0034663360565900803,0.0
mlp,test,Bot,282310,0.00016554901614093196,2.4136679321884458e-09,0.0003589334955904633,0.0003892899549100548,0.00041663009324111044,0.0004433542781043798,0.0009391292696818709,0,0.0,fpr_at_most_0.01,0.05904792994260788,0.0
mlp,test,Bot,282310,0.00016554901614093196,2.4136679321884458e-09,0.0003589334955904633,0.0003892899549100548,0.00041663009324111044,0.0004433542781043798,0.0009391292696818709,0,0.0,fpr_at_most_0.005,0.09682624042034149,0.0
mlp,test,Bot,282310,0.00016554901614093196,2.4136679321884458e-09,0.0003589334955904633,0.0003892899549100548,0.00041663009324111044,0.0004433542781043798,0.0009391292696818709,0,0.0,fpr_at_most_0.001,0.812088668346405,0.0
