rank,target_group,feature,ks_vs_training_benign,ks_vs_training_malicious,psi_vs_training_benign,psi_vs_training_malicious,minimum_ks_against_both
1,validation_Infilteration,Fwd Pkt Len Std,0.15491791745629202,0.1870999423370543,0.10929435229591289,0.0168209491808663,0.15491791745629202
2,validation_Infilteration,Bwd IAT Min,0.1490576862150511,0.1453916299738034,0.13531970754574563,0.3664690485806252,0.1453916299738034
3,validation_Infilteration,Pkt Len Var,0.1444541750654081,0.3966265009277062,0.21353193582492358,0.17419507737326645,0.1444541750654081
4,validation_Infilteration,Down/Up Ratio,0.13905157267111024,0.2928730220035025,0.07873274057820892,0.3544502822827822,0.13905157267111024
5,validation_Infilteration,Init Bwd Win Byts,0.1388907920191612,0.22883610668862275,0.15954827793185833,0.9032217110804212,0.1388907920191612
6,validation_Infilteration,TotLen Bwd Pkts,0.13825118109764067,0.31351636535114524,0.22797659619717361,0.6255757009945017,0.13825118109764067
7,validation_Infilteration,Subflow Bwd Byts,0.13825118109764067,0.31351636535114524,0.22797659619717361,0.6255757009945017,0.13825118109764067
8,validation_Infilteration,Fwd Header Len,0.1357694789074687,0.5021275977750991,0.14259920915502267,3.276152139985545,0.1357694789074687
9,validation_Infilteration,Fwd Pkt Len Max,0.1354257350091309,0.5507571095367594,0.14178961923431835,0.6857167104543461,0.1354257350091309
10,validation_Infilteration,Bwd Pkt Len Max,0.13536380555072425,0.31351636535114524,0.18389747033849912,0.6449617965672053,0.13536380555072425
11,validation_Infilteration,Fwd IAT Mean,0.1351821262206956,0.4734514430211739,0.11621047708667401,2.318261164943671,0.1351821262206956
12,validation_Infilteration,Fwd IAT Max,0.13494647548089445,0.4962768143526468,0.1045107919993559,2.230142914513155,0.13494647548089445
13,validation_Infilteration,Fwd IAT Tot,0.13482893168091464,0.4929234155846839,0.15213024166378403,2.1746282137645516,0.13482893168091464
14,validation_Infilteration,TotLen Fwd Pkts,0.13410953461840602,0.5509749523123667,0.13748927382195028,0.678133649823585,0.13410953461840602
15,validation_Infilteration,Subflow Fwd Byts,0.13410953461840602,0.5509749523123667,0.13748927382195028,0.678133649823585,0.13410953461840602
16,validation_Infilteration,Pkt Len Max,0.13139544541483206,0.40164959918777565,0.22647302601490987,0.6621972894680306,0.13139544541483206
17,validation_Infilteration,Bwd Header Len,0.13058370332154923,0.453404802348923,0.14797712268545934,0.015371794236214258,0.13058370332154923
18,validation_Infilteration,Fwd IAT Min,0.1301991535596853,0.5672378553533253,0.06192666234473829,2.0979328330436062,0.1301991535596853
19,validation_Infilteration,Tot Fwd Pkts,0.12878881874437298,0.38030449412050094,0.1128641190361826,1.3230874336106104,0.12878881874437298
20,validation_Infilteration,Subflow Fwd Pkts,0.12878881874437298,0.38030449412050094,0.1128641190361826,1.3230874336106104,0.12878881874437298
21,validation_Infilteration,Pkt Len Std,0.12857605491237845,0.3966265009277062,0.20105664328393463,0.17419507737326645,0.12857605491237845
22,validation_Infilteration,Fwd Pkt Len Mean,0.127729319844888,0.5497986013240866,0.10197958843409967,0.715312133430457,0.127729319844888
23,validation_Infilteration,Fwd Seg Size Avg,0.127729319844888,0.5497986013240866,0.10199235318080448,0.715312133430457,0.127729319844888
24,validation_Infilteration,Bwd Pkt Len Std,0.14635154263003147,0.12614747737976828,0.12110738228188034,0.33438263274806856,0.12614747737976828
25,validation_Infilteration,Fwd IAT Std,0.12052005233581631,0.2291863020171282,0.086291800636253,0.5080695296874392,0.12052005233581631
26,validation_Infilteration,Bwd IAT Mean,0.11553078304499775,0.12853664829106426,0.07181072010842496,0.09832664020787786,0.11553078304499775
27,validation_Infilteration,Bwd IAT Tot,0.11552479523536141,0.1527480806281052,0.09651416074109594,0.18395647533223716,0.11552479523536141
28,validation_Infilteration,Bwd IAT Max,0.1155243359147683,0.1363913399454897,0.07737543093858851,0.04477800143383443,0.1155243359147683
29,validation_Infilteration,Init Fwd Win Byts,0.10873221514219134,0.4521457610201486,0.07739690943934331,3.569504839782615,0.10873221514219134
30,validation_Infilteration,Tot Bwd Pkts,0.10751259264127122,0.4542326048962312,0.09580335429842637,0.010521201254164345,0.10751259264127122
31,validation_Infilteration,Subflow Bwd Pkts,0.10751259264127122,0.4542326048962312,0.09580335429842637,0.010521201254164345,0.10751259264127122
32,validation_Infilteration,Flow Duration,0.10748940621350564,0.3513965528453248,0.15160359653361488,1.1748427490236242,0.10748940621350564
33,validation_Infilteration,Pkt Len Mean,0.10593654866544577,0.40164959918777565,0.14364225279848622,0.36976835308884526,0.10593654866544577
34,validation_Infilteration,Flow IAT Max,0.10263894920528793,0.3432253405658803,0.09650840195843757,1.200573955803582,0.10263894920528793
35,validation_Infilteration,Fwd Act Data Pkts,0.102417905696849,0.1994691954815332,0.05221935132021528,0.03198062809897455,0.102417905696849
36,validation_Infilteration,Flow Pkts/s,0.10240255214911484,0.33734293484329414,0.08469526138641206,1.3210659379779743,0.10240255214911484
37,validation_Infilteration,Dst Port,0.10173477480251358,0.5813352309859564,0.16430421716080607,0.5089038618909936,0.10173477480251358
38,validation_Infilteration,Fwd Pkts/s,0.10152838549611565,0.27285213624860183,0.08776700346229119,1.1140711769556453,0.10152838549611565
39,validation_Infilteration,Flow IAT Mean,0.10047853030788234,0.32977697611564893,0.08790748375973004,1.1892169168503832,0.10047853030788234
40,validation_Infilteration,Flow IAT Std,0.09504542930502963,0.16182984650330046,0.0729765151600683,0.10437016691686107,0.09504542930502963
41,validation_Infilteration,Bwd IAT Std,0.09382393096540953,0.12292450111284714,0.048805324527763566,0.07292184174654665,0.09382393096540953
42,validation_Infilteration,Bwd Pkts/s,0.09348225310186642,0.4555953388612558,0.12796343644369473,0.7063216468328151,0.09348225310186642
43,validation_Infilteration,Bwd Pkt Len Mean,0.09303177217375097,0.31351636535114524,0.1160442808773949,0.45932509116484393,0.09303177217375097
44,validation_Infilteration,Bwd Seg Size Avg,0.09303177217375097,0.31351636535114524,0.11602957814200687,0.45932509116484393,0.09303177217375097
45,validation_Infilteration,Pkt Size Avg,0.08898181754108236,0.40164959918777565,0.10376684152778506,0.24001770153751575,0.08898181754108236
46,validation_Infilteration,Flow IAT Min,0.08597967960227673,0.4118269602955542,0.13235268490228705,1.493898285789053,0.08597967960227673
47,validation_Infilteration,Flow Byts/s,0.06259931945348202,0.40509934717207297,0.06482242254295854,0.6817088700198529,0.06259931945348202
48,validation_Infilteration,Fwd Pkt Len Min,0.05709889158175285,0.36457210685725616,0.013572187532864669,0.0,0.05709889158175285
49,validation_Infilteration,Pkt Len Min,0.05586782553087222,0.3622271588494068,0.012850274016600344,0.0,0.05586782553087222
50,validation_Infilteration,Bwd Pkt Len Min,0.05499353838806065,0.3670069854916711,0.011893517327855275,4.870318253007943,0.05499353838806065
51,validation_Infilteration,Fwd Seg Size Min,0.05414055189238565,0.3755591367165808,0.01232842915030521,3.0972376728186553,0.05414055189238565
52,validation_Infilteration,Protocol=17,0.05223476107235803,0.36038275668259734,0.012255564077991679,0.0,0.05223476107235803
53,validation_Infilteration,Protocol=6,0.04987345408133065,0.3755591367165808,0.010919392427443643,2.2997094433811576,0.04987345408133065
54,validation_Infilteration,Active Min,0.04700311068793517,0.15744149324792012,0.016829140798146847,0.0,0.04700311068793517
55,validation_Infilteration,Active Mean,0.046779538386058084,0.15791351708476853,0.017489993383243464,0.0,0.046779538386058084
56,validation_Infilteration,Active Max,0.046777149918973526,0.1579581330383355,0.019346039905212234,0.0,0.046777149918973526
57,validation_Infilteration,ACK Flag Cnt,0.042920867058972245,0.4130158505250067,0.009500702579978024,0.7362041250275992,0.042920867058972245
58,validation_Infilteration,Idle Max,0.02719484320544263,0.04417664170083968,2.5128111133734817e-06,0.01636533871929187,0.02719484320544263
59,validation_Infilteration,Idle Mean,0.027112541943170143,0.048464625802534744,0.00019922046664458992,0.01872517405159608,0.027112541943170143
60,validation_Infilteration,Idle Min,0.025908091541150924,0.051973663397890224,8.914143182147964e-05,0.023449434187473722,0.025908091541150924
61,validation_Infilteration,Idle Std,0.02302323229088643,0.10913704408923774,0.0,0.0,0.02302323229088643
62,validation_Infilteration,Fwd PSH Flags,0.015285804948076853,0.06660130224887162,0.0,0.0,0.015285804948076853
63,validation_Infilteration,SYN Flag Cnt,0.015285804948076853,0.06660130224887162,0.0,0.0,0.015285804948076853
64,validation_Infilteration,Active Std,0.01471766220560089,0.09348263728079387,0.0,0.0,0.01471766220560089
65,validation_Infilteration,PSH Flag Cnt,0.01180772980504663,0.0296212694865593,0.0005929801581981205,0.00382222874440696,0.01180772980504663
66,validation_Infilteration,URG Flag Cnt,0.009564368587058447,0.033174587491349494,0.0,0.0,0.009564368587058447
67,validation_Infilteration,RST Flag Cnt,0.048707702375512585,0.006378621524830708,0.014526332508382537,0.00022688382782035262,0.006378621524830708
68,validation_Infilteration,ECE Flag Cnt,0.04872130658603335,0.006364098673123486,0.014534072757606724,0.00022584695285212555,0.006364098673123486
69,validation_Infilteration,Fwd URG Flags,0.005678435017499983,0.005678435017499983,0.04911042758929334,0.04911042758929334,0.005678435017499983
70,validation_Infilteration,CWE Flag Count,0.005678435017499983,0.005678435017499983,0.04911042758929334,0.04911042758929334,0.005678435017499983
71,validation_Infilteration,Protocol=0,0.0023613069910273232,0.015176380033983472,0.0,0.14633268397349014,0.0023613069910273232
72,validation_Infilteration,FIN Flag Cnt,0.0019545185959706224,0.0068473667065568344,0.0,0.0,0.0019545185959706224
73,validation_Infilteration,Bwd PSH Flags,0.0,0.0,0.0,0.0,0
74,validation_Infilteration,Bwd URG Flags,0.0,0.0,0.0,0.0,0
75,validation_Infilteration,Fwd Byts/b Avg,0.0,0.0,0.0,0.0,0
76,validation_Infilteration,Fwd Pkts/b Avg,0.0,0.0,0.0,0.0,0
77,validation_Infilteration,Fwd Blk Rate Avg,0.0,0.0,0.0,0.0,0
78,validation_Infilteration,Bwd Byts/b Avg,0.0,0.0,0.0,0.0,0
79,validation_Infilteration,Bwd Pkts/b Avg,0.0,0.0,0.0,0.0,0
80,validation_Infilteration,Bwd Blk Rate Avg,0.0,0.0,0.0,0.0,0
1,test_Infilteration,Pkt Len Var,0.2681466885328556,0.2521526409618875,0.3256390366043513,0.22699041574143244,0.2521526409618875
2,test_Infilteration,Pkt Len Std,0.2512886122575267,0.2521526409618875,0.3109575755486274,0.22699041574143244,0.2512886122575267
3,test_Infilteration,Fwd Seg Size Min,0.24381096476382302,0.31825590627837097,0.004816238433033739,2.4016146398882006,0.24381096476382302
4,test_Infilteration,Tot Fwd Pkts,0.23732849920866866,0.4888441745847966,0.2932999467536426,1.8867013586091048,0.23732849920866866
5,test_Infilteration,Subflow Fwd Pkts,0.23732849920866866,0.4888441745847966,0.2932999467536426,1.8867013586091048,0.23732849920866866
6,test_Infilteration,Fwd IAT Tot,0.23726058780588533,0.5545134954304219,0.211654485339405,2.423573083058495,0.23726058780588533
7,test_Infilteration,Fwd IAT Mean,0.23726058780588533,0.5509558089226405,0.19589744994607758,2.7650941957550126,0.23726058780588533
8,test_Infilteration,Fwd IAT Max,0.23726058780588533,0.5554433795641663,0.17565262543750493,2.5737439897890257,0.23726058780588533
9,test_Infilteration,Fwd IAT Min,0.2342507285517143,0.597844792180183,0.18203852734863207,2.410653007349981,0.2342507285517143
10,test_Infilteration,Fwd Header Len,0.2236638734500932,0.5885855546001719,0.4097572713230542,3.7711684140168624,0.2236638734500932
11,test_Infilteration,Bwd Pkts/s,0.21596824449507912,0.5063226775838949,0.30730828106022057,1.0841508476199866,0.21596824449507912
12,test_Infilteration,Fwd Pkt Len Mean,0.21233818654459194,0.4046419658125374,0.2450099675995137,0.28635740090796186,0.21233818654459194
13,test_Infilteration,Fwd Seg Size Avg,0.21233818654459194,0.4046419658125374,0.2450260986936726,0.28635740090796186,0.21233818654459194
14,test_Infilteration,Pkt Size Avg,0.20779913017415036,0.25747155741113814,0.21863167829389615,0.2012943599970115,0.20779913017415036
15,test_Infilteration,Pkt Len Mean,0.20753144632260412,0.25747155741113814,0.23861985183886908,0.3615502954090247,0.20753144632260412
16,test_Infilteration,Flow Byts/s,0.2031657580290759,0.26836282128201183,0.20081873506449308,0.39905316470408175,0.2031657580290759
17,test_Infilteration,TotLen Fwd Pkts,0.201555695824846,0.406297167876166,0.214385887384105,0.2723817370120644,0.201555695824846
18,test_Infilteration,Fwd Pkt Len Max,0.201555695824846,0.4056307878245753,0.3274095237674387,0.27237461110184485,0.201555695824846
19,test_Infilteration,Subflow Fwd Byts,0.201555695824846,0.406297167876166,0.214385887384105,0.2723817370120644,0.201555695824846
20,test_Infilteration,Pkt Len Max,0.20147246817546105,0.25747155741113814,0.3036924230908688,0.7019368675701964,0.20147246817546105
21,test_Infilteration,Flow Duration,0.19940344187900721,0.4347800558660446,0.23898681840304653,1.4269940223509194,0.19940344187900721
22,test_Infilteration,TotLen Bwd Pkts,0.19954796702071564,0.19921161303575874,0.31854721015681403,0.7266283935837519,0.19921161303575874
23,test_Infilteration,Bwd Pkt Len Max,0.2012205103966498,0.19921161303575874,0.26414163007972413,0.6729176411447455,0.19921161303575874
24,test_Infilteration,Bwd Pkt Len Mean,0.20067307990496197,0.19921161303575874,0.2516208866808187,0.5496692961787841,0.19921161303575874
25,test_Infilteration,Bwd Seg Size Avg,0.20067280431260603,0.19921161303575874,0.25160741122035885,0.5496692961787841,0.19921161303575874
26,test_Infilteration,Subflow Bwd Byts,0.19954796702071564,0.19921161303575874,0.31854721015681403,0.7266283935837519,0.19921161303575874
27,test_Infilteration,Down/Up Ratio,0.18224283100453292,0.3360642803369252,0.13752396926451102,0.4700394194333036,0.18224283100453292
28,test_Infilteration,Bwd Pkt Len Std,0.18166375072523888,0.18777198449722055,0.16716625848639452,0.46094712126276993,0.18166375072523888
29,test_Infilteration,Init Bwd Win Byts,0.17531405378991494,0.22169324125612477,0.4491593468758927,0.7777551271890625,0.17531405378991494
30,test_Infilteration,Fwd IAT Std,0.17514811726472657,0.22391321225251803,0.08663669195391624,0.4625768025179734,0.17514811726472657
31,test_Infilteration,Flow IAT Max,0.1749380983046115,0.42359166577046026,0.14411120621408172,1.548074512224285,0.1749380983046115
32,test_Infilteration,Flow Pkts/s,0.16690523064900586,0.42019945662201547,0.1441920616957727,1.5691712923971064,0.16690523064900586
33,test_Infilteration,Fwd Act Data Pkts,0.18171568407765742,0.16303178527611928,0.15059408182350162,0.00019422371972004884,0.16303178527611928
34,test_Infilteration,Bwd Header Len,0.16118461403297146,0.5029701114194953,0.3939265853003435,0.0405671727390364,0.16118461403297146
35,test_Infilteration,Flow IAT Mean,0.15838750518183237,0.4141898748641601,0.2508562635513365,1.467168773921423,0.15838750518183237
36,test_Infilteration,Fwd Pkts/s,0.1576556871905746,0.3650496906874109,0.13176166689035143,1.4134599898915274,0.1576556871905746
37,test_Infilteration,Tot Bwd Pkts,0.15471510351246243,0.5042598792612838,0.2026493132828586,0.03178772698672609,0.15471510351246243
38,test_Infilteration,Subflow Bwd Pkts,0.15471510351246243,0.5042598792612838,0.2026493132828586,0.03178772698672609,0.15471510351246243
39,test_Infilteration,Flow IAT Min,0.14651463707961176,0.4364757120735518,0.26304817768217015,1.6772671829332362,0.14651463707961176
40,test_Infilteration,Init Fwd Win Byts,0.14098042932156196,0.4610050140771545,0.37068290959329897,3.03786660348157,0.14098042932156196
41,test_Infilteration,PSH Flag Cnt,0.13512520968469877,0.1765542089763047,0.0742033133310791,0.12860228697230847,0.13512520968469877
42,test_Infilteration,Bwd IAT Min,0.13437207136938,0.17830167595134883,0.14629313901383773,0.5009717517796444,0.13437207136938
43,test_Infilteration,Bwd IAT Tot,0.15519126963805085,0.12487932398922108,0.1134244234837439,0.2085458874681574,0.12487932398922108
44,test_Infilteration,Fwd Pkt Len Std,0.19842014260567298,0.12070928160337002,0.23909506062444355,0.024099097500439287,0.12070928160337002
45,test_Infilteration,Flow IAT Std,0.16740625548624238,0.11623418909211614,0.10681990606887685,0.09479659080334507,0.11623418909211614
46,test_Infilteration,ACK Flag Cnt,0.11007080461383167,0.48016578807986615,0.0694187088141712,1.0524405567544193,0.11007080461383167
47,test_Infilteration,Dst Port,0.10713290285455579,0.6612424763542563,0.1664013003782798,0.3156364770131871,0.10713290285455579
48,test_Infilteration,Bwd IAT Mean,0.15521230637508932,0.09775898915092396,0.1121232228312056,0.1364011258999554,0.09775898915092396
49,test_Infilteration,Bwd IAT Max,0.15520183397516185,0.09655763412119811,0.09508115715629627,0.03795543030228842,0.09655763412119811
50,test_Infilteration,Bwd IAT Std,0.12603343858981597,0.08264330973844392,0.06105563139972186,0.09217738987658622,0.08264330973844392
51,test_Infilteration,Idle Max,0.04129328619823536,0.05864997616544865,0.004738514583523394,0.03256442796415908,0.04129328619823536
52,test_Infilteration,Idle Mean,0.034857865309775304,0.06528867157968377,0.005208720015955214,0.0383257077695071,0.034857865309775304
53,test_Infilteration,Idle Min,0.029874128913591758,0.06995043336918971,0.007689915101576676,0.04750418933952892,0.029874128913591758
54,test_Infilteration,Protocol=6,0.029868055953841288,0.2958176266814089,0.004157789843883909,1.7054716608106133,0.029868055953841288
55,test_Infilteration,Bwd Pkt Len Min,0.026204929368313867,0.28880051590713673,0.004140266333980659,3.729634336321018,0.026204929368313867
56,test_Infilteration,Pkt Len Min,0.025737343408673174,0.28413447964787497,0.003484401361700359,0.0,0.025737343408673174
57,test_Infilteration,Fwd Pkt Len Min,0.025708226538158963,0.2852761923776971,0.003858906053000999,0.0,0.025708226538158963
58,test_Infilteration,Protocol=17,0.02533552800019756,0.28281246761004175,0.0030768956908969565,0.0,0.02533552800019756
59,test_Infilteration,Active Mean,0.019284284775311522,0.11685692940117365,0.0003609919258925528,0.0,0.019284284775311522
60,test_Infilteration,Active Min,0.018905352117485452,0.11660730609525527,0.00038572909979526897,0.0,0.018905352117485452
61,test_Infilteration,Active Max,0.018156181744611755,0.1168682011657447,0.0003663116951032185,0.0,0.018156181744611755
62,test_Infilteration,Idle Std,0.015146468605139685,0.09448114626487958,0.0,0.0,0.015146468605139685
63,test_Infilteration,Fwd PSH Flags,0.009684378506839009,0.060999875807633774,0.0,0.0,0.009684378506839009
64,test_Infilteration,SYN Flag Cnt,0.009684378506839009,0.060999875807633774,0.0,0.0,0.009684378506839009
65,test_Infilteration,Fwd URG Flags,0.00895313843508172,0.00895313843508172,0.08154265360096764,0.08154265360096764,0.00895313843508172
66,test_Infilteration,CWE Flag Count,0.00895313843508172,0.00895313843508172,0.08154265360096764,0.08154265360096764,0.00895313843508172
67,test_Infilteration,Active Std,0.006975569624259381,0.07305885715881655,0.0,0.0,0.006975569624259381
68,test_Infilteration,Protocol=0,0.0045325279536436724,0.013005159071367123,0.0,0.12335970142644148,0.0045325279536436724
69,test_Infilteration,URG Flag Cnt,0.004497603959615404,0.02810782286390645,0.0,0.0,0.004497603959615404
70,test_Infilteration,ECE Flag Cnt,0.0038182956259406042,0.05890370088509744,9.862101523836671e-05,0.021183338098086466,0.0038182956259406042
71,test_Infilteration,RST Flag Cnt,0.0038173769847541505,0.05890370088509744,9.857376095061591e-05,0.021183338098086466,0.0038173769847541505
72,test_Infilteration,FIN Flag Cnt,0.0007430135407089367,0.004149834569877275,0.0,0.0,0.0007430135407089367
73,test_Infilteration,Bwd PSH Flags,0.0,0.0,0.0,0.0,0
74,test_Infilteration,Bwd URG Flags,0.0,0.0,0.0,0.0,0
75,test_Infilteration,Fwd Byts/b Avg,0.0,0.0,0.0,0.0,0
76,test_Infilteration,Fwd Pkts/b Avg,0.0,0.0,0.0,0.0,0
77,test_Infilteration,Fwd Blk Rate Avg,0.0,0.0,0.0,0.0,0
78,test_Infilteration,Bwd Byts/b Avg,0.0,0.0,0.0,0.0,0
79,test_Infilteration,Bwd Pkts/b Avg,0.0,0.0,0.0,0.0,0
80,test_Infilteration,Bwd Blk Rate Avg,0.0,0.0,0.0,0.0,0
1,test_Bot,Dst Port,0.7885764516384379,0.9990861110127165,9.97674886719315,0.43018630423156656,0.7885764516384379
2,test_Bot,Fwd IAT Min,0.5481444330343651,0.6071499510449756,3.326346963978614,6.464059920118434,0.5481444330343651
3,test_Bot,Flow Pkts/s,0.5437237393659948,0.6797271720165017,6.057912006519026,5.082601192825154,0.5437237393659948
4,test_Bot,Flow IAT Mean,0.5416231277686483,0.7272585957486897,6.718314098043043,5.230451303735183,0.5416231277686483
5,test_Bot,Fwd Pkts/s,0.5412583957428639,0.5970463123049806,5.4589933269149595,5.206509821605629,0.5412583957428639
6,test_Bot,Fwd IAT Tot,0.5186038883883534,0.7611122326972397,9.670289965628685,5.176708859768472,0.5186038883883534
7,test_Bot,Fwd IAT Max,0.5168162602794298,0.7505747133009203,10.077468868111602,4.911830579214559,0.5168162602794298
8,test_Bot,Flow Duration,0.5086521497555465,0.5617170934402124,7.000169441806056,6.131477277396167,0.5086521497555465
9,test_Bot,Flow IAT Max,0.5077927533649849,0.5664312746080054,6.917686803754381,5.77349963413813,0.5077927533649849
10,test_Bot,Fwd IAT Mean,0.501992596751782,0.7414041102429672,9.624752598489195,5.503593945728424,0.501992596751782
11,test_Bot,Init Fwd Win Byts,0.5181936535912302,0.4552637794430249,2.9544762658174317,6.75284588929369,0.4552637794430249
12,test_Bot,TotLen Fwd Pkts,0.33736294531562927,0.3941854385871941,6.292747368254476,1.140229395604408,0.33736294531562927
13,test_Bot,Subflow Fwd Byts,0.33736294531562927,0.3941854385871941,6.292747368254476,1.140229395604408,0.33736294531562927
14,test_Bot,Fwd Seg Size Min,0.32609518158392664,0.34636209716401156,4.090468759218373,4.565899188816782,0.32609518158392664
15,test_Bot,Pkt Size Avg,0.6083581061954522,0.3169261718009917,5.983496620519286,2.99295969772286,0.3169261718009917
16,test_Bot,Pkt Len Mean,0.5041915042945049,0.3169041474911417,5.813668944339925,3.022325340618149,0.3169041474911417
17,test_Bot,Pkt Len Std,0.340277891999041,0.31425730063016055,5.128596533006862,2.6223764388470445,0.31425730063016055
18,test_Bot,Pkt Len Var,0.340277891999041,0.31425730063016055,5.120292279979667,2.6223764388470445,0.31425730063016055
19,test_Bot,Pkt Len Max,0.3471737875518791,0.3140290704349279,6.014809658504244,2.4583581586156082,0.3140290704349279
20,test_Bot,TotLen Bwd Pkts,0.48180749321796124,0.3139407730485966,5.300861789018573,3.3388023350832916,0.3139407730485966
21,test_Bot,Bwd Pkt Len Max,0.48362089091987004,0.3139407730485966,5.1350155739924235,3.3387962006930985,0.3139407730485966
22,test_Bot,Subflow Bwd Byts,0.48180749321796124,0.3139407730485966,5.300861789018573,3.3388023350832916,0.3139407730485966
23,test_Bot,Bwd Pkt Len Std,0.376276321029261,0.3139392019509283,2.258864437629761,3.3912312383277223,0.3139392019509283
24,test_Bot,Flow Byts/s,0.30876093678031036,0.4019837427936235,5.794866497903884,2.095272994028643,0.30876093678031036
25,test_Bot,Bwd Pkts/s,0.30024886710796317,0.37160452834407676,5.047867535661532,1.3503231053091098,0.30024886710796317
26,test_Bot,Bwd Pkt Len Mean,0.6860460792327958,0.29919121935186466,7.140262846815329,2.801014983632972,0.29919121935186466
27,test_Bot,Bwd Seg Size Avg,0.6860458036404398,0.29919121935186466,7.140263536850174,2.801014983632972,0.29919121935186466
28,test_Bot,Fwd Pkt Len Mean,0.2839928083841611,0.4562959190302982,5.306445035965588,1.2217287724306587,0.2839928083841611
29,test_Bot,Fwd Seg Size Avg,0.2839928083841611,0.4562959190302982,5.306406894091413,1.2217287724306587,0.2839928083841611
30,test_Bot,Init Bwd Win Byts,0.2809147340875837,0.3301177723144365,3.8573482458770902,2.2121662465938874,0.2809147340875837
31,test_Bot,Fwd Pkt Len Max,0.2749241969173407,0.39827186362253075,6.1187578271276335,1.147927403281538,0.2749241969173407
32,test_Bot,RST Flag Cnt,0.32429607915295117,0.2692097552526079,0.4952920575704566,0.32129626868860034,0.2692097552526079
33,test_Bot,ECE Flag Cnt,0.3242951605117647,0.2692097552526079,0.4952886558603665,0.32129626868860034,0.2692097552526079
34,test_Bot,Fwd Pkt Len Std,0.2617369693522973,0.4551110350675164,1.7140817216767061,1.2081999690693639,0.2617369693522973
35,test_Bot,Flow IAT Std,0.4319120148771872,0.2524657146568553,3.364401406740783,0.9543120206545683,0.2524657146568553
36,test_Bot,Bwd IAT Mean,0.36554070845515607,0.2306038127529515,2.6622086460612038,1.5900060368142088,0.2306038127529515
37,test_Bot,Bwd IAT Tot,0.35617104080628115,0.22920140060958372,3.1412318570372433,2.0671638135091266,0.22920140060958372
38,test_Bot,Flow IAT Min,0.22612772748151022,0.5995558806278173,4.351298167365467,7.080981335866819,0.22612772748151022
39,test_Bot,Bwd IAT Max,0.3532976365416245,0.22373216686496833,3.1298928115316826,2.0527571859918945,0.22373216686496833
40,test_Bot,Bwd IAT Std,0.2937190337688569,0.22186968162828502,2.3101670069787996,2.0110059284327217,0.22186968162828502
41,test_Bot,Fwd IAT Std,0.3979379992661968,0.21158843476477318,2.5614025014173807,1.061581880976675,0.21158843476477318
42,test_Bot,Tot Bwd Pkts,0.30034403833487183,0.18858178880643173,5.203355261560093,0.14037001847110744,0.18858178880643173
43,test_Bot,Subflow Bwd Pkts,0.30034403833487183,0.18858178880643173,5.203355261560093,0.14037001847110744,0.18858178880643173
44,test_Bot,Bwd Header Len,0.2995535475939941,0.1885508905522878,7.2504614314552365,0.12856389440709076,0.1885508905522878
45,test_Bot,Fwd Act Data Pkts,0.2736516345428561,0.18408258725293836,2.493397700833996,0.1418118400150782,0.18408258725293836
46,test_Bot,ACK Flag Cnt,0.20720451578138588,0.1628904676846486,0.1840658002257462,0.10959680130152444,0.1628904676846486
47,test_Bot,Bwd IAT Min,0.303847332495201,0.16084632070399119,2.2145112650198895,0.09631122080596762,0.16084632070399119
48,test_Bot,Tot Fwd Pkts,0.36649151568777105,0.15354151916895453,5.579958011803829,0.45388992077545254,0.15354151916895453
49,test_Bot,Subflow Fwd Pkts,0.36649151568777105,0.15354151916895453,5.579958011803829,0.45388992077545254,0.15354151916895453
50,test_Bot,Fwd Header Len,0.3678915074081031,0.15263967526379496,7.811066147374501,2.7436906077178724,0.15263967526379496
51,test_Bot,Idle Mean,0.14602452318970238,0.14667744705953423,0.48701157869545814,0.48857554208708587,0.14602452318970238
52,test_Bot,Idle Max,0.14602452318970238,0.14667744705953423,0.4870121310109217,0.4892623952321114,0.14602452318970238
53,test_Bot,Idle Min,0.14602452318970238,0.14667744705953423,0.48701489258981295,0.4872243628671091,0.14602452318970238
54,test_Bot,PSH Flag Cnt,0.12258948267537056,0.1640184819669765,0.06116802144836755,0.11124104028964668,0.12258948267537056
55,test_Bot,URG Flag Cnt,0.04113880295821737,0.01752858405392632,0.0,0.0,0.01752858405392632
56,test_Bot,Active Mean,0.11745781380928266,0.010548118489070779,1.1618154747194067,0.0,0.010548118489070779
57,test_Bot,Active Max,0.11745781380928266,0.010548118489070779,1.161816644091017,0.0,0.010548118489070779
58,test_Bot,Active Min,0.11745781380928266,0.010548118489070779,0.6880437060909796,0.0,0.010548118489070779
59,test_Bot,Down/Up Ratio,0.008677871526540093,0.16249932085893237,0.0003014317811893763,0.11030057118348363,0.008677871526540093
60,test_Bot,Fwd Pkt Len Min,0.311961625200612,0.002706201262458574,3.395014082574875,0.0,0.002706201262458574
61,test_Bot,Idle Std,0.09287429024180516,0.00258871106238745,0.0,0.0,0.00258871106238745
62,test_Bot,Active Std,0.08156848129694083,0.0025860267620776423,0.0,0.0,0.0025860267620776423
63,test_Bot,Fwd PSH Flags,0.05281574294237812,0.0015002456415833532,0.0,0.0,0.0015002456415833532
64,test_Bot,SYN Flag Cnt,0.05281574294237812,0.0015002456415833532,0.0,0.0,0.0015002456415833532
65,test_Bot,Pkt Len Min,0.31039810877501683,0.0013233879359599854,3.5797984457756296,0.0,0.0013233879359599854
66,test_Bot,Protocol=17,0.3094713835461993,0.0013233879359599854,4.027104908754539,0.0,0.0013233879359599854
67,test_Bot,Protocol=0,0.01662379803772729,0.0009138889872835065,0.0,0.006224633779532759,0.0009138889872835065
68,test_Bot,FIN Flag Cnt,0.005611887143460392,0.0007190390328741803,0.0,0.0,0.0007190390328741803
69,test_Bot,Protocol=6,0.32609518158392664,0.00040949894867648145,2.046289869566193,0.00015178112378899937,0.00040949894867648145
70,test_Bot,Bwd Pkt Len Min,0.3121515192074552,0.0,3.5706454761756357,0.0,0
71,test_Bot,Bwd PSH Flags,0.0,0.0,0.0,0.0,0
72,test_Bot,Fwd URG Flags,0.0,0.0,0.0,0.0,0
73,test_Bot,Bwd URG Flags,0.0,0.0,0.0,0.0,0
74,test_Bot,CWE Flag Count,0.0,0.0,0.0,0.0,0
75,test_Bot,Fwd Byts/b Avg,0.0,0.0,0.0,0.0,0
76,test_Bot,Fwd Pkts/b Avg,0.0,0.0,0.0,0.0,0
77,test_Bot,Fwd Blk Rate Avg,0.0,0.0,0.0,0.0,0
78,test_Bot,Bwd Byts/b Avg,0.0,0.0,0.0,0.0,0
79,test_Bot,Bwd Pkts/b Avg,0.0,0.0,0.0,0.0,0
80,test_Bot,Bwd Blk Rate Avg,0.0,0.0,0.0,0.0,0
