feature,group,records,observed_records,missing_rate,mean,standard_deviation,median,p10,p25,p75,p90,p99
Dst Port,train,12795136,12795136,0.0,9560.48577647006,19519.608985585644,80.0,53.0,53.0,3389.0,51199.0,61805.0
Dst Port,validation,1652943,1652943,0.0,8738.641806765267,18136.139988034483,443.0,53.0,53.0,3389.0,50586.80000000005,58547.0
Dst Port,test,1374143,1374143,0.0,8513.866280292517,15915.247665561124,3389.0,53.0,80.0,8080.0,49489.0,58465.0
Dst Port,training_benign,10885643,10885643,0.0,11224.438556822046,20719.499499004716,443.0,53.0,53.0,3389.0,51847.0,62364.0
Dst Port,training_malicious,1909493,1909493,0.0,74.61914288243005,16.880567398827242,80.0,80.0,80.0,80.0,80.0,80.0
Dst Port,validation_Infilteration,68857,68857,0.0,8407.140043859012,18389.23973964969,443.0,53.0,53.0,2604.0,51819.0,56013.44
Dst Port,test_Infilteration,93040,93040,0.0,8918.056061908856,17641.54069304161,443.0,53.0,53.0,3814.0,51052.100000000006,55555.0
Dst Port,test_Bot,282310,282310,0.0,8730.173369699975,5294.722335386762,8080.0,8080.0,8080.0,8080.0,8080.0,51054.909999999974
Flow Duration,train,12795136,12795136,0.0,12022910.892056404,30604279.0713597,28569.5,87.0,717.0,3219035.0,54430369.0,118130031.9
Flow Duration,validation,1652943,1652943,0.0,16503795.264969815,35280286.80930314,35640.0,58.0,341.0,4091171.0,86209263.8,118184367.28
Flow Duration,test,1374143,1374143,0.0,12173613.064929923,31344209.0632471,11245.0,104.0,494.0,2173336.0,60558759.6,118143613.26
Flow Duration,training_benign,10885643,10885643,0.0,13353102.626227684,32563612.05225913,30403.0,76.0,468.0,3867625.0,60790081.80000004,118271025.96000001
Flow Duration,training_malicious,1909493,1909493,0.0,4439750.157903695,12785133.587200688,25481.0,1155.0,4312.0,1324395.0,16423290.000000002,58501550.08000013
Flow Duration,validation_Infilteration,68857,68857,0.0,12213453.42691375,32350717.571620736,1955.0,9.0,256.0,1395793.0,59563212.20000002,118305742.32000001
Flow Duration,test_Infilteration,93040,93040,0.0,10494114.094937662,30526574.90127997,906.0,13.0,244.0,874411.75,21045150.2,118266533.71000001
Flow Duration,test_Bot,282310,282310,0.0,76327.20050653537,2502237.258035248,9081.0,477.0,506.0,10935.0,11757.0,22959.81999999995
Tot Fwd Pkts,train,12795136,12795136,0.0,28.358745385746584,1712.3252122449605,2.0,1.0,1.0,5.0,10.0,30.0
Tot Fwd Pkts,validation,1652943,1652943,0.0,6.462556785079704,141.48938056061382,2.0,1.0,1.0,7.0,14.0,35.0
Tot Fwd Pkts,test,1374143,1374143,0.0,5.8223147081490065,85.84318862552001,2.0,1.0,2.0,7.0,11.0,34.0
Tot Fwd Pkts,training_benign,10885643,10885643,0.0,5.918459019830064,57.368999619399716,2.0,1.0,1.0,7.0,11.0,34.0
Tot Fwd Pkts,training_malicious,1909493,1909493,0.0,156.28639225176525,4428.220999519439,2.0,2.0,2.0,3.0,3.0,24.0
Tot Fwd Pkts,validation_Infilteration,68857,68857,0.0,4.665959887883584,9.972895389651255,2.0,1.0,1.0,5.0,11.0,36.0
Tot Fwd Pkts,test_Infilteration,93040,93040,0.0,4.961382201203783,57.58337204518922,1.0,1.0,1.0,3.0,9.0,36.0
Tot Fwd Pkts,test_Bot,282310,282310,0.0,2.573231553965499,1.5347826421618467,3.0,2.0,2.0,3.0,3.0,5.0
Tot Bwd Pkts,train,12795136,12795136,0.0,6.177367243302455,143.54662786596285,1.0,0.0,0.0,4.0,9.0,34.0
Tot Bwd Pkts,validation,1652943,1652943,0.0,8.404476137410667,266.324639918649,1.0,0.0,1.0,6.0,9.0,50.0
Tot Bwd Pkts,test,1374143,1374143,0.0,6.68916044400037,201.55499922460737,1.0,0.0,0.0,5.0,8.0,45.0
Tot Bwd Pkts,training_benign,10885643,10885643,0.0,6.881105599366064,155.604863401542,1.0,0.0,1.0,5.0,9.0,39.0
Tot Bwd Pkts,training_malicious,1909493,1909493,0.0,2.1654936676908476,4.749421674009848,0.0,0.0,0.0,4.0,4.0,22.0
Tot Bwd Pkts,validation_Infilteration,68857,68857,0.0,4.313925962501997,21.27225823514469,1.0,0.0,1.0,4.0,12.0,37.0
Tot Bwd Pkts,test_Infilteration,93040,93040,0.0,4.495808254514188,72.57915582542448,1.0,0.0,1.0,2.0,8.0,36.0
Tot Bwd Pkts,test_Bot,282310,282310,0.0,2.0505189330877402,2.5710556773727586,2.0,0.0,0.0,4.0,4.0,4.0
TotLen Fwd Pkts,train,12795136,12795136,0.0,1119.4709750642744,55612.07996083949,44.0,0.0,0.0,553.0,1148.0,2267.6500000003725
TotLen Fwd Pkts,validation,1652943,1652943,0.0,547.0876588000917,117856.34669385353,44.0,0.0,0.0,445.0,1148.0,3000.0
TotLen Fwd Pkts,test,1374143,1374143,0.0,412.6368936857372,12293.029284375254,49.0,0.0,0.0,373.0,1144.0,2280.0
TotLen Fwd Pkts,training_benign,10885643,10885643,0.0,431.7162545198295,10477.365678102893,54.0,0.0,31.0,896.0,1148.0,2450.0
TotLen Fwd Pkts,training_malicious,1909493,1909493,0.0,5040.224996897082,141702.9295444022,0.0,0.0,0.0,20.0,316.0,1960.0
TotLen Fwd Pkts,validation_Infilteration,68857,68857,0.0,321.7476654515881,2067.7241039695004,41.0,0.0,0.0,286.0,1132.0,2392.0
TotLen Fwd Pkts,test_Infilteration,93040,93040,0.0,677.3234845227859,46571.59384878949,35.0,0.0,0.0,80.0,1132.0,2360.0
TotLen Fwd Pkts,test_Bot,282310,282310,0.0,161.45300556126244,162.97170766731026,129.0,0.0,0.0,326.0,326.0,326.0
TotLen Bwd Pkts,train,12795136,12795136,0.0,4523.449719877929,207357.32177198777,109.0,0.0,0.0,706.0,1731.0,21114.0
TotLen Bwd Pkts,validation,1652943,1652943,0.0,7438.045901764308,369846.3569636121,95.0,0.0,0.0,582.0,3264.0,33906.48000000045
TotLen Bwd Pkts,test,1374143,1374143,0.0,4819.201946231215,290690.0792873843,113.0,0.0,0.0,488.0,1731.0,23836.320000000298
TotLen Bwd Pkts,training_benign,10885643,10885643,0.0,5248.793522073064,224801.2067209877,130.0,0.0,0.0,582.0,2118.0,26087.0
TotLen Bwd Pkts,training_malicious,1909493,1909493,0.0,388.40775692814793,1150.8340548702681,0.0,0.0,0.0,935.0,964.0,2665.0
TotLen Bwd Pkts,validation_Infilteration,68857,68857,0.0,1896.9571866331673,28134.285495908294,73.0,0.0,0.0,278.0,3773.0,24357.200000000128
TotLen Bwd Pkts,test_Infilteration,93040,93040,0.0,1929.8117476354257,97479.91614676132,47.0,0.0,0.0,172.0,1581.0,17450.050000000003
TotLen Bwd Pkts,test_Bot,282310,282310,0.0,68.24814211327973,71.57329867342834,129.0,0.0,0.0,129.0,129.0,326.0
Fwd Pkt Len Max,train,12795136,12795136,0.0,210.32272732388307,312.8357746746583,41.0,0.0,0.0,316.0,677.0,935.0
Fwd Pkt Len Max,validation,1652943,1652943,0.0,177.12147363823192,276.5376743431011,40.0,0.0,0.0,194.0,677.0,1078.0
Fwd Pkt Len Max,test,1374143,1374143,0.0,200.1268892684386,267.1483109362841,43.0,0.0,0.0,326.0,677.0,821.0
Fwd Pkt Len Max,training_benign,10885643,10885643,0.0,234.66186122399935,326.0033571303253,45.0,0.0,30.0,436.0,725.0,944.0
Fwd Pkt Len Max,training_malicious,1909493,1909493,0.0,71.57012515887725,165.17219686922488,0.0,0.0,0.0,20.0,315.0,640.0
Fwd Pkt Len Max,validation_Infilteration,68857,68857,0.0,152.53326459183526,263.1529987731169,40.0,0.0,0.0,140.0,619.0,1078.0
Fwd Pkt Len Max,test_Infilteration,93040,93040,0.0,127.9408856405847,242.859524574602,33.0,0.0,0.0,51.0,661.0,958.0
Fwd Pkt Len Max,test_Bot,282310,282310,0.0,161.18505897771954,162.8876947822298,112.0,0.0,0.0,326.0,326.0,326.0
Fwd Pkt Len Min,train,12795136,12795136,0.0,11.168756080435566,23.137749708635546,0.0,0.0,0.0,30.0,42.0,63.0
Fwd Pkt Len Min,validation,1652943,1652943,0.0,13.806741672277871,30.877409462796418,0.0,0.0,0.0,33.0,43.0,70.0
Fwd Pkt Len Min,test,1374143,1374143,0.0,10.212637986002912,27.453922010620786,0.0,0.0,0.0,0.0,41.0,61.0
Fwd Pkt Len Min,training_benign,10885643,10885643,0.0,13.116457153702358,24.55759464225873,0.0,0.0,0.0,33.0,43.0,66.0
Fwd Pkt Len Min,training_malicious,1909493,1909493,0.0,0.06529639019362732,2.093824175989405,0.0,0.0,0.0,0.0,0.0,0.0
Fwd Pkt Len Min,validation_Infilteration,68857,68857,0.0,15.65094325921838,25.909888581163884,0.0,0.0,0.0,36.0,44.0,77.0
Fwd Pkt Len Min,test_Infilteration,93040,93040,0.0,12.427472055030094,27.10189059835168,0.0,0.0,0.0,32.0,42.0,65.0
Fwd Pkt Len Min,test_Bot,282310,282310,0.0,0.0007934540044631788,0.29810437589981603,0.0,0.0,0.0,0.0,0.0,0.0
Fwd Pkt Len Mean,train,12795136,12795136,0.0,52.17549368730147,61.238056237136036,37.0,0.0,0.0,72.91666666666667,143.5,192.29999999999998
Fwd Pkt Len Mean,validation,1652943,1652943,0.0,46.30566624788066,58.10831725945995,36.0,0.0,0.0,55.0,114.8,234.0
Fwd Pkt Len Mean,test,1374143,1374143,0.0,52.79314431205955,58.735649939648525,38.0,0.0,0.0,108.6666667,141.0,192.6094444560003
Fwd Pkt Len Mean,training_benign,10885643,10885643,0.0,58.30060671553911,62.57969357484665,40.0,0.0,15.5,75.83333333333333,143.5,199.4
Fwd Pkt Len Mean,training_malicious,1909493,1909493,0.0,17.25743231706107,37.012734975932226,0.0,0.0,0.0,6.666666667,89.0,119.0
Fwd Pkt Len Mean,validation_Infilteration,68857,68857,0.0,43.37327820323944,52.35152688109559,35.11764706,0.0,0.0,50.0,118.0,227.25
Fwd Pkt Len Mean,test_Infilteration,93040,93040,0.0,36.05098497787778,53.04561066082983,27.0,0.0,0.0,45.0,114.8,179.1879545490001
Fwd Pkt Len Mean,test_Bot,282310,282310,0.0,53.55361232645325,54.38377860984167,25.8,0.0,0.0,108.6666667,108.6666667,108.6666667
Fwd Pkt Len Std,train,12795136,12795136,0.0,75.14887894537966,122.16005061649486,0.0,0.0,0.0,110.16101984094765,228.12966237897004,418.1447118
Fwd Pkt Len Std,validation,1652943,1652943,0.0,54.559310678860506,91.1453988572992,0.0,0.0,0.0,84.9955881208,205.451129631,355.6745374582507
Fwd Pkt Len Std,test,1374143,1374143,0.0,71.48093702481751,96.05023740462975,0.0,0.0,0.0,188.2161878,222.6233206,273.7052638
Fwd Pkt Len Std,training_benign,10885643,10885643,0.0,83.23626534306355,128.18210084595188,0.0,0.0,0.0,140.5032751564,229.2132437515579,418.1447118
Fwd Pkt Len Std,training_malicious,1909493,1909493,0.0,29.0442840983482,61.88862754476882,0.0,0.0,0.0,11.54700538,150.6884203,205.5366958
Fwd Pkt Len Std,validation_Infilteration,68857,68857,0.0,46.71684397489948,88.80164289901877,0.0,0.0,0.0,52.48523602,205.4511296,360.1013570280008
Fwd Pkt Len Std,test_Infilteration,93040,93040,0.0,39.36245739833838,82.85955417329806,0.0,0.0,0.0,23.45918441,209.0799953,277.7732889
Fwd Pkt Len Std,test_Bot,282310,282310,0.0,92.81531541605204,94.12772265482384,48.74628191,0.0,0.0,188.2161878,188.2161878,188.2161878
Bwd Pkt Len Max,train,12795136,12795136,0.0,361.06164201771674,496.2540874806729,101.0,0.0,0.0,488.0,1173.0,1460.0
Bwd Pkt Len Max,validation,1652943,1652943,0.0,359.29364835932034,526.6291144066098,84.0,0.0,0.0,488.0,1430.0,1460.0
Bwd Pkt Len Max,test,1374143,1374143,0.0,342.13412214012664,508.1623329991107,101.0,0.0,0.0,409.0,1173.0,1460.0
Bwd Pkt Len Max,training_benign,10885643,10885643,0.0,371.91187980351737,504.2607681712734,113.0,0.0,0.0,488.0,1175.0,1460.0
Bwd Pkt Len Max,training_malicious,1909493,1909493,0.0,299.2065763006201,442.8350936348486,0.0,0.0,0.0,935.0,964.0,976.0
Bwd Pkt Len Max,validation_Infilteration,68857,68857,0.0,332.6499557053023,534.7538313959119,68.0,0.0,0.0,189.0,1460.0,1460.0
Bwd Pkt Len Max,test_Infilteration,93040,93040,0.0,264.4940563198624,480.3742011796613,46.0,0.0,0.0,139.0,1173.0,1460.0
Bwd Pkt Len Max,test_Bot,282310,282310,0.0,59.89669866458857,64.64425568615687,112.0,0.0,0.0,112.0,112.0,326.0
Bwd Pkt Len Min,train,12795136,12795136,0.0,27.09353069791521,51.342158551216706,0.0,0.0,0.0,51.0,107.0,206.0
Bwd Pkt Len Min,validation,1652943,1652943,0.0,31.244402862046666,54.43586408746271,0.0,0.0,0.0,58.0,116.0,211.0
Bwd Pkt Len Min,test,1374143,1374143,0.0,22.90194251981053,48.331376681291786,0.0,0.0,0.0,0.0,100.0,198.0
Bwd Pkt Len Min,training_benign,10885643,10885643,0.0,31.846112351838105,54.286831168462975,0.0,0.0,0.0,60.0,119.0,211.0
Bwd Pkt Len Min,training_malicious,1909493,1909493,0.0,0.0,0.0,0.0,0.0,0.0,0.0,0.0,0.0
Bwd Pkt Len Min,validation_Infilteration,68857,68857,0.0,37.380585851837864,57.114823465436906,0.0,0.0,0.0,67.0,126.0,213.0
Bwd Pkt Len Min,test_Infilteration,93040,93040,0.0,28.454223989681857,51.1203390994931,0.0,0.0,0.0,56.0,107.0,198.0
Bwd Pkt Len Min,test_Bot,282310,282310,0.0,0.0,0.0,0.0,0.0,0.0,0.0,0.0,0.0
Bwd Pkt Len Mean,train,12795136,12795136,0.0,116.55903613364187,162.13458059845564,72.0,0.0,0.0,167.0,241.0,824.25
Bwd Pkt Len Mean,validation,1652943,1652943,0.0,121.38291328682135,184.17656744925375,63.0,0.0,0.0,168.0,257.6956521739,972.71875
Bwd Pkt Len Mean,test,1374143,1374143,0.0,104.41232141613432,168.7036194576118,50.42857143,0.0,0.0,158.0,225.8571429,917.5203864480003
Bwd Pkt Len Mean,training_benign,10885643,10885643,0.0,124.8736987840679,168.78755255624776,88.0,0.0,0.0,165.77777777777777,225.8571428571429,887.9306710310976
Bwd Pkt Len Mean,training_malicious,1909493,1909493,0.0,69.15878419348151,105.33633986752973,0.0,0.0,0.0,233.75,241.0,243.0
Bwd Pkt Len Mean,validation_Infilteration,68857,68857,0.0,123.46170599598629,184.6167692189126,62.0,0.0,0.0,156.0,368.8333333,903.5555556
Bwd Pkt Len Mean,test_Infilteration,93040,93040,0.0,91.82272339574563,162.61998701002926,36.25,0.0,0.0,125.875,225.8571429,851.625
Bwd Pkt Len Mean,test_Bot,282310,282310,0.0,18.203073413261574,24.004412250252457,32.25,0.0,0.0,32.25,32.25,163.0
Bwd Pkt Len Std,train,12795136,12795136,0.0,137.40298361226536,205.58568829128953,0.0,0.0,0.0,244.0,467.5,687.9225454740007
Bwd Pkt Len Std,validation,1652943,1652943,0.0,126.80484618532374,212.4967633900866,0.0,0.0,0.0,221.0432084458,444.8953868756,695.4516518062
Bwd Pkt Len Std,test,1374143,1374143,0.0,122.25161779740343,198.47502523361578,0.0,0.0,0.0,188.6864368,430.0986044,685.4902721220004
Bwd Pkt Len Std,training_benign,10885643,10885643,0.0,137.19481316874413,204.85649027019235,0.0,0.0,0.0,240.4163056,430.09860441974183,694.4402550667285
Bwd Pkt Len Std,training_malicious,1909493,1909493,0.0,138.58972225510095,209.69032825374444,0.0,0.0,0.0,467.5,482.0,482.0
Bwd Pkt Len Std,validation_Infilteration,68857,68857,0.0,117.686893809545,226.21359656315286,0.0,0.0,0.0,61.79805822,539.6978041,704.586888448
Bwd Pkt Len Std,test_Infilteration,93040,93040,0.0,91.8087413426578,198.8192867679496,0.0,0.0,0.0,0.0,430.0986044,697.8244956220001
Bwd Pkt Len Std,test_Bot,282310,282310,0.0,29.7786988382085,36.4297122541511,53.7672453,0.0,0.0,53.7672453,53.7672453,230.5168107
Flow Byts/s,train,12795136,12718237,0.00601001818190916,266851.3776954963,3741131.287855008,825.7357506086204,0.0,0.0,79357.16955,338870.4318936877,1107508.532423208
Flow Byts/s,validation,1652943,1642455,0.0063450463809097135,274329.1090032602,3886121.4037992493,814.837758605,0.0,0.0,76664.4250168124,312292.358803987,1078073.089701
Flow Byts/s,test,1374143,1367182,0.005065702768925817,218182.3335038094,3204179.0777126434,1069.6305655,0.0,0.0,42503.50304,235472.7047800018,939393.9394
Flow Byts/s,training_benign,10885643,10808750,0.007063707674411113,309739.6852336395,4055479.297737989,1208.4914718530943,0.0,23.0152704217152,110340.04163775156,374358.9743589744,1142721.218
Flow Byts/s,training_malicious,1909493,1909487,3.142195336702791e-06,24079.89294440582,231420.65062847506,0.0,0.0,0.0,676.7286497,14257.306987422637,861977.0581539976
Flow Byts/s,validation_Infilteration,68857,68224,0.009192965130633057,314223.52216783096,3658994.8381054206,1607.042275,0.0,0.0,107712.61417500001,311594.2029,1309135.0091400214
Flow Byts/s,test_Infilteration,93040,92380,0.007093723129836582,237663.18408917537,3052655.203830081,141.6247069,0.0,0.0,46129.05251,260371.9599,923852.4464740093
Flow Byts/s,test_Bot,282310,282310,0.0,20648.768705258717,20981.834385013026,9495.395238000001,0.0,0.0,41731.6335,44871.79487,49667.06691
Flow Pkts/s,train,12795136,12718237,0.00601001818190916,30921.82038694065,212607.6013619044,111.65698972755693,0.3324084327132222,4.613503725404258,4794.520548,21978.021978022,1000000.0
Flow Pkts/s,validation,1652943,1642455,0.0063450463809097135,45139.48645294979,245528.6539776865,105.4268469466,0.24856332326000002,4.75637137725,6637.1681415929,32258.064516129,2000000.0
Flow Pkts/s,test,1374143,1367182,0.005065702768925817,35993.692070341465,218694.5265529041,613.8735421,0.37865985100000005,6.769759765,4166.666667,17241.37931,1000000.0
Flow Pkts/s,training_benign,10885643,10808750,0.007063707674411113,32521.402531309755,222154.11806056098,108.42459069717012,0.3536204669874148,4.15917496933782,5780.346820809248,24691.358024691355,2000000.0
Flow Pkts/s,training_malicious,1909493,1909487,3.142195336702791e-06,21867.302863150486,147008.94762639207,117.5044197685,0.13147718419999999,5.250668804,632.3967838,2157.497303,666666.666666667
Flow Pkts/s,validation_Infilteration,68857,68224,0.009192965130633057,115686.81922378644,371704.2102593579,982.8009828,0.441292165,8.955066166249999,8196.721311,142857.1429,2000000.0
Flow Pkts/s,test_Infilteration,93040,92380,0.007093723129836582,102795.55805074643,333897.6342459673,2229.654404,0.4757670859,10.681387042499999,8230.452675,117647.0588,2000000.0
Flow Pkts/s,test_Bot,282310,282310,0.0,2211.974574224138,1641.0877966234148,776.9145394,596.5570138,640.6736226,3952.56917,4192.872117,4545.454545
Flow IAT Mean,train,12795136,12795136,0.0,3112317.604049435,12629826.808193987,13859.0,83.0,368.0,248305.1667,3290894.441269841,85956611.95000002
Flow IAT Mean,validation,1652943,1652943,0.0,6233582.245553843,20355805.442379296,14006.6666666667,48.0,287.0,252944.43358806398,4492924.961538465,86399992.16
Flow IAT Mean,test,1374143,1374143,0.0,3849039.6579191694,15781040.529161066,1935.666667,92.0,473.0,159336.07145,2827990.9662,86200000.0
Flow IAT Mean,training_benign,10885643,10885643,0.0,3029223.3053267933,13010723.254061518,13455.0,68.5,303.0,274402.03125,2971501.164102564,86127555.38
Flow IAT Mean,training_malicious,1909493,1909493,0.0,3586021.813088185,10177056.506685924,14982.0,858.0,2529.333333,222591.1667,15100000.0,41200000.0
Flow IAT Mean,validation_Infilteration,68857,68857,0.0,865381.2796062236,4329215.882382006,1867.0,8.43333333320006,219.0,122213.7857,2488925.1672,10800000.0
Flow IAT Mean,test_Infilteration,93040,93040,0.0,1025889.4286431797,6109973.376304152,844.6,12.0,240.0,100566.303575,2231090.7996000024,12000000.0
Flow IAT Mean,test_Bot,282310,282310,0.0,3362.6816383459745,85850.06828287913,1500.5,476.0,506.0,1820.833333,1955.333333,3686.6366669399913
Flow IAT Std,train,12795136,12795136,0.0,1030213.4918212087,3674843.5477314694,101.45713380506706,0.0,0.0,248009.60188296574,2162099.0462206276,16881832.03773583
Flow IAT Std,validation,1652943,1652943,0.0,1047715.1150577827,3519653.7867074246,1.4142135624,0.0,0.0,245493.05047696852,3073565.971923206,16461658.522405103
Flow IAT Std,test,1374143,1374143,0.0,824057.6558580018,3181644.49685224,153.4421715,0.0,0.0,241625.55565,1723630.7354000015,15900000.0
Flow IAT Std,training_benign,10885643,10885643,0.0,1161573.7772988111,3790665.9402956828,233.0688024,0.0,0.0,252025.35757228793,2821307.1456158715,18721157.72018402
Flow IAT Std,training_malicious,1909493,1909493,0.0,281354.41138087347,2813535.7864778787,0.0,0.0,0.0,13877.9732155934,534091.74018,2623911.4833178152
Flow IAT Std,validation_Infilteration,68857,68857,0.0,1191423.491335518,3467982.0835185573,0.0,0.0,0.0,194751.2989,4319729.430600001,16500000.0
Flow IAT Std,test_Infilteration,93040,93040,0.0,981083.8513903009,3258617.1410583984,0.0,0.0,0.0,119518.7015,3000847.5689000003,16500000.0
Flow IAT Std,test_Bot,282310,282310,0.0,9131.357129057573,253519.09991057988,3230.2077335000004,0.0,0.0,3996.8592879999997,4314.822556900001,8482.998870599975
Flow IAT Max,train,12795136,12795136,0.0,5962194.9819422,16438780.356816074,24349.0,85.0,516.0,1350966.75,10171002.0,86100052.95
Flow IAT Max,validation,1652943,1652943,0.0,9259052.836421462,22655621.439100944,25368.0,51.0,305.0,1212568.5,54221339.2,86427150.46000001
Flow IAT Max,test,1374143,1374143,0.0,6213655.27025426,18450252.827859394,10293.0,99.0,481.0,953181.0,10000000.0,86200000.0
Flow IAT Max,training_benign,10885643,10885643,0.0,6287511.503278309,17169047.007037632,24321.0,72.0,366.0,1419989.5,10090125.600000001,86189640.92
Flow IAT Max,training_malicious,1909493,1909493,0.0,4107629.6532048034,11237340.14695143,24460.0,989.0,4216.0,1318166.0,16004666.200000001,44200000.0
Flow IAT Max,validation_Infilteration,68857,68857,0.0,4368240.081487721,12717043.243488345,1951.0,9.0,245.0,937888.0,10100000.0,58900000.0
Flow IAT Max,test_Infilteration,93040,93040,0.0,3756975.8037188305,12445632.442483464,903.0,12.0,243.0,501275.25,10000000.0,58900000.0
Flow IAT Max,test_Bot,282310,282310,0.0,32556.779178916793,977559.8640097311,8131.0,477.0,506.0,9971.0,10752.0,21071.909999999974
Flow IAT Min,train,12795136,12795136,0.0,2660787.9752793564,12592299.645218622,54.0,1.0,6.0,1047.0,29844.0,85956611.95000002
Flow IAT Min,validation,1652943,1652943,0.0,5764406.64229196,20407471.797025595,71.0,1.0,12.0,841.0,142432.0000000021,86399992.16
Flow IAT Min,test,1374143,1374143,0.0,3469926.1763841175,15776344.715803083,59.0,1.0,8.0,505.0,12724.0,86200000.0
Flow IAT Min,training_benign,10885643,10885643,0.0,2523337.2520480417,12978069.689113114,47.0,1.0,6.0,487.0,16584.0,86127555.38
Flow IAT Min,training_malicious,1909493,1909493,0.0,3444367.4401885737,10080177.62372392,2324.0,3.0,5.0,24063.0,14651480.0,41000000.0
Flow IAT Min,validation_Infilteration,68857,68857,0.0,349932.6162336436,4095820.158802976,42.0,1.0,3.0,544.0,12322.400000000001,4917445.92
Flow IAT Min,test_Infilteration,93040,93040,0.0,561677.149011178,5945316.452079087,218.0,1.0,12.0,397.0,2591.2000000000116,4996346.66
Flow IAT Min,test_Bot,282310,282310,0.0,270.0373525557012,528.1685814566007,34.0,1.0,15.0,504.0,579.0,729.0
Fwd IAT Tot,train,12795136,12795136,0.0,11739942.595281754,30524172.2412815,11291.0,0.0,0.0,2550327.0,54314952.5,118089796.6
Fwd IAT Tot,validation,1652943,1652943,0.0,16063273.029763278,35249142.50343031,20244.0,0.0,0.0,3829825.5,86203876.0,118047729.0
Fwd IAT Tot,test,1374143,1374143,0.0,11904582.129296588,31240321.735810477,595.0,0.0,1.0,1777233.0,60300000.0,118000000.0
Fwd IAT Tot,training_benign,10885643,10885643,0.0,13062884.160872169,32473594.159659084,15313.0,0.0,0.0,2992377.5,60544696.0,118231391.54
Fwd IAT Tot,training_malicious,1909493,1909493,0.0,4198113.642319716,12835783.094539056,8874.0,346.0,1211.0,59841.0,16400000.0,58000000.0
Fwd IAT Tot,validation_Infilteration,68857,68857,0.0,11586929.00682574,32307916.651136152,136.0,0.0,0.0,456647.0,58200000.0,118000000.0
Fwd IAT Tot,test_Infilteration,93040,93040,0.0,10055024.24799011,30422046.74161918,0.0,0.0,0.0,556781.5,11100000.0,118000000.0
Fwd IAT Tot,test_Bot,282310,282310,0.0,69883.58198434346,2495154.24296424,529.0,465.0,490.0,595.0,665.0,11897.0
Fwd IAT Mean,train,12795136,12795136,0.0,3454253.8062445335,12863095.543946216,6027.0,0.0,0.0,344439.96071428567,6065123.437799041,86019659.7
Fwd IAT Mean,validation,1652943,1652943,0.0,6548235.404363303,20387540.299551457,10087.1428571429,0.0,0.0,329731.80952380947,7895242.466933334,86402061.30000001
Fwd IAT Mean,test,1374143,1374143,0.0,4128118.8633993277,15882510.55899427,504.0,0.0,1.0,276181.54465,5068916.177400008,86200000.0
Fwd IAT Mean,training_benign,10885643,10885643,0.0,3414699.5942643974,13178436.581127908,5081.666666666667,0.0,0.0,388574.25,5624967.590476197,86132991.44
Fwd IAT Mean,training_malicious,1909493,1909493,0.0,3679744.5678038015,10889659.132213859,6697.0,176.0,934.0,29354.0,15300000.0,41700000.0
Fwd IAT Mean,validation_Infilteration,68857,68857,0.0,1203254.8442499635,4840602.71085441,112.0,0.0,0.0,182695.8182,4259363.8998,15600000.0
Fwd IAT Mean,test_Infilteration,93040,93040,0.0,1311785.1316830977,6470518.403709992,0.0,0.0,0.0,198999.0714,2754583.6750000003,20000000.0
Fwd IAT Mean,test_Bot,282310,282310,0.0,2510.5354699643312,80014.55147371847,447.0,251.0,279.0,510.0,610.0,2983.7274999999936
Fwd IAT Std,train,12795136,12795136,0.0,1170181.5230874722,4271253.644330716,0.0,0.0,0.0,193784.91148121218,2231741.1315011256,22719765.811812446
Fwd IAT Std,validation,1652943,1652943,0.0,1146579.47106965,4131887.962532621,0.0,0.0,0.0,149465.64960316702,2407121.1037517334,22090695.348168015
Fwd IAT Std,test,1374143,1374143,0.0,914050.904092819,3692799.5569384857,0.0,0.0,0.0,185782.40725,673762.9457400008,21300000.0
Fwd IAT Std,training_benign,10885643,10885643,0.0,1356955.8563154382,4574787.151107205,0.0,0.0,0.0,381432.6679516167,2977672.4122841572,22880177.980041686
Fwd IAT Std,training_malicious,1909493,1909493,0.0,105417.88526179123,1266476.3273075756,0.0,0.0,0.0,260.2152955,11830.60356,2659609.51204
Fwd IAT Std,validation_Infilteration,68857,68857,0.0,1326431.0539956468,4434305.328939812,0.0,0.0,0.0,43470.10885,4140855.0342,22700000.0
Fwd IAT Std,test_Infilteration,93040,93040,0.0,1106590.2303757987,4128128.876262327,0.0,0.0,0.0,26482.384957500002,2121148.4456000007,22600000.0
Fwd IAT Std,test_Bot,282310,282310,0.0,6836.512934636025,241317.54653080623,211.4249276,0.0,0.0,312.5411973,354.9676042,5296.709189219995
Fwd IAT Max,train,12795136,12795136,0.0,5775706.810387088,16360279.690656487,11073.0,0.0,0.0,1200565.0,10187233.0,86083604.95
Fwd IAT Max,validation,1652943,1652943,0.0,8941887.236172087,22599500.383613177,18132.0,0.0,0.0,1229495.0,54177066.0,86419351.38
Fwd IAT Max,test,1374143,1374143,0.0,6050846.058934187,18329921.587535135,552.0,0.0,1.0,1120298.0,10100000.0,86200000.0
Fwd IAT Max,training_benign,10885643,10885643,0.0,6106745.37844719,17072936.273800477,14982.0,0.0,0.0,1238193.5,10109173.0,86175082.18
Fwd IAT Max,training_malicious,1909493,1909493,0.0,3888521.221786621,11297917.298838137,8750.0,327.0,1136.0,44726.0,16004666.200000001,44200000.0
Fwd IAT Max,validation_Infilteration,68857,68857,0.0,3922569.61402617,12547173.565942151,131.0,0.0,0.0,247226.0,10000000.0,58900000.0
Fwd IAT Max,test_Infilteration,93040,93040,0.0,3536920.6442067926,12356521.782429436,0.0,0.0,0.0,250009.0,6015295.3,58900000.0
Fwd IAT Max,test_Bot,282310,282310,0.0,26625.875870496973,958951.3156013332,503.0,441.0,472.0,552.0,632.0,10910.0
Fwd IAT Min,train,12795136,12795136,0.0,2751964.789711731,12785530.628534678,38.0,0.0,0.0,1000.0,77905.0,86019659.7
Fwd IAT Min,validation,1652943,1652943,0.0,5838476.234815114,20451898.63844617,37.0,0.0,0.0,903.0,417329.40000000014,86402061.30000001
Fwd IAT Min,test,1374143,1374143,0.0,3556284.4694562354,15864423.37688675,53.0,0.0,0.0,497.0,52937.80000000005,86200000.0
Fwd IAT Min,training_benign,10885643,10885643,0.0,2599282.130831408,13084041.335612739,24.0,0.0,0.0,207.0,55231.0,86132991.44
Fwd IAT Min,training_malicious,1909493,1909493,0.0,3622378.515691338,10888329.29963594,2463.0,2.0,274.0,24440.0,15100000.0,41700000.0
Fwd IAT Min,validation_Infilteration,68857,68857,0.0,406737.0544316482,4249942.48376124,12.0,0.0,0.0,179.0,36944.200000000004,4999076.920000001
Fwd IAT Min,test_Infilteration,93040,93040,0.0,626389.7040950129,6065937.06464506,0.0,0.0,0.0,87.0,32050.100000000064,6318443.570000021
Fwd IAT Min,test_Bot,282310,282310,0.0,343.117087598739,4922.787965337581,135.0,50.0,53.0,504.0,580.0,731.0
Bwd IAT Tot,train,12795136,12795136,0.0,7703099.466347603,26012695.973732192,0.0,0.0,0.0,643615.5,5709188.5,117723671.60000002
Bwd IAT Tot,validation,1652943,1652943,0.0,8997989.142856712,27973999.164101694,0.0,0.0,0.0,1119457.5,10081974.400000002,117888928.0
Bwd IAT Tot,test,1374143,1374143,0.0,7186077.924245148,25272599.422698025,0.0,0.0,0.0,1066137.0,4510570.600000003,118000000.0
Bwd IAT Tot,training_benign,10885643,10885643,0.0,8920236.593368072,27886098.100034263,0.0,0.0,0.0,1034688.5,9859232.000000041,117894252.38
Bwd IAT Tot,training_malicious,1909493,1909493,0.0,764440.7507668266,6666074.568488695,0.0,0.0,0.0,16214.0,1295768.2000000002,6955827.280000001
Bwd IAT Tot,validation_Infilteration,68857,68857,0.0,10348286.619094646,29959590.320269894,0.0,0.0,0.0,157655.0,21500000.0,118000000.0
Bwd IAT Tot,test_Infilteration,93040,93040,0.0,8602149.105438521,27863866.330639493,0.0,0.0,0.0,66499.0,10500000.0,118000000.0
Bwd IAT Tot,test_Bot,282310,282310,0.0,6837.562098402465,191080.39871709578,52.0,0.0,0.0,10388.0,11167.0,21374.81999999995
Bwd IAT Mean,train,12795136,12795136,0.0,872962.8039375031,4615960.213359907,0.0,0.0,0.0,186182.5,1037240.9772727273,10683420.513636395
Bwd IAT Mean,validation,1652943,1652943,0.0,790937.1593733593,3310598.4422309846,0.0,0.0,0.0,223817.58335,1838589.8000000024,10015307.503636356
Bwd IAT Mean,test,1374143,1374143,0.0,643782.8312266526,3067313.238867218,0.0,0.0,0.0,216281.25,658811.8999800001,9796810.018000005
Bwd IAT Mean,training_benign,10885643,10885643,0.0,960502.7216412396,4635209.796274689,0.0,0.0,0.0,231369.0,1726587.2115942084,10754998.074545456
Bwd IAT Mean,training_malicious,1909493,1909493,0.0,373914.9978590038,4472040.672808261,0.0,0.0,0.0,5411.0,432114.06664000003,3452380.520000005
Bwd IAT Mean,validation_Infilteration,68857,68857,0.0,977956.0561324862,3866216.6900145174,0.0,0.0,0.0,59865.0,3148826.2826000014,10700000.0
Bwd IAT Mean,test_Infilteration,93040,93040,0.0,885061.7551016712,3757531.8937101425,0.0,0.0,0.0,32782.875,1427584.8492000022,11700000.0
Bwd IAT Mean,test_Bot,282310,282310,0.0,2357.768630341355,64146.65409079358,52.0,0.0,0.0,3458.666667,3714.666667,6862.970000029992
Bwd IAT Std,train,12795136,12795136,0.0,876288.1545217042,3453160.4316781643,0.0,0.0,0.0,45703.68041593005,1234721.742670665,21213588.862360366
Bwd IAT Std,validation,1652943,1652943,0.0,959455.7603922588,3417922.0471664034,0.0,0.0,0.0,68922.3911461976,3161203.2264592764,21089038.82339243
Bwd IAT Std,test,1374143,1374143,0.0,741458.3375846152,3062687.495774967,0.0,0.0,0.0,43347.552865000005,586555.2505600012,20100000.0
Bwd IAT Std,training_benign,10885643,10885643,0.0,983054.3156854211,3650508.4531457247,0.0,0.0,0.0,73184.84475,2923359.2407428497,21818962.33505317
Bwd IAT Std,training_malicious,1909493,1909493,0.0,267635.3263056842,1870012.9055259381,0.0,0.0,0.0,7545.598209,743959.24788,2889267.774976578
Bwd IAT Std,validation_Infilteration,68857,68857,0.0,1202397.2539970176,3961781.6199286394,0.0,0.0,0.0,12309.51117,4204182.991000001,22000000.0
Bwd IAT Std,test_Infilteration,93040,93040,0.0,958594.508457325,3712524.0200561644,0.0,0.0,0.0,0.0,1521552.8006000195,21900000.0
Bwd IAT Std,test_Bot,282310,282310,0.0,3570.3593049705964,110079.11970889794,0.0,0.0,0.0,5595.28462975,6037.7157052,11292.071958899985
Bwd IAT Max,train,12795136,12795136,0.0,2700299.946935304,10464630.245937278,0.0,0.0,0.0,242044.25,5003033.5,58996131.150000006
Bwd IAT Max,validation,1652943,1652943,0.0,2877905.4990825453,10398353.814789692,0.0,0.0,0.0,536281.0,6642762.200000001,58859272.660000004
Bwd IAT Max,test,1374143,1374143,0.0,2249073.384764904,9295038.973629305,0.0,0.0,0.0,379769.5,2158476.600000019,58800000.0
Bwd IAT Max,training_benign,10885643,10885643,0.0,3059963.948384675,11070219.380102592,0.0,0.0,0.0,393188.0,6288226.00000003,59020432.9
Bwd IAT Max,training_malicious,1909493,1909493,0.0,649926.4081324205,5497389.869478621,0.0,0.0,0.0,14001.0,1295076.8,6471243.12000004
Bwd IAT Max,validation_Infilteration,68857,68857,0.0,3615235.0458922116,11784456.179008689,0.0,0.0,0.0,111114.0,10000000.0,58900000.0
Bwd IAT Max,test_Infilteration,93040,93040,0.0,2882145.355083835,10743708.154570501,0.0,0.0,0.0,60894.5,6015617.3,58900000.0
Bwd IAT Max,test_Bot,282310,282310,0.0,6489.189685097942,190872.99004118328,52.0,0.0,0.0,9920.0,10685.0,20199.81999999995
Bwd IAT Min,train,12795136,12795136,0.0,325674.9500223366,4105331.024212685,0.0,0.0,0.0,252.0,105299.0,653814.3500000071
Bwd IAT Min,validation,1652943,1652943,0.0,187186.94060714738,2654686.3409706266,0.0,0.0,0.0,28.0,109668.0,810311.0
Bwd IAT Min,test,1374143,1374143,0.0,169998.5747902511,2465532.7900460362,0.0,0.0,0.0,60.0,110597.0,659626.2600000035
Bwd IAT Min,training_benign,10885643,10885643,0.0,347553.31911261467,4141395.8362258757,0.0,0.0,0.0,750.0,120868.0,1022360.4800000004
Bwd IAT Min,training_malicious,1909493,1909493,0.0,200950.68272258659,3891008.1244784202,0.0,0.0,0.0,20.0,28.0,717.0
Bwd IAT Min,validation_Infilteration,68857,68857,0.0,253394.5342666686,3126530.634947873,0.0,0.0,0.0,1.0,65307.000000000015,3015740.24
Bwd IAT Min,test_Infilteration,93040,93040,0.0,263649.68041702494,2950664.443846691,0.0,0.0,0.0,1.0,106978.20000000001,6000230.0
Bwd IAT Min,test_Bot,282310,282310,0.0,177.95318621373667,8976.24111810636,0.0,0.0,0.0,16.0,42.0,89.0
Fwd PSH Flags,train,12795136,12795136,0.0,0.04516825768792141,0.20767302710115937,0.0,0.0,0.0,0.0,0.0,1.0
Fwd PSH Flags,validation,1652943,1652943,0.0,0.0486901242208594,0.21521941367873085,0.0,0.0,0.0,0.0,0.0,1.0
Fwd PSH Flags,test,1374143,1374143,0.0,0.03880236627483457,0.19312364600511284,0.0,0.0,0.0,0.0,0.0,1.0
Fwd PSH Flags,training_benign,10885643,10885643,0.0,0.05282636955850931,0.22368671001598892,0.0,0.0,0.0,0.0,0.0,1.0
Fwd PSH Flags,training_malicious,1909493,1909493,0.0,0.0015108722577144823,0.038840565427595806,0.0,0.0,0.0,0.0,0.0,0.0
Fwd PSH Flags,validation_Infilteration,68857,68857,0.0,0.06811217450658612,0.2519382983799217,0.0,0.0,0.0,0.0,0.0,1.0
Fwd PSH Flags,test_Infilteration,93040,93040,0.0,0.06251074806534823,0.2420808840897166,0.0,0.0,0.0,0.0,0.0,1.0
Fwd PSH Flags,test_Bot,282310,282310,0.0,1.0626616131203287e-05,0.0032598317757566706,0.0,0.0,0.0,0.0,0.0,0.0
Bwd PSH Flags,train,12795136,12795136,0.0,0.0,0.0,0.0,0.0,0.0,0.0,0.0,0.0
Bwd PSH Flags,validation,1652943,1652943,0.0,0.0,0.0,0.0,0.0,0.0,0.0,0.0,0.0
Bwd PSH Flags,test,1374143,1374143,0.0,0.0,0.0,0.0,0.0,0.0,0.0,0.0,0.0
Bwd PSH Flags,training_benign,10885643,10885643,0.0,0.0,0.0,0.0,0.0,0.0,0.0,0.0,0.0
Bwd PSH Flags,training_malicious,1909493,1909493,0.0,0.0,0.0,0.0,0.0,0.0,0.0,0.0,0.0
Bwd PSH Flags,validation_Infilteration,68857,68857,0.0,0.0,0.0,0.0,0.0,0.0,0.0,0.0,0.0
Bwd PSH Flags,test_Infilteration,93040,93040,0.0,0.0,0.0,0.0,0.0,0.0,0.0,0.0,0.0
Bwd PSH Flags,test_Bot,282310,282310,0.0,0.0,0.0,0.0,0.0,0.0,0.0,0.0,0.0
Fwd URG Flags,train,12795136,12795136,0.0,0.0,0.0,0.0,0.0,0.0,0.0,0.0,0.0
Fwd URG Flags,validation,1652943,1652943,0.0,0.001042383191676906,0.032269128109674965,0.0,0.0,0.0,0.0,0.0,0.0
Fwd URG Flags,test,1374143,1374143,0.0,0.0006767854582819983,0.02600629577093701,0.0,0.0,0.0,0.0,0.0,0.0
Fwd URG Flags,training_benign,10885643,10885643,0.0,0.0,0.0,0.0,0.0,0.0,0.0,0.0,0.0
Fwd URG Flags,training_malicious,1909493,1909493,0.0,0.0,0.0,0.0,0.0,0.0,0.0,0.0,0.0
Fwd URG Flags,validation_Infilteration,68857,68857,0.0,0.005678435017500036,0.07514113649161866,0.0,0.0,0.0,0.0,0.0,0.0
Fwd URG Flags,test_Infilteration,93040,93040,0.0,0.008953138435081685,0.09419649540850204,0.0,0.0,0.0,0.0,0.0,0.0
Fwd URG Flags,test_Bot,282310,282310,0.0,0.0,0.0,0.0,0.0,0.0,0.0,0.0,0.0
Bwd URG Flags,train,12795136,12795136,0.0,0.0,0.0,0.0,0.0,0.0,0.0,0.0,0.0
Bwd URG Flags,validation,1652943,1652943,0.0,0.0,0.0,0.0,0.0,0.0,0.0,0.0,0.0
Bwd URG Flags,test,1374143,1374143,0.0,0.0,0.0,0.0,0.0,0.0,0.0,0.0,0.0
Bwd URG Flags,training_benign,10885643,10885643,0.0,0.0,0.0,0.0,0.0,0.0,0.0,0.0,0.0
Bwd URG Flags,training_malicious,1909493,1909493,0.0,0.0,0.0,0.0,0.0,0.0,0.0,0.0,0.0
Bwd URG Flags,validation_Infilteration,68857,68857,0.0,0.0,0.0,0.0,0.0,0.0,0.0,0.0,0.0
Bwd URG Flags,test_Infilteration,93040,93040,0.0,0.0,0.0,0.0,0.0,0.0,0.0,0.0,0.0
Bwd URG Flags,test_Bot,282310,282310,0.0,0.0,0.0,0.0,0.0,0.0,0.0,0.0,0.0
Fwd Header Len,train,12795136,12795136,0.0,296.34253641383725,13740.715568192847,40.0,8.0,16.0,152.0,212.0,712.0
Fwd Header Len,validation,1652943,1652943,0.0,126.35521249069085,2308.4585243440797,40.0,8.0,8.0,152.0,272.0,604.0
Fwd Header Len,test,1374143,1374143,0.0,119.02402879467421,3477.6410790270174,40.0,8.0,20.0,132.0,212.0,560.0
Fwd Header Len,training_benign,10885643,10885643,0.0,117.58586461084568,1262.9362279184493,40.0,8.0,8.0,168.0,232.0,552.0
Fwd Header Len,training_malicious,1909493,1909493,0.0,1315.3990677106435,35423.81651485011,64.0,40.0,40.0,72.0,96.0,776.0
Fwd Header Len,validation_Infilteration,68857,68857,0.0,86.69915912688616,190.5177721237613,24.0,8.0,8.0,112.0,232.0,560.0
Fwd Header Len,test_Infilteration,93040,93040,0.0,91.0737747205503,879.7387380238629,24.0,8.0,16.0,80.0,192.0,560.0
Fwd Header Len,test_Bot,282310,282310,0.0,56.95662215295243,18.782134688420047,72.0,40.0,40.0,72.0,72.0,124.0
Bwd Header Len,train,12795136,12795136,0.0,131.24397489796124,2872.2820348975883,16.0,0.0,0.0,104.0,192.0,732.0
Bwd Header Len,validation,1652943,1652943,0.0,171.75385963097335,5265.611041000539,16.0,0.0,8.0,132.0,204.0,1032.0
Bwd Header Len,test,1374143,1374143,0.0,137.87507704802192,3973.889714699064,20.0,0.0,0.0,112.0,172.0,952.0
Bwd Header Len,training_benign,10885643,10885643,0.0,143.57719502651335,3113.2297612678567,20.0,0.0,8.0,132.0,204.0,844.0
Bwd Header Len,training_malicious,1909493,1909493,0.0,60.93471932078305,150.07225036836664,0.0,0.0,0.0,92.0,92.0,712.0
Bwd Header Len,validation_Infilteration,68857,68857,0.0,89.60460083942083,432.8511594927268,16.0,0.0,8.0,92.0,252.0,792.0
Bwd Header Len,test_Infilteration,93040,93040,0.0,90.33529664660361,1383.8970282281375,20.0,0.0,8.0,52.0,172.0,772.0
Bwd Header Len,test_Bot,282310,282310,0.0,46.90993588608268,56.26914693173646,40.0,0.0,0.0,92.0,92.0,92.0
Fwd Pkts/s,train,12795136,12795136,0.0,26394.50956945954,201245.6398027285,62.466651915599996,0.16510732256155952,2.1542655562000004,2659.5744680851067,20202.0202020202,1000000.0
Fwd Pkts/s,validation,1652943,1652943,0.0,33360.61079657426,209502.44493774624,52.1457996558,0.11654090510000008,2.3084874929,3370.7865168539,24390.243902439,1000000.0
Fwd Pkts/s,test,1374143,1374143,0.0,26617.014054349587,185888.2303603371,263.5740643,0.18101778599999999,3.626821275,3533.568905,15706.80628,500000.0
Fwd Pkts/s,training_benign,10885643,10885643,0.0,29066.935105090088,215883.0545700355,53.14908317831518,0.1722981661805402,2.0538077081464894,3174.6031746032,22727.272727272728,1500000.0
Fwd Pkts/s,training_malicious,1909493,1909493,0.0,11159.538650499422,73618.4678591257,83.54916869,0.12971462920000001,2.263923697,503.2712632,1958.224543,333333.333333333
Fwd Pkts/s,validation_Infilteration,68857,68857,0.0,71848.09104702504,268581.51162045175,469.4835681,0.2013682032,4.761380443,4739.336493,90909.09091,2000000.0
Fwd Pkts/s,test_Infilteration,93040,93040,0.0,61350.1737048405,234764.8092814292,1108.64745,0.2318778004,5.728214481749999,4166.666667,76923.07692,1000000.0
Fwd Pkts/s,test_Bot,282310,282310,0.0,2029.7365007429455,1813.786393048644,432.69438875000003,256.4102564,275.4315094,3952.56917,4192.872117,4535.147392
Bwd Pkts/s,train,12795136,12795136,0.0,4341.470114722947,42317.164652617634,3.386286673526156,0.0,0.0,635.3240152477763,3389.830508474576,76923.07692307692
Bwd Pkts/s,validation,1652943,1652943,0.0,11492.46352124485,76690.72053633776,4.1832147671,0.0,0.10823071595,910.7468123862,4132.2314049587,500000.0
Bwd Pkts/s,test,1374143,1374143,0.0,9194.344670432794,69293.93490897596,4.19203346,0.0,0.0,401.4854963,3496.503497,500000.0
Bwd Pkts/s,training_benign,10885643,10885643,0.0,3224.7457455768713,33900.3998849604,4.482604931377722,0.0,0.1752617143965196,896.8609865470851,3571.4285714285716,58823.529411764706
Bwd Pkts/s,training_malicious,1909493,1909493,0.0,10707.69550121266,73486.04999542137,0.0,0.0,0.0,3.206160959,289.1008962,333333.333333333
Bwd Pkts/s,validation_Infilteration,68857,68857,0.0,42775.223281433384,151227.74104250938,23.37376996,0.0,0.186235812,1644.736842,46511.62791,500000.0
Bwd Pkts/s,test_Infilteration,93040,93040,0.0,40716.18111782473,139187.4570830158,387.4467261,0.0,1.01251972,3759.398496,45454.54545,500000.0
Bwd Pkts/s,test_Bot,282310,282310,0.0,182.23807348076247,205.4457780652524,119.4885915,0.0,0.0,366.703337,394.9057163,440.2377284
Pkt Len Min,train,12795136,12795136,0.0,11.041200187321182,21.467742514880246,0.0,0.0,0.0,30.0,42.0,62.0
Pkt Len Min,validation,1652943,1652943,0.0,13.62762055315882,29.437654823611968,0.0,0.0,0.0,33.0,43.0,69.0
Pkt Len Min,test,1374143,1374143,0.0,10.04568665706553,25.727336667964778,0.0,0.0,0.0,0.0,41.0,61.0
Pkt Len Min,training_benign,10885643,10885643,0.0,12.970551578808895,22.727196630832704,0.0,0.0,0.0,33.0,43.0,65.0
Pkt Len Min,training_malicious,1909493,1909493,0.0,0.04234841395071885,1.163338238973886,0.0,0.0,0.0,0.0,0.0,0.0
Pkt Len Min,validation_Infilteration,68857,68857,0.0,15.477903481127553,24.89332736040208,0.0,0.0,0.0,36.0,44.0,76.0
Pkt Len Min,test_Infilteration,93040,93040,0.0,12.293970335339639,25.553887100211046,0.0,0.0,0.0,32.0,42.0,64.0
Pkt Len Min,test_Bot,282310,282310,0.0,0.0,0.0,0.0,0.0,0.0,0.0,0.0,0.0
Pkt Len Max,train,12795136,12795136,0.0,406.14656655466575,516.7121740233882,101.0,0.0,0.0,935.0,1173.0,1460.0
Pkt Len Max,validation,1652943,1652943,0.0,370.57403794323216,527.7595219016778,87.0,0.0,0.0,517.0,1430.0,1460.0
Pkt Len Max,test,1374143,1374143,0.0,371.7756609028318,503.0609171031875,102.0,0.0,0.0,488.0,1173.0,1460.0
Pkt Len Max,training_benign,10885643,10885643,0.0,424.7501054370422,526.456699004503,117.0,0.0,33.0,935.0,1179.0,1460.0
Pkt Len Max,training_malicious,1909493,1909493,0.0,300.0914604033636,442.5167445941134,0.0,0.0,0.0,935.0,964.0,976.0
Pkt Len Max,validation_Infilteration,68857,68857,0.0,344.21549007363086,534.9728212932539,71.0,0.0,0.0,212.0,1460.0,1460.0
Pkt Len Max,test_Infilteration,93040,93040,0.0,274.352901977644,483.72346953469275,51.0,0.0,0.0,140.0,1173.0,1460.0
Pkt Len Max,test_Bot,282310,282310,0.0,164.65722432786652,163.83763500958807,285.0,0.0,0.0,326.0,326.0,326.0
Pkt Len Mean,train,12795136,12795136,0.0,80.06311862812436,102.13923086580208,54.5,0.0,0.0,136.45,169.3125,480.0563209392909
Pkt Len Mean,validation,1652943,1652943,0.0,80.72832474171135,116.84054046114046,50.3333333333,0.0,0.0,103.0,170.5625,605.1863208134548
Pkt Len Mean,test,1374143,1374143,0.0,74.36769997823411,107.66680955787088,54.5,0.0,0.0,90.2,170.3125,553.5243002320009
Pkt Len Mean,training_benign,10885643,10885643,0.0,86.83693615229753,106.22642503577816,59.3333333333,0.0,19.0,141.6666667,170.56250000000003,529.4736842105265
Pkt Len Mean,training_malicious,1909493,1909493,0.0,41.44692086500494,61.84377824898793,0.0,0.0,0.0,123.0,147.75,159.5
Pkt Len Mean,validation_Infilteration,68857,68857,0.0,79.44391522686877,109.33398015346178,49.33333333,0.0,0.0,89.66666667,219.24186046000003,510.10666663600097
Pkt Len Mean,test_Infilteration,93040,93040,0.0,60.152204466406815,95.36084347000592,34.97222222,0.0,0.0,72.66666667,169.5625,434.8333333670001
Pkt Len Mean,test_Bot,282310,282310,0.0,28.652121331915776,28.429357797762453,51.75,0.0,0.0,56.875,56.875,56.875
Pkt Len Std,train,12795136,12795136,0.0,127.40198584213393,163.89604728691384,35.21836642056717,0.0,0.0,300.0596001,339.8873763,633.2757776248163
Pkt Len Std,validation,1652943,1652943,0.0,113.37093971197149,166.45671896877292,27.7128129211,0.0,0.0,173.7875858627,355.59187229753996,668.41666529391
Pkt Len Std,test,1374143,1374143,0.0,112.23573211317647,153.95480695600196,35.21836642,0.0,0.0,159.3581076,319.4027173,651.05387169
Pkt Len Std,training_benign,10885643,10885643,0.0,132.35974249389204,165.96411677871967,43.81780460041329,0.0,9.237604307,298.5202785828,333.9661018,647.5578758801
Pkt Len Std,training_malicious,1909493,1909493,0.0,99.13879294647326,148.43869525147818,0.0,0.0,0.0,329.6736211,339.8873763,339.8873763
Pkt Len Std,validation_Infilteration,68857,68857,0.0,109.54305529100822,174.12282724463992,21.68524844,0.0,0.0,88.91194146,434.89696477999996,657.1017897960003
Pkt Len Std,test_Infilteration,93040,93040,0.0,83.81700263209092,151.60693373387434,9.237604307,0.0,0.0,57.15767665,319.4027173,645.6146864850001
Pkt Len Std,test_Bot,282310,282310,0.0,58.194302576137744,57.72285846299406,101.8637045,0.0,0.0,115.4066568,115.4066568,115.4066568
Pkt Len Var,train,12795136,12795136,0.0,43093.180313265366,186623.74139611959,1240.3333333333333,0.0,0.0,90035.76364,115523.4286,401038.21052631584
Pkt Len Var,validation,1652943,1652943,0.0,40560.80926095153,87243.84948730205,768.0,0.0,0.0,30202.125,126445.57962967761,446780.8384181958
Pkt Len Var,test,1374143,1374143,0.0,36298.71947008847,449233.038334003,1240.333333,0.0,0.0,25395.00645,102018.0958,423871.143824
Pkt Len Var,training_benign,10885643,10885643,0.0,45063.18949090269,201205.03721074172,1920.0,0.0,85.3333333333,89114.35672514622,111533.3571,419331.202614379
Pkt Len Var,training_malicious,1909493,1909493,0.0,31862.546519644005,49415.24544206864,0.0,0.0,0.0,108684.6964,115523.4286,115523.4286
Pkt Len Var,validation_Infilteration,68857,68857,0.0,42318.43992943939,92723.35124989442,470.25,0.0,0.0,7905.333333,189135.37002,431782.76564800035
Pkt Len Var,test_Infilteration,93040,93040,0.0,30009.95228503705,77534.73661173257,85.33333333,0.0,0.0,3267.0,102018.0958,416818.32479200006
Pkt Len Var,test_Bot,282310,282310,0.0,6718.505239618868,6750.220489905481,10376.21429,0.0,0.0,13318.69643,13318.69643,13318.69643
FIN Flag Cnt,train,12795136,12795136,0.0,0.004881698795542306,0.06969840609663829,0.0,0.0,0.0,0.0,0.0,0.0
FIN Flag Cnt,validation,1652943,1652943,0.0,0.005608178866421891,0.07467748788104828,0.0,0.0,0.0,0.0,0.0,0.0
FIN Flag Cnt,test,1374143,1374143,0.0,0.004239005693002839,0.06496950456743171,0.0,0.0,0.0,0.0,0.0,0.0
FIN Flag Cnt,training_benign,10885643,10885643,0.0,0.005611887143460428,0.07470203388228122,0.0,0.0,0.0,0.0,0.0,0.0
FIN Flag Cnt,training_malicious,1909493,1909493,0.0,0.0007190390328741714,0.02680526097137229,0.0,0.0,0.0,0.0,0.0,0.0
FIN Flag Cnt,validation_Infilteration,68857,68857,0.0,0.007566405739430995,0.08665538208107619,0.0,0.0,0.0,0.0,0.0,0.0
FIN Flag Cnt,test_Infilteration,93040,93040,0.0,0.004868873602751505,0.06960723865081804,0.0,0.0,0.0,0.0,0.0,0.0
FIN Flag Cnt,test_Bot,282310,282310,0.0,0.0,0.0,0.0,0.0,0.0,0.0,0.0,0.0
SYN Flag Cnt,train,12795136,12795136,0.0,0.04516825768792141,0.20767302710115937,0.0,0.0,0.0,0.0,0.0,1.0
SYN Flag Cnt,validation,1652943,1652943,0.0,0.0486901242208594,0.21521941367873085,0.0,0.0,0.0,0.0,0.0,1.0
SYN Flag Cnt,test,1374143,1374143,0.0,0.03880236627483457,0.19312364600511284,0.0,0.0,0.0,0.0,0.0,1.0
SYN Flag Cnt,training_benign,10885643,10885643,0.0,0.05282636955850931,0.22368671001598892,0.0,0.0,0.0,0.0,0.0,1.0
SYN Flag Cnt,training_malicious,1909493,1909493,0.0,0.0015108722577144823,0.038840565427595806,0.0,0.0,0.0,0.0,0.0,0.0
SYN Flag Cnt,validation_Infilteration,68857,68857,0.0,0.06811217450658612,0.2519382983799217,0.0,0.0,0.0,0.0,0.0,1.0
SYN Flag Cnt,test_Infilteration,93040,93040,0.0,0.06251074806534823,0.2420808840897166,0.0,0.0,0.0,0.0,0.0,1.0
SYN Flag Cnt,test_Bot,282310,282310,0.0,1.0626616131203287e-05,0.0032598317757566706,0.0,0.0,0.0,0.0,0.0,0.0
RST Flag Cnt,train,12795136,12795136,0.0,0.19049910841119624,0.39269479001603164,0.0,0.0,0.0,0.0,1.0,1.0
RST Flag Cnt,validation,1652943,1652943,0.0,0.1581415693100125,0.36487369508664075,0.0,0.0,0.0,0.0,1.0,1.0
RST Flag Cnt,test,1374143,1374143,0.0,0.24972437366416741,0.4328534519467376,0.0,0.0,0.0,0.0,1.0,1.0
RST Flag Cnt,training_benign,10885643,10885643,0.0,0.1822782540268866,0.3860736874429502,0.0,0.0,0.0,0.0,1.0,1.0
RST Flag Cnt,training_malicious,1909493,1909493,0.0,0.2373645779272299,0.42546754878916193,0.0,0.0,0.0,0.0,1.0,1.0
RST Flag Cnt,validation_Infilteration,68857,68857,0.0,0.23098595640239916,0.421463455529976,0.0,0.0,0.0,0.0,1.0,1.0
RST Flag Cnt,test_Infilteration,93040,93040,0.0,0.17846087704213243,0.3829002381919934,0.0,0.0,0.0,0.0,1.0,1.0
RST Flag Cnt,test_Bot,282310,282310,0.0,0.5065743331798378,0.49995677627495005,1.0,0.0,0.0,1.0,1.0,1.0
PSH Flag Cnt,train,12795136,12795136,0.0,0.3778021585702567,0.48483779509224373,0.0,0.0,0.0,1.0,1.0,1.0
PSH Flag Cnt,validation,1652943,1652943,0.0,0.3835812850170877,0.48625783572270354,0.0,0.0,0.0,1.0,1.0,1.0
PSH Flag Cnt,test,1374143,1374143,0.0,0.4526159213415198,0.4977496851728665,0.0,0.0,0.0,1.0,1.0,1.0
PSH Flag Cnt,training_benign,10885643,10885643,0.0,0.38398485050446723,0.4863542793967507,0.0,0.0,0.0,1.0,1.0,1.0
PSH Flag Cnt,training_malicious,1909493,1909493,0.0,0.3425558512128612,0.47456436867161944,0.0,0.0,0.0,1.0,1.0,1.0
PSH Flag Cnt,validation_Infilteration,68857,68857,0.0,0.37217712069942055,0.48338526200879295,0.0,0.0,0.0,1.0,1.0,1.0
PSH Flag Cnt,test_Infilteration,93040,93040,0.0,0.519110060189166,0.49963467213511753,1.0,0.0,0.0,1.0,1.0,1.0
PSH Flag Cnt,test_Bot,282310,282310,0.0,0.5065743331798378,0.49995677627495005,1.0,0.0,0.0,1.0,1.0,1.0
ACK Flag Cnt,train,12795136,12795136,0.0,0.340538701581601,0.4738903821631324,0.0,0.0,0.0,1.0,1.0,1.0
ACK Flag Cnt,validation,1652943,1652943,0.0,0.28833601642645873,0.4529882537746201,0.0,0.0,0.0,1.0,1.0,1.0
ACK Flag Cnt,test,1374143,1374143,0.0,0.30109966721076337,0.4587359345160691,0.0,0.0,0.0,1.0,1.0,1.0
ACK Flag Cnt,training_benign,10885643,10885643,0.0,0.285307262051493,0.451560658463702,0.0,0.0,0.0,1.0,1.0,1.0
ACK Flag Cnt,training_malicious,1909493,1909493,0.0,0.6554022455175275,0.47523693258006816,1.0,0.0,0.0,1.0,1.0,1.0
ACK Flag Cnt,validation_Infilteration,68857,68857,0.0,0.24238639499252074,0.4285268142310939,0.0,0.0,0.0,0.0,1.0,1.0
ACK Flag Cnt,test_Infilteration,93040,93040,0.0,0.17523645743766122,0.3801692273479798,0.0,0.0,0.0,0.0,1.0,1.0
ACK Flag Cnt,test_Bot,282310,282310,0.0,0.49251177783287875,0.49994392338418886,0.0,0.0,0.0,1.0,1.0,1.0
URG Flag Cnt,train,12795136,12795136,0.0,0.03762593848162302,0.190289850583262,0.0,0.0,0.0,0.0,0.0,1.0
URG Flag Cnt,validation,1652943,1652943,0.0,0.04558535896277125,0.20858411735078614,0.0,0.0,0.0,0.0,0.0,1.0
URG Flag Cnt,test,1374143,1374143,0.0,0.03518629429397086,0.18425042466119024,0.0,0.0,0.0,0.0,0.0,1.0
URG Flag Cnt,training_benign,10885643,10885643,0.0,0.04114942957434853,0.19863573198207368,0.0,0.0,0.0,0.0,0.0,1.0
URG Flag Cnt,training_malicious,1909493,1909493,0.0,0.017539210670057443,0.13126913863939532,0.0,0.0,0.0,0.0,0.0,1.0
URG Flag Cnt,validation_Infilteration,68857,68857,0.0,0.050713798161406975,0.21941264511748418,0.0,0.0,0.0,0.0,0.0,1.0
URG Flag Cnt,test_Infilteration,93040,93040,0.0,0.045647033533963884,0.208718427225564,0.0,0.0,0.0,0.0,0.0,1.0
URG Flag Cnt,test_Bot,282310,282310,0.0,1.0626616131203287e-05,0.0032598317757566706,0.0,0.0,0.0,0.0,0.0,0.0
CWE Flag Count,train,12795136,12795136,0.0,0.0,0.0,0.0,0.0,0.0,0.0,0.0,0.0
CWE Flag Count,validation,1652943,1652943,0.0,0.001042383191676906,0.032269128109674965,0.0,0.0,0.0,0.0,0.0,0.0
CWE Flag Count,test,1374143,1374143,0.0,0.0006767854582819983,0.02600629577093701,0.0,0.0,0.0,0.0,0.0,0.0
CWE Flag Count,training_benign,10885643,10885643,0.0,0.0,0.0,0.0,0.0,0.0,0.0,0.0,0.0
CWE Flag Count,training_malicious,1909493,1909493,0.0,0.0,0.0,0.0,0.0,0.0,0.0,0.0,0.0
CWE Flag Count,validation_Infilteration,68857,68857,0.0,0.005678435017500036,0.07514113649161866,0.0,0.0,0.0,0.0,0.0,0.0
CWE Flag Count,test_Infilteration,93040,93040,0.0,0.008953138435081685,0.09419649540850204,0.0,0.0,0.0,0.0,0.0,0.0
CWE Flag Count,test_Bot,282310,282310,0.0,0.0,0.0,0.0,0.0,0.0,0.0,0.0,0.0
ECE Flag Cnt,train,12795136,12795136,0.0,0.19049988995818412,0.3926954059880301,0.0,0.0,0.0,0.0,1.0,1.0
ECE Flag Cnt,validation,1652943,1652943,0.0,0.15814096432847352,0.3648731282647902,0.0,0.0,0.0,0.0,1.0,1.0
ECE Flag Cnt,test,1374143,1374143,0.0,0.24972510139046664,0.4328538727168648,0.0,0.0,0.0,0.0,1.0,1.0
ECE Flag Cnt,training_benign,10885643,10885643,0.0,0.18227917266807298,0.38607444344260133,0.0,0.0,0.0,0.0,1.0,1.0
ECE Flag Cnt,training_malicious,1909493,1909493,0.0,0.2373645779272299,0.42546754878916193,0.0,0.0,0.0,0.0,1.0,1.0
ECE Flag Cnt,validation_Infilteration,68857,68857,0.0,0.23100047925410633,0.4214727249045655,0.0,0.0,0.0,0.0,1.0,1.0
ECE Flag Cnt,test_Infilteration,93040,93040,0.0,0.17846087704213243,0.3829002381919934,0.0,0.0,0.0,0.0,1.0,1.0
ECE Flag Cnt,test_Bot,282310,282310,0.0,0.5065743331798378,0.49995677627495005,1.0,0.0,0.0,1.0,1.0,1.0
Down/Up Ratio,train,12795136,12795136,0.0,0.47734584454592743,1.0366627115171907,0.0,0.0,0.0,1.0,1.0,1.0
Down/Up Ratio,validation,1652943,1652943,0.0,0.5403059875627895,0.8450478954472483,1.0,0.0,0.0,1.0,1.0,2.0
Down/Up Ratio,test,1374143,1374143,0.0,0.5166587465787768,0.8880828440503915,0.0,0.0,0.0,1.0,1.0,1.0
Down/Up Ratio,training_benign,10885643,10885643,0.0,0.5033784407590806,1.1044880302693174,0.0,0.0,0.0,1.0,1.0,1.0
Down/Up Ratio,training_malicious,1909493,1909493,0.0,0.32893914772141086,0.4699860800034312,0.0,0.0,0.0,1.0,1.0,1.0
Down/Up Ratio,validation_Infilteration,68857,68857,0.0,0.6563457600534441,0.5903443621024409,1.0,0.0,0.0,1.0,1.0,2.0
Down/Up Ratio,test_Infilteration,93040,93040,0.0,0.7084372312983663,0.6111758043794652,1.0,0.0,0.0,1.0,1.0,3.0
Down/Up Ratio,test_Bot,282310,282310,0.0,0.518766604087705,0.8953614828347317,0.0,0.0,0.0,1.0,1.0,1.0
Pkt Size Avg,train,12795136,12795136,0.0,92.46477396491585,106.48511780130896,76.0,0.0,0.0,147.2222222,181.6666666667,501.27272727272725
Pkt Size Avg,validation,1652943,1652943,0.0,93.01349509614634,121.23411077011373,71.5,0.0,0.0,134.5,185.0,624.2857142857
Pkt Size Avg,test,1374143,1374143,0.0,84.84141447691634,112.14585860426818,65.0,0.0,0.0,126.5,181.6666667,583.3333333
Pkt Size Avg,training_benign,10885643,10885643,0.0,100.49918668977334,109.71709634230895,80.0,0.0,25.333333333333332,155.375,181.93333333333334,549.7857142857143
Pkt Size Avg,training_malicious,1909493,1909493,0.0,46.662171579123246,69.92643807141715,0.0,0.0,0.0,140.5714286,168.0,182.2857143
Pkt Size Avg,validation_Infilteration,68857,68857,0.0,93.20106577987731,113.88268354848952,71.0,0.0,0.0,123.5,229.0015151200001,530.004358980002
Pkt Size Avg,test_Infilteration,93040,93040,0.0,70.81186615595986,101.17425401529012,41.0,0.0,0.0,99.5,180.8666667,467.45734499800005
Pkt Size Avg,test_Bot,282310,282310,0.0,32.74282948923959,32.49121020142637,59.14285714,0.0,0.0,65.0,65.0,65.0
Fwd Seg Size Avg,train,12795136,12795136,0.0,52.17549368730147,61.238056237136036,37.0,0.0,0.0,72.91666666666667,143.5,192.3
Fwd Seg Size Avg,validation,1652943,1652943,0.0,46.30566624788066,58.10831725945995,36.0,0.0,0.0,55.0,114.8,234.0
Fwd Seg Size Avg,test,1374143,1374143,0.0,52.79314431205955,58.735649939648525,38.0,0.0,0.0,108.6666667,141.0,192.6094444560003
Fwd Seg Size Avg,training_benign,10885643,10885643,0.0,58.30060671553911,62.57969357484665,40.0,0.0,15.5,75.83333333333333,143.5,199.4
Fwd Seg Size Avg,training_malicious,1909493,1909493,0.0,17.25743231706107,37.012734975932226,0.0,0.0,0.0,6.666666667,89.0,119.0
Fwd Seg Size Avg,validation_Infilteration,68857,68857,0.0,43.37327820323944,52.35152688109559,35.11764706,0.0,0.0,50.0,118.0,227.25
Fwd Seg Size Avg,test_Infilteration,93040,93040,0.0,36.05098497787778,53.04561066082983,27.0,0.0,0.0,45.0,114.8,179.1879545490001
Fwd Seg Size Avg,test_Bot,282310,282310,0.0,53.55361232645325,54.38377860984167,25.8,0.0,0.0,108.6666667,108.6666667,108.6666667
Bwd Seg Size Avg,train,12795136,12795136,0.0,116.55903613364185,162.13458059845564,72.0,0.0,0.0,167.0,241.0,824.25
Bwd Seg Size Avg,validation,1652943,1652943,0.0,121.38291328682135,184.17656744925375,63.0,0.0,0.0,168.0,257.6956521739,972.71875
Bwd Seg Size Avg,test,1374143,1374143,0.0,104.41232141613649,168.70361945762696,50.42857143,0.0,0.0,158.0,225.8571429,917.5203864480003
Bwd Seg Size Avg,training_benign,10885643,10885643,0.0,124.8736987840679,168.78755255624776,88.0,0.0,0.0,165.77777777777777,225.85714285714286,887.9306710310975
Bwd Seg Size Avg,training_malicious,1909493,1909493,0.0,69.15878419348151,105.33633986752973,0.0,0.0,0.0,233.75,241.0,243.0
Bwd Seg Size Avg,validation_Infilteration,68857,68857,0.0,123.46170599598629,184.6167692189126,62.0,0.0,0.0,156.0,368.8333333,903.5555556
Bwd Seg Size Avg,test_Infilteration,93040,93040,0.0,91.82272339574563,162.61998701002926,36.25,0.0,0.0,125.875,225.8571429,851.625
Bwd Seg Size Avg,test_Bot,282310,282310,0.0,18.203073413261574,24.004412250252457,32.25,0.0,0.0,32.25,32.25,163.0
Fwd Byts/b Avg,train,12795136,12795136,0.0,0.0,0.0,0.0,0.0,0.0,0.0,0.0,0.0
Fwd Byts/b Avg,validation,1652943,1652943,0.0,0.0,0.0,0.0,0.0,0.0,0.0,0.0,0.0
Fwd Byts/b Avg,test,1374143,1374143,0.0,0.0,0.0,0.0,0.0,0.0,0.0,0.0,0.0
Fwd Byts/b Avg,training_benign,10885643,10885643,0.0,0.0,0.0,0.0,0.0,0.0,0.0,0.0,0.0
Fwd Byts/b Avg,training_malicious,1909493,1909493,0.0,0.0,0.0,0.0,0.0,0.0,0.0,0.0,0.0
Fwd Byts/b Avg,validation_Infilteration,68857,68857,0.0,0.0,0.0,0.0,0.0,0.0,0.0,0.0,0.0
Fwd Byts/b Avg,test_Infilteration,93040,93040,0.0,0.0,0.0,0.0,0.0,0.0,0.0,0.0,0.0
Fwd Byts/b Avg,test_Bot,282310,282310,0.0,0.0,0.0,0.0,0.0,0.0,0.0,0.0,0.0
Fwd Pkts/b Avg,train,12795136,12795136,0.0,0.0,0.0,0.0,0.0,0.0,0.0,0.0,0.0
Fwd Pkts/b Avg,validation,1652943,1652943,0.0,0.0,0.0,0.0,0.0,0.0,0.0,0.0,0.0
Fwd Pkts/b Avg,test,1374143,1374143,0.0,0.0,0.0,0.0,0.0,0.0,0.0,0.0,0.0
Fwd Pkts/b Avg,training_benign,10885643,10885643,0.0,0.0,0.0,0.0,0.0,0.0,0.0,0.0,0.0
Fwd Pkts/b Avg,training_malicious,1909493,1909493,0.0,0.0,0.0,0.0,0.0,0.0,0.0,0.0,0.0
Fwd Pkts/b Avg,validation_Infilteration,68857,68857,0.0,0.0,0.0,0.0,0.0,0.0,0.0,0.0,0.0
Fwd Pkts/b Avg,test_Infilteration,93040,93040,0.0,0.0,0.0,0.0,0.0,0.0,0.0,0.0,0.0
Fwd Pkts/b Avg,test_Bot,282310,282310,0.0,0.0,0.0,0.0,0.0,0.0,0.0,0.0,0.0
Fwd Blk Rate Avg,train,12795136,12795136,0.0,0.0,0.0,0.0,0.0,0.0,0.0,0.0,0.0
Fwd Blk Rate Avg,validation,1652943,1652943,0.0,0.0,0.0,0.0,0.0,0.0,0.0,0.0,0.0
Fwd Blk Rate Avg,test,1374143,1374143,0.0,0.0,0.0,0.0,0.0,0.0,0.0,0.0,0.0
Fwd Blk Rate Avg,training_benign,10885643,10885643,0.0,0.0,0.0,0.0,0.0,0.0,0.0,0.0,0.0
Fwd Blk Rate Avg,training_malicious,1909493,1909493,0.0,0.0,0.0,0.0,0.0,0.0,0.0,0.0,0.0
Fwd Blk Rate Avg,validation_Infilteration,68857,68857,0.0,0.0,0.0,0.0,0.0,0.0,0.0,0.0,0.0
Fwd Blk Rate Avg,test_Infilteration,93040,93040,0.0,0.0,0.0,0.0,0.0,0.0,0.0,0.0,0.0
Fwd Blk Rate Avg,test_Bot,282310,282310,0.0,0.0,0.0,0.0,0.0,0.0,0.0,0.0,0.0
Bwd Byts/b Avg,train,12795136,12795136,0.0,0.0,0.0,0.0,0.0,0.0,0.0,0.0,0.0
Bwd Byts/b Avg,validation,1652943,1652943,0.0,0.0,0.0,0.0,0.0,0.0,0.0,0.0,0.0
Bwd Byts/b Avg,test,1374143,1374143,0.0,0.0,0.0,0.0,0.0,0.0,0.0,0.0,0.0
Bwd Byts/b Avg,training_benign,10885643,10885643,0.0,0.0,0.0,0.0,0.0,0.0,0.0,0.0,0.0
Bwd Byts/b Avg,training_malicious,1909493,1909493,0.0,0.0,0.0,0.0,0.0,0.0,0.0,0.0,0.0
Bwd Byts/b Avg,validation_Infilteration,68857,68857,0.0,0.0,0.0,0.0,0.0,0.0,0.0,0.0,0.0
Bwd Byts/b Avg,test_Infilteration,93040,93040,0.0,0.0,0.0,0.0,0.0,0.0,0.0,0.0,0.0
Bwd Byts/b Avg,test_Bot,282310,282310,0.0,0.0,0.0,0.0,0.0,0.0,0.0,0.0,0.0
Bwd Pkts/b Avg,train,12795136,12795136,0.0,0.0,0.0,0.0,0.0,0.0,0.0,0.0,0.0
Bwd Pkts/b Avg,validation,1652943,1652943,0.0,0.0,0.0,0.0,0.0,0.0,0.0,0.0,0.0
Bwd Pkts/b Avg,test,1374143,1374143,0.0,0.0,0.0,0.0,0.0,0.0,0.0,0.0,0.0
Bwd Pkts/b Avg,training_benign,10885643,10885643,0.0,0.0,0.0,0.0,0.0,0.0,0.0,0.0,0.0
Bwd Pkts/b Avg,training_malicious,1909493,1909493,0.0,0.0,0.0,0.0,0.0,0.0,0.0,0.0,0.0
Bwd Pkts/b Avg,validation_Infilteration,68857,68857,0.0,0.0,0.0,0.0,0.0,0.0,0.0,0.0,0.0
Bwd Pkts/b Avg,test_Infilteration,93040,93040,0.0,0.0,0.0,0.0,0.0,0.0,0.0,0.0,0.0
Bwd Pkts/b Avg,test_Bot,282310,282310,0.0,0.0,0.0,0.0,0.0,0.0,0.0,0.0,0.0
Bwd Blk Rate Avg,train,12795136,12795136,0.0,0.0,0.0,0.0,0.0,0.0,0.0,0.0,0.0
Bwd Blk Rate Avg,validation,1652943,1652943,0.0,0.0,0.0,0.0,0.0,0.0,0.0,0.0,0.0
Bwd Blk Rate Avg,test,1374143,1374143,0.0,0.0,0.0,0.0,0.0,0.0,0.0,0.0,0.0
Bwd Blk Rate Avg,training_benign,10885643,10885643,0.0,0.0,0.0,0.0,0.0,0.0,0.0,0.0,0.0
Bwd Blk Rate Avg,training_malicious,1909493,1909493,0.0,0.0,0.0,0.0,0.0,0.0,0.0,0.0,0.0
Bwd Blk Rate Avg,validation_Infilteration,68857,68857,0.0,0.0,0.0,0.0,0.0,0.0,0.0,0.0,0.0
Bwd Blk Rate Avg,test_Infilteration,93040,93040,0.0,0.0,0.0,0.0,0.0,0.0,0.0,0.0,0.0
Bwd Blk Rate Avg,test_Bot,282310,282310,0.0,0.0,0.0,0.0,0.0,0.0,0.0,0.0,0.0
Subflow Fwd Pkts,train,12795136,12795136,0.0,28.358745385746584,1712.3252122449605,2.0,1.0,1.0,5.0,10.0,30.0
Subflow Fwd Pkts,validation,1652943,1652943,0.0,6.462556785079704,141.48938056061382,2.0,1.0,1.0,7.0,14.0,35.0
Subflow Fwd Pkts,test,1374143,1374143,0.0,5.8223147081490065,85.84318862552001,2.0,1.0,2.0,7.0,11.0,34.0
Subflow Fwd Pkts,training_benign,10885643,10885643,0.0,5.918459019830064,57.368999619399716,2.0,1.0,1.0,7.0,11.0,34.0
Subflow Fwd Pkts,training_malicious,1909493,1909493,0.0,156.28639225176525,4428.220999519439,2.0,2.0,2.0,3.0,3.0,24.0
Subflow Fwd Pkts,validation_Infilteration,68857,68857,0.0,4.665959887883584,9.972895389651255,2.0,1.0,1.0,5.0,11.0,36.0
Subflow Fwd Pkts,test_Infilteration,93040,93040,0.0,4.961382201203783,57.58337204518922,1.0,1.0,1.0,3.0,9.0,36.0
Subflow Fwd Pkts,test_Bot,282310,282310,0.0,2.573231553965499,1.5347826421618467,3.0,2.0,2.0,3.0,3.0,5.0
Subflow Fwd Byts,train,12795136,12795136,0.0,1119.4709750642744,55612.07996083949,44.0,0.0,0.0,553.0,1148.0,2267.6500000003725
Subflow Fwd Byts,validation,1652943,1652943,0.0,547.0876588000917,117856.34669385353,44.0,0.0,0.0,445.0,1148.0,3000.0
Subflow Fwd Byts,test,1374143,1374143,0.0,412.6368936857372,12293.029284375254,49.0,0.0,0.0,373.0,1144.0,2280.0
Subflow Fwd Byts,training_benign,10885643,10885643,0.0,431.7162545198295,10477.365678102893,54.0,0.0,31.0,896.0,1148.0,2450.0
Subflow Fwd Byts,training_malicious,1909493,1909493,0.0,5040.224996897082,141702.9295444022,0.0,0.0,0.0,20.0,316.0,1960.0
Subflow Fwd Byts,validation_Infilteration,68857,68857,0.0,321.7476654515881,2067.7241039695004,41.0,0.0,0.0,286.0,1132.0,2392.0
Subflow Fwd Byts,test_Infilteration,93040,93040,0.0,677.3234845227859,46571.59384878949,35.0,0.0,0.0,80.0,1132.0,2360.0
Subflow Fwd Byts,test_Bot,282310,282310,0.0,161.45300556126244,162.97170766731026,129.0,0.0,0.0,326.0,326.0,326.0
Subflow Bwd Pkts,train,12795136,12795136,0.0,6.177367243302455,143.54662786596285,1.0,0.0,0.0,4.0,9.0,34.0
Subflow Bwd Pkts,validation,1652943,1652943,0.0,8.404476137410667,266.324639918649,1.0,0.0,1.0,6.0,9.0,50.0
Subflow Bwd Pkts,test,1374143,1374143,0.0,6.68916044400037,201.55499922460737,1.0,0.0,0.0,5.0,8.0,45.0
Subflow Bwd Pkts,training_benign,10885643,10885643,0.0,6.881105599366064,155.604863401542,1.0,0.0,1.0,5.0,9.0,39.0
Subflow Bwd Pkts,training_malicious,1909493,1909493,0.0,2.1654936676908476,4.749421674009848,0.0,0.0,0.0,4.0,4.0,22.0
Subflow Bwd Pkts,validation_Infilteration,68857,68857,0.0,4.313925962501997,21.27225823514469,1.0,0.0,1.0,4.0,12.0,37.0
Subflow Bwd Pkts,test_Infilteration,93040,93040,0.0,4.495808254514188,72.57915582542448,1.0,0.0,1.0,2.0,8.0,36.0
Subflow Bwd Pkts,test_Bot,282310,282310,0.0,2.0505189330877402,2.5710556773727586,2.0,0.0,0.0,4.0,4.0,4.0
Subflow Bwd Byts,train,12795136,12795136,0.0,4523.449719877929,207357.32177198777,109.0,0.0,0.0,706.0,1731.0,21114.0
Subflow Bwd Byts,validation,1652943,1652943,0.0,7438.050348983601,369847.51492718945,95.0,0.0,0.0,582.0,3264.0,33906.48000000045
Subflow Bwd Byts,test,1374143,1374143,0.0,4818.931086502642,290590.24861553806,113.0,0.0,0.0,488.0,1731.0,23836.320000000298
Subflow Bwd Byts,training_benign,10885643,10885643,0.0,5248.793522073064,224801.2067209877,130.0,0.0,0.0,582.0,2118.0,26087.0
Subflow Bwd Byts,training_malicious,1909493,1909493,0.0,388.40775692814793,1150.8340548702681,0.0,0.0,0.0,935.0,964.0,2665.0
Subflow Bwd Byts,validation_Infilteration,68857,68857,0.0,1896.9571866331673,28134.285495908294,73.0,0.0,0.0,278.0,3773.0,24357.200000000128
Subflow Bwd Byts,test_Infilteration,93040,93040,0.0,1929.4200988822013,97369.44671355863,47.0,0.0,0.0,172.0,1581.0,17450.050000000003
Subflow Bwd Byts,test_Bot,282310,282310,0.0,68.24814211327973,71.57329867342834,129.0,0.0,0.0,129.0,129.0,326.0
Init Fwd Win Byts,train,12795136,12795136,0.0,8885.106879676778,16665.005392152096,279.0,-1.0,-1.0,8192.0,32738.0,65535.0
Init Fwd Win Byts,validation,1652943,1652943,0.0,7297.963703527586,15402.732112989877,279.0,-1.0,-1.0,8192.0,8192.0,64209.0
Init Fwd Win Byts,test,1374143,1374143,0.0,6420.08777106895,12351.850034843868,2052.0,-1.0,32.0,8192.0,8192.0,64000.0
Init Fwd Win Byts,training_benign,10885643,10885643,0.0,7164.943534341518,15439.220863684212,258.0,-1.0,-1.0,8192.0,8192.0,65535.0
Init Fwd Win Byts,training_malicious,1909493,1909493,0.0,18691.418858304274,19723.92220676259,8192.0,225.0,252.0,32738.0,32738.0,65535.0
Init Fwd Win Byts,validation_Infilteration,68857,68857,0.0,3885.213151894506,9135.417793064456,255.0,-1.0,-1.0,8192.0,8192.0,63959.32000000001
Init Fwd Win Byts,test_Infilteration,93040,93040,0.0,3860.3432502149612,9409.980741040528,1024.0,-1.0,-1.0,8192.0,8192.0,63946.61
Init Fwd Win Byts,test_Bot,282310,282310,0.0,5065.88393964082,3191.8520661245,8192.0,2052.0,2052.0,8192.0,8192.0,8192.0
Init Bwd Win Byts,train,12795136,12795136,0.0,8726.71368909248,20515.218839048954,-1.0,-1.0,-1.0,237.0,62852.0,63830.0
Init Bwd Win Byts,validation,1652943,1652943,0.0,8869.826292255691,21184.29472887068,-1.0,-1.0,-1.0,255.0,62644.0,63665.0
Init Bwd Win Byts,test,1374143,1374143,0.0,10698.731398406135,23170.63913796722,0.0,-1.0,-1.0,255.0,62856.0,62872.0
Init Bwd Win Byts,training_benign,10885643,10885643,0.0,10244.570916940782,21891.727022277653,0.0,-1.0,-1.0,259.0,62852.0,63957.0
Init Bwd Win Byts,training_malicious,1909493,1909493,0.0,73.70898714999217,299.7186870681209,-1.0,-1.0,-1.0,211.0,219.0,230.0
Init Bwd Win Byts,validation_Infilteration,68857,68857,0.0,5182.671013840278,16034.287247923656,-1.0,-1.0,-1.0,180.0,8192.0,63376.0
Init Bwd Win Byts,test_Infilteration,93040,93040,0.0,6773.094120808255,18934.17573889155,0.0,-1.0,-1.0,123.0,42780.0,63376.0
Init Bwd Win Byts,test_Bot,282310,282310,0.0,144.51151216747547,326.0738990226557,219.0,-1.0,-1.0,219.0,219.0,2053.0
Fwd Act Data Pkts,train,12795136,12795136,0.0,24.72554250302615,1711.5473192806498,0.0,0.0,0.0,1.0,5.0,16.0
Fwd Act Data Pkts,validation,1652943,1652943,0.0,2.2536391152024,99.26372105114316,0.0,0.0,0.0,3.0,7.0,15.0
Fwd Act Data Pkts,test,1374143,1374143,0.0,2.08599323360087,23.802337148225995,0.0,0.0,0.0,3.0,6.0,15.0
Fwd Act Data Pkts,training_benign,10885643,10885643,0.0,2.041182316928821,4.657774651789022,1.0,0.0,0.0,3.0,6.0,15.0
Fwd Act Data Pkts,training_malicious,1909493,1909493,0.0,154.04460608130012,4428.262904499387,0.0,0.0,0.0,1.0,1.0,16.0
Fwd Act Data Pkts,validation_Infilteration,68857,68857,0.0,1.7941240541992827,3.7438798009923557,0.0,0.0,0.0,2.0,5.0,15.0
Fwd Act Data Pkts,test_Infilteration,93040,93040,0.0,2.1266122098022358,46.66712407871575,0.0,0.0,0.0,1.0,5.0,15.0
Fwd Act Data Pkts,test_Bot,282310,282310,0.0,0.5186390846941306,0.5288376243111277,1.0,0.0,0.0,1.0,1.0,2.0
Fwd Seg Size Min,train,12795136,12795136,0.0,17.721451026390028,7.351471398528064,20.0,8.0,8.0,20.0,20.0,32.0
Fwd Seg Size Min,validation,1652943,1652943,0.0,16.242595177208166,6.267159582907776,20.0,8.0,8.0,20.0,20.0,28.0
Fwd Seg Size Min,test,1374143,1374143,0.0,17.17649182072026,5.732910649597578,20.0,8.0,20.0,20.0,20.0,24.0
Fwd Seg Size Min,training_benign,10885643,10885643,0.0,16.55059825129301,6.892761026530882,20.0,8.0,8.0,20.0,20.0,32.0
Fwd Seg Size Min,training_malicious,1909493,1909493,0.0,24.396251779922732,6.238980105424106,20.0,20.0,20.0,32.0,32.0,40.0
Fwd Seg Size Min,validation_Infilteration,68857,68857,0.0,16.052572723179924,7.0937875528121435,20.0,8.0,8.0,20.0,24.0,40.0
Fwd Seg Size Min,test_Infilteration,93040,93040,0.0,17.949957007738607,7.504443366933139,20.0,8.0,8.0,24.0,24.0,40.0
Fwd Seg Size Min,test_Bot,282310,282310,0.0,19.98245899897276,0.6092143612422452,20.0,20.0,20.0,20.0,20.0,20.0
Active Mean,train,12795136,12795136,0.0,180059.56435820024,2585647.8743275558,0.0,0.0,0.0,0.0,2290.5,2996243.3000000007
Active Mean,validation,1652943,1652943,0.0,167863.77308797312,2263838.6139807887,0.0,0.0,0.0,0.0,39588.79393939397,3014578.0
Active Mean,test,1374143,1374143,0.0,163651.60369285446,2399234.664770716,0.0,0.0,0.0,0.0,0.0,3005437.380000001
Active Mean,training_benign,10885643,10885643,0.0,208506.93532241732,2798913.212842722,0.0,0.0,0.0,0.0,41166.704761904795,3010464.16
Active Mean,training_malicious,1909493,1909493,0.0,17886.71292327335,328938.07463169,0.0,0.0,0.0,0.0,0.0,8.0
Active Mean,validation_Infilteration,68857,68857,0.0,321975.4204698418,3450903.031651643,0.0,0.0,0.0,0.0,140362.20000000016,3298512.120000006
Active Mean,test_Infilteration,93040,93040,0.0,281742.55621597223,2962780.274175825,0.0,0.0,0.0,0.0,60347.62000000002,3403911.3951300047
Active Mean,test_Bot,282310,282310,0.0,8.870973988540966,350.0972519757827,0.0,0.0,0.0,0.0,0.0,0.0
Active Std,train,12795136,12795136,0.0,90912.67634544171,1567446.7260700995,0.0,0.0,0.0,0.0,0.0,979662.813284772
Active Std,validation,1652943,1652943,0.0,80085.82620607453,1330912.7675561886,0.0,0.0,0.0,0.0,0.0,1088715.404429673
Active Std,test,1374143,1374143,0.0,78277.87742045392,1445111.472540052,0.0,0.0,0.0,0.0,0.0,841881.3707860078
Active Std,training_benign,10885643,10885643,0.0,105844.34906660313,1698202.070261192,0.0,0.0,0.0,0.0,0.0,1115353.4575519625
Active Std,training_malicious,1909493,1909493,0.0,5790.155008415761,118843.18245848115,0.0,0.0,0.0,0.0,0.0,0.0
Active Std,validation_Infilteration,68857,68857,0.0,141452.41701778307,1995308.4227166015,0.0,0.0,0.0,0.0,0.0,1418372.3118000005
Active Std,test_Infilteration,93040,93040,0.0,111774.93355024127,1767484.659398789,0.0,0.0,0.0,0.0,0.0,1067781.0195900009
Active Std,test_Bot,282310,282310,0.0,3.261675799317594,200.96663434623693,0.0,0.0,0.0,0.0,0.0,0.0
Active Max,train,12795136,12795136,0.0,272580.43065779057,3422912.542519878,0.0,0.0,0.0,0.0,2550.5,3794807.950000016
Active Max,validation,1652943,1652943,0.0,262177.3878935934,3019883.128818608,0.0,0.0,0.0,0.0,101039.80000000005,4030115.0200000424
Active Max,test,1374143,1374143,0.0,246148.00900634067,3172015.366137384,0.0,0.0,0.0,0.0,0.0,3850014.7200000547
Active Max,training_benign,10885643,10885643,0.0,316538.22328823386,3705391.0533897914,0.0,0.0,0.0,0.0,91533.0,4261519.14000001
Active Max,training_malicious,1909493,1909493,0.0,21985.724291736078,404255.8279913726,0.0,0.0,0.0,0.0,0.0,8.0
Active Max,validation_Infilteration,68857,68857,0.0,464462.21397969703,4525746.654532269,0.0,0.0,0.0,0.0,223699.2,5088202.8000000045
Active Max,test_Infilteration,93040,93040,0.0,394618.9344582975,3919285.009003996,0.0,0.0,0.0,0.0,112802.40000000008,4968405.71
Active Max,test_Bot,282310,282310,0.0,12.341610286564414,541.00431049682,0.0,0.0,0.0,0.0,0.0,0.0
Active Min,train,12795136,12795136,0.0,119535.79719754444,2178434.1329964297,0.0,0.0,0.0,0.0,858.0,2003947.600000009
Active Min,validation,1652943,1652943,0.0,115559.6263180279,1930599.3696131632,0.0,0.0,0.0,0.0,11641.0,3007671.3200000003
Active Min,test,1374143,1374143,0.0,111916.9960760998,2030918.7789735822,0.0,0.0,0.0,0.0,0.0,3000734.3200000003
Active Min,training_benign,10885643,10885643,0.0,138086.3166918114,2358798.241352395,0.0,0.0,0.0,0.0,11790.0,3000978.58
Active Min,training_malicious,1909493,1909493,0.0,13782.944121292929,259144.38146325434,0.0,0.0,0.0,0.0,0.0,8.0
Active Min,validation_Infilteration,68857,68857,0.0,227631.9033504219,2955046.5876742164,0.0,0.0,0.0,0.0,77463.20000000001,3134399.880000003
Active Min,test_Infilteration,93040,93040,0.0,206185.74400257954,2524041.6288581616,0.0,0.0,0.0,0.0,20848.0,3090050.35
Active Min,test_Bot,282310,282310,0.0,6.337313591442032,245.27766857524153,0.0,0.0,0.0,0.0,0.0,0.0
Idle Mean,train,12795136,12795136,0.0,4578977.525318117,15087132.57534764,0.0,0.0,0.0,0.0,10000145.136363637,86054876.25
Idle Mean,validation,1652943,1652943,0.0,7642610.735707407,21527425.466842897,0.0,0.0,0.0,0.0,20400000.0,86409366.12
Idle Mean,test,1374143,1374143,0.0,4906675.445394624,17146600.739494536,0.0,0.0,0.0,0.0,9949750.4,86200000.0
Idle Mean,training_benign,10885643,10885643,0.0,4730220.87848552,15681473.77166282,0.0,0.0,0.0,0.0,9997876.163636364,86154352.74
Idle Mean,training_malicious,1909493,1909493,0.0,3716768.9973458922,11067831.553658579,0.0,0.0,0.0,0.0,16000000.0,42000000.0
Idle Mean,validation_Infilteration,68857,68857,0.0,3955588.180301422,12274071.115210984,0.0,0.0,0.0,0.0,9999626.4,58600000.0
Idle Mean,test_Infilteration,93040,93040,0.0,3347813.526492455,12037984.737245722,0.0,0.0,0.0,0.0,9015619.25,58700000.0
Idle Mean,test_Bot,282310,282310,0.0,25766.35613332861,912210.0501630483,0.0,0.0,0.0,0.0,0.0,0.0
Idle Std,train,12795136,12795136,0.0,153369.52036864866,1695090.2959088653,0.0,0.0,0.0,0.0,0.0,2598662.9857337237
Idle Std,validation,1652943,1652943,0.0,177950.15687735795,1765861.0364695732,0.0,0.0,0.0,0.0,0.0,4231509.412098513
Idle Std,test,1374143,1374143,0.0,147571.23362197878,1637449.5395732236,0.0,0.0,0.0,0.0,0.0,3115129.5934600392
Idle Std,training_benign,10885643,10885643,0.0,171348.59649002764,1787468.2875440367,0.0,0.0,0.0,0.0,0.0,3425824.040232086
Idle Std,training_malicious,1909493,1909493,0.0,50874.35326033443,1013394.1703255115,0.0,0.0,0.0,0.0,0.0,0.0
Idle Std,validation_Infilteration,68857,68857,0.0,253289.6573266549,2028524.5875442491,0.0,0.0,0.0,0.0,7876.671461600001,5656824.07024
Idle Std,test_Infilteration,93040,93040,0.0,243101.4453785572,1833340.1664331777,0.0,0.0,0.0,0.0,0.0,5656883.67227
Idle Std,test_Bot,282310,282310,0.0,1280.2811294990613,211252.8898823399,0.0,0.0,0.0,0.0,0.0,0.0
Idle Max,train,12795136,12795136,0.0,4709596.422727355,15360809.663480762,0.0,0.0,0.0,0.0,10014261.0,86057717.0
Idle Max,validation,1652943,1652943,0.0,7797951.341870833,21724290.112254474,0.0,0.0,0.0,0.0,20546542.600000076,86409953.32
Idle Max,test,1374143,1374143,0.0,5032408.59080969,17367505.59659349,0.0,0.0,0.0,0.0,10000000.0,86200000.0
Idle Max,training_benign,10885643,10885643,0.0,4871164.874779193,15962957.54059044,0.0,0.0,0.0,0.0,10012614.0,86156272.32
Idle Max,training_malicious,1909493,1909493,0.0,3788526.5423460575,11288550.33856533,0.0,0.0,0.0,0.0,16000000.0,44100000.0
Idle Max,validation_Infilteration,68857,68857,0.0,4153617.9295351235,12752600.174823403,0.0,0.0,0.0,0.0,10000000.0,58900000.0
Idle Max,test_Infilteration,93040,93040,0.0,3549318.2914660363,12479289.821565062,0.0,0.0,0.0,0.0,10000000.0,58900000.0
Idle Max,test_Bot,282310,282310,0.0,26706.103219864686,977659.58111481,0.0,0.0,0.0,0.0,0.0,0.0
Idle Min,train,12795136,12795136,0.0,4435482.15045014,14951845.61961701,0.0,0.0,0.0,0.0,9925210.5,86054876.25
Idle Min,validation,1652943,1652943,0.0,7472009.0523538925,21444528.03684726,0.0,0.0,0.0,0.0,12792776.400000082,86409366.12
Idle Min,test,1374143,1374143,0.0,4765957.684446961,17039285.879389543,0.0,0.0,0.0,0.0,8276839.800000022,86200000.0
Idle Min,training_benign,10885643,10885643,0.0,4569016.436354012,15534998.002064593,0.0,0.0,0.0,0.0,9890465.0,86154352.74
Idle Min,training_malicious,1909493,1909493,0.0,3674229.522339176,11023835.360891463,0.0,0.0,0.0,0.0,15400000.0,42000000.0
Idle Min,validation_Infilteration,68857,68857,0.0,3726453.4142062534,11992613.685271727,0.0,0.0,0.0,0.0,9917721.4,58400000.0
Idle Min,test_Infilteration,93040,93040,0.0,3129524.36544497,11787388.171473095,0.0,0.0,0.0,0.0,6015472.0,58500000.0
Idle Min,test_Bot,282310,282310,0.0,24822.71262087776,867704.5559835901,0.0,0.0,0.0,0.0,0.0,0.0
Protocol=0,train,12795136,12795136,0.0,0.01492043539044837,0.12123454952367263,0.0,0.0,0.0,0.0,0.0,1.0
Protocol=0,validation,1652943,1652943,0.0,0.01620806041103656,0.1262749349188062,0.0,0.0,0.0,0.0,0.0,1.0
Protocol=0,test,1374143,1374143,0.0,0.014940948649449148,0.12131659698039536,0.0,0.0,0.0,0.0,0.0,1.0
Protocol=0,training_benign,10885643,10885643,0.0,0.017537687025010833,0.13126353857345005,0.0,0.0,0.0,0.0,0.0,1.0
Protocol=0,training_malicious,1909493,1909493,0.0,0.0,0.0,0.0,0.0,0.0,0.0,0.0,0.0
Protocol=0,validation_Infilteration,68857,68857,0.0,0.015176380033983474,0.12225406955618116,0.0,0.0,0.0,0.0,0.0,1.0
Protocol=0,test_Infilteration,93040,93040,0.0,0.013005159071367154,0.11329618223442303,0.0,0.0,0.0,0.0,0.0,1.0
Protocol=0,test_Bot,282310,282310,0.0,0.0009138889872834827,0.030216780010490933,0.0,0.0,0.0,0.0,0.0,0.0
Protocol=17,train,12795136,12795136,0.0,0.26348465541905924,0.44052297531202667,0.0,0.0,0.0,1.0,1.0,1.0
Protocol=17,validation,1652943,1652943,0.0,0.3078593756711514,0.46160803771437986,0.0,0.0,0.0,1.0,1.0,1.0
Protocol=17,test,1374143,1374143,0.0,0.22826518055253348,0.41971441230895656,0.0,0.0,0.0,0.0,1.0,1.0
Protocol=17,training_benign,10885643,10885643,0.0,0.30947138354619935,0.46227572541957945,0.0,0.0,0.0,1.0,1.0,1.0
Protocol=17,training_malicious,1909493,1909493,0.0,0.0013233879359599641,0.03635431996793394,0.0,0.0,0.0,0.0,0.0,0.0
Protocol=17,validation_Infilteration,68857,68857,0.0,0.3617061446185573,0.48049433874265013,0.0,0.0,0.0,1.0,1.0,1.0
Protocol=17,test_Infilteration,93040,93040,0.0,0.28413585554600174,0.45100185270034465,0.0,0.0,0.0,1.0,1.0,1.0
Protocol=17,test_Bot,282310,282310,0.0,0.0,0.0,0.0,0.0,0.0,0.0,0.0,0.0
Protocol=6,train,12795136,12795136,0.0,0.7215949091904924,0.4482138956133204,1.0,0.0,0.0,1.0,1.0,1.0
Protocol=6,validation,1652943,1652943,0.0,0.6759325639178121,0.46802535503250714,1.0,0.0,0.0,1.0,1.0,1.0
Protocol=6,test,1374143,1374143,0.0,0.7567938707980174,0.4290185402993347,1.0,0.0,1.0,1.0,1.0,1.0
Protocol=6,training_benign,10885643,10885643,0.0,0.6729909294287898,0.4691206010562347,1.0,0.0,0.0,1.0,1.0,1.0
Protocol=6,training_malicious,1909493,1909493,0.0,0.99867661206404,0.03635431996793361,1.0,1.0,1.0,1.0,1.0,1.0
Protocol=6,validation_Infilteration,68857,68857,0.0,0.6231174753474592,0.4846050838198746,1.0,0.0,0.0,1.0,1.0,1.0
Protocol=6,test_Infilteration,93040,93040,0.0,0.7028589853826311,0.4569991597908354,1.0,0.0,0.0,1.0,1.0,1.0
Protocol=6,test_Bot,282310,282310,0.0,0.9990861110127165,0.030216780010490912,1.0,1.0,1.0,1.0,1.0,1.0
