model,partition,attack_family,total_records,mean_probability,median_probability,p75_probability,p90_probability,p95_probability,p99_probability,maximum_probability,predicted_malicious_at_0_5,false_positive_rate_at_0_5,recall_at_0_5
logistic_regression,validation,Benign,1583520,0.06804451547333201,0.002865683753043413,0.005734462523832917,0.2069260805845265,0.5891396999359131,0.9830386471748352,1.0,115417,0.0728863544508437,
logistic_regression,validation,Infilteration,68857,0.06546264699554327,0.002740384079515934,0.006168304942548275,0.2385801643133164,0.5958068132400512,0.7798984599113464,0.9999960660934448,4998,,0.07258521283239176
logistic_regression,validation,Brute Force -Web,362,0.11871071444543711,2.4690868016818968e-08,0.016240089666098356,0.6107427477836609,0.6558070123195648,0.7555807596445083,0.9825384616851807,62,,0.1712707182320442
logistic_regression,validation,Brute Force -XSS,151,0.3045821045140933,2.468988036241626e-08,0.6974478363990784,0.7318368554115295,0.7396834492683411,0.7453726530075073,0.7503577470779419,66,,0.4370860927152318
logistic_regression,validation,SQL Injection,53,0.4471164880181294,0.3107661306858063,0.9468389749526978,0.9965343117713928,0.9973879337310791,0.9999940967559815,0.9999972581863403,21,,0.39622641509433965
logistic_regression,test,Benign,998793,0.049373028567121925,0.002794239902868867,0.004960804246366024,0.03739693090319641,0.5001260042190552,0.9674871706962584,1.0,50403,0.05046390993929673,
logistic_regression,test,Infilteration,93040,0.03501184061872448,0.0018846339080482721,0.0044329887023195624,0.01061505638062954,0.18748291432857514,0.7798191547393799,1.0,3042,,0.03269561478933792
logistic_regression,test,Bot,282310,0.06996555601119593,0.0003567497478798032,0.14204376935958862,0.14472070336341858,0.14699235558509827,0.14904171228408813,0.16488464176654816,0,,0.0
random_forest,validation,Benign,1583520,0.011101222962150572,0.0,0.001535890075042644,0.029810928821418854,0.04018797618305934,0.17303973533624475,0.9960038761271822,5650,0.0035680004041628776,
random_forest,validation,Infilteration,68857,0.016135651093369816,0.0,0.0015377568370321221,0.0626864749347309,0.1100244754774358,0.2195540351196641,0.9357164062336669,137,,0.001989630683881087
random_forest,validation,Brute Force -Web,362,0.1832836485445242,0.02769553205977648,0.3580756351097511,0.49053816475811773,0.4962545522609907,0.8651769270320828,0.9550561987792395,10,,0.027624309392265192
random_forest,validation,Brute Force -XSS,151,0.38244939111503823,0.4365400553357857,0.4474972386496944,0.7822024563564062,0.8198815855081024,0.8262843713904606,0.8357013082132733,23,,0.152317880794702
random_forest,validation,SQL Injection,53,0.16329639982275881,0.11787638210885056,0.19423692888988617,0.29149677160744647,0.38959251334663403,0.8978616006046016,0.923408805379172,3,,0.05660377358490566
random_forest,test,Benign,998793,0.009953648782886848,0.0,8.249974732392288e-05,0.020741028806579492,0.05209488207030613,0.1382789584712953,0.9966735903005414,3187,0.0031908513575886095,
random_forest,test,Infilteration,93040,0.02027172572936893,0.0,0.015765242773527265,0.0844611723410013,0.1100244754774358,0.2345841190615119,0.9960038761271822,235,,0.0025257953568357696
random_forest,test,Bot,282310,0.10200075960209529,0.02138403332103743,0.19326625905215095,0.20687083007430693,0.20739461713485563,0.20910319762045862,0.2917750071534527,0,,0.0
xgboost,validation,Benign,1583520,0.013876872098113115,0.008664236404001713,0.008788839913904667,0.009142317809164524,0.01557355560362339,0.09406353533267975,0.9909633994102478,7130,0.004502627058704658,
xgboost,validation,Infilteration,68857,0.019231183393096957,0.008664236404001713,0.008788839913904667,0.009142317809164524,0.01692003570497036,0.5295892357826233,0.9712246060371399,719,,0.010441930377448916
xgboost,validation,Brute Force -Web,362,0.17443164044126705,0.02454455755650997,0.19846057891845703,0.7286102175712585,0.7286102175712585,0.905794084072113,0.905794084072113,69,,0.19060773480662985
xgboost,validation,Brute Force -XSS,151,0.5280730914978298,0.7511561512947083,0.7511561512947083,0.8284656405448914,0.8928322196006775,0.8928322196006775,0.905794084072113,101,,0.6688741721854304
xgboost,validation,SQL Injection,53,0.09091716051488272,0.03898357227444649,0.08807907998561859,0.1822395890951158,0.19434873461723326,0.905794084072113,0.905794084072113,2,,0.03773584905660377
xgboost,test,Benign,998793,0.013047883924479442,0.008664236404001713,0.008664236404001713,0.009102086536586285,0.01557355560362339,0.07889457046985626,0.9903578162193298,3913,0.003917728698539137,
xgboost,test,Infilteration,93040,0.02242972057777988,0.008664236404001713,0.008808627724647522,0.009142317809164524,0.01975059323012829,0.7402516603469849,0.982611894607544,1201,,0.012908426483233018
xgboost,test,Bot,282310,0.03293445583272651,0.00858868844807148,0.06288675963878632,0.06288675963878632,0.06288675963878632,0.06288675963878632,0.07555672526359558,0,,0.0
mlp,validation,Benign,1583520,0.0027647378675274533,1.4506140971586035e-12,1.8229167134120594e-10,2.754126180661845e-05,0.0017193149542436004,0.05904790386557579,1.0,2118,0.001337526523188845,
mlp,validation,Infilteration,68857,0.006036716910364135,3.6843141384967915e-12,2.131765199919755e-07,0.002004277426749468,0.016105787456035588,0.08126085996627808,0.9999980926513672,240,,0.003485484409718692
mlp,validation,Brute Force -Web,362,0.2636477179402272,0.023371124640107155,0.3509520888328552,0.9982104897499084,0.998233187198639,0.9982742559909821,0.9982964396476746,71,,0.19613259668508287
mlp,validation,Brute Force -XSS,151,0.6215882660753236,0.608727753162384,0.9999812841415405,0.9999821186065674,0.9999822974205017,0.9999826550483704,0.9999829530715942,98,,0.6490066225165563
mlp,validation,SQL Injection,53,0.09665655999551402,0.003763473592698574,0.013524474576115608,0.3553659260272982,0.664328098297119,0.8226068449020382,0.8862031698226929,4,,0.07547169811320754
mlp,test,Benign,998793,0.0022842438904039867,1.6803730715914122e-12,2.331523585308304e-10,6.40372945781565e-07,0.0007135970983653923,0.04082539618015239,0.9999980926513672,1175,0.0011764199388662115,
mlp,test,Infilteration,93040,0.0073376973013520915,5.601160811205541e-13,4.3437074770391604e-10,0.00010158197474083864,0.013788476586341858,0.08094947785139084,0.9999980926513672,504,,0.005417024935511608
mlp,test,Bot,282310,0.00016554901614093196,2.4136679321884458e-09,0.0003589334955904633,0.0003892899549100548,0.00041663009324111044,0.0004433542781043798,0.0009391292696818709,0,,0.0
