model,partition,attack_family,total_records,mean_probability,median_probability,p75_probability,p90_probability,p95_probability,p99_probability,maximum_probability,predicted_malicious_at_0_5,recall_at_0_5,training_status
logistic_regression,validation,Infilteration,68857,0.06546264699554327,0.002740384079515934,0.006168304942548275,0.2385801643133164,0.5958068132400512,0.7798984599113464,0.9999960660934448,4998,0.07258521283239176,UNSEEN
logistic_regression,test,Infilteration,93040,0.03501184061872448,0.0018846339080482721,0.0044329887023195624,0.01061505638062954,0.18748291432857514,0.7798191547393799,1.0,3042,0.03269561478933792,UNSEEN
logistic_regression,test,Bot,282310,0.06996555601119593,0.0003567497478798032,0.14204376935958862,0.14472070336341858,0.14699235558509827,0.14904171228408813,0.16488464176654816,0,0.0,UNSEEN
random_forest,validation,Infilteration,68857,0.016135651093369816,0.0,0.0015377568370321221,0.0626864749347309,0.1100244754774358,0.2195540351196641,0.9357164062336669,137,0.001989630683881087,UNSEEN
random_forest,test,Infilteration,93040,0.02027172572936893,0.0,0.015765242773527265,0.0844611723410013,0.1100244754774358,0.2345841190615119,0.9960038761271822,235,0.0025257953568357696,UNSEEN
random_forest,test,Bot,282310,0.10200075960209529,0.02138403332103743,0.19326625905215095,0.20687083007430693,0.20739461713485563,0.20910319762045862,0.2917750071534527,0,0.0,UNSEEN
xgboost,validation,Infilteration,68857,0.019231183393096957,0.008664236404001713,0.008788839913904667,0.009142317809164524,0.01692003570497036,0.5295892357826233,0.9712246060371399,719,0.010441930377448916,UNSEEN
xgboost,test,Infilteration,93040,0.02242972057777988,0.008664236404001713,0.008808627724647522,0.009142317809164524,0.01975059323012829,0.7402516603469849,0.982611894607544,1201,0.012908426483233018,UNSEEN
xgboost,test,Bot,282310,0.03293445583272651,0.00858868844807148,0.06288675963878632,0.06288675963878632,0.06288675963878632,0.06288675963878632,0.07555672526359558,0,0.0,UNSEEN
mlp,validation,Infilteration,68857,0.006036716910364135,3.6843141384967915e-12,2.131765199919755e-07,0.002004277426749468,0.016105787456035588,0.08126085996627808,0.9999980926513672,240,0.003485484409718692,UNSEEN
mlp,test,Infilteration,93040,0.0073376973013520915,5.601160811205541e-13,4.3437074770391604e-10,0.00010158197474083864,0.013788476586341858,0.08094947785139084,0.9999980926513672,504,0.005417024935511608,UNSEEN
mlp,test,Bot,282310,0.00016554901614093196,2.4136679321884458e-09,0.0003589334955904633,0.0003892899549100548,0.00041663009324111044,0.0004433542781043798,0.0009391292696818709,0,0.0,UNSEEN
