seed,cohort,partition,criterion,model,control,delta_recall,delta_precision,delta_f1,delta_macro_f1,delta_false_positive_rate,delta_roc_auc,delta_average_precision
42,phase5_matched,validation,fixed_0_5,transformer_L64,transformer_L1,0.0012769909449732997,0.0190517466241297,0.004871989474418456,0.0029006749696044443,-0.0017778765486971514,0.028694991161436034,0.0013242316397943793
42,phase5_matched,validation,maximum_macro_f1,transformer_L64,transformer_L1,0.00696540515439982,0.0036274653566977233,0.006789725442011216,0.0032116431026742998,0.0010051063442918541,0.028694991161436034,0.0013242316397943793
42,phase5_matched,validation,fpr_at_most_0.01,transformer_L64,transformer_L1,0.0016252612026932955,0.004498572049864563,0.002413795295434909,0.0012200400727686578,1.5152356949123952e-05,0.028694991161436034,0.0013242316397943793
42,phase5_matched,validation,fpr_at_most_0.005,transformer_L64,transformer_L1,-0.0018574413745066146,-0.012045151021752243,-0.0032240884065252717,-0.0016364852056774959,2.020314259883107e-05,0.028694991161436034,0.0013242316397943793
42,phase5_matched,validation,fpr_at_most_0.001,transformer_L64,transformer_L1,0.0012769909449732995,0.04636240013598504,0.0024859675777880426,0.0012575527255412333,-5.050785649707767e-06,0.028694991161436034,0.0013242316397943793
42,phase5_matched,test,fixed_0_5,transformer_L64,transformer_L1,0.004578559563865582,0.08383534136546189,0.008683358768533357,0.005104820819939793,-0.0018510356985456146,-0.041562683521619403,-0.03542093615637815
42,phase5_matched,test,maximum_macro_f1,transformer_L64,transformer_L1,0.015375441884236979,0.11817519912426888,0.02782628095215689,0.01490006488572243,0.00018430225569934788,-0.041562683521619403,-0.03542093615637815
42,phase5_matched,test,fpr_at_most_0.01,transformer_L64,transformer_L1,0.0009583031645300048,0.03513921065733022,0.0018700584533878524,0.0011545298822416283,-0.0006330381826194949,-0.041562683521619403,-0.03542093615637815
42,phase5_matched,test,fpr_at_most_0.005,transformer_L64,transformer_L1,0.001277737552706674,0.12498711231500315,0.0025405797261869364,0.0016593485703426114,-0.0012420369405825552,-0.041562683521619403,-0.03542093615637815
42,phase5_matched,test,fpr_at_most_0.001,transformer_L64,transformer_L1,0.0008731206610162272,0.505954496978315,0.0017450306276904353,0.0011632855167847955,-0.0009535638447053167,-0.041562683521619403,-0.03542093615637815
123,phase5_matched,validation,fixed_0_5,transformer_L64,transformer_L1,0.00940329695843975,0.009082856754139668,0.011018126735475517,0.005378171996405445,0.0009040906312976979,0.0188999868368811,0.008596995715119668
123,phase5_matched,validation,maximum_macro_f1,transformer_L64,transformer_L1,0.014279080566519622,0.00301107385246957,0.013436828727934294,0.006208685119578616,0.002591053038300109,0.0188999868368811,0.008596995715119668
123,phase5_matched,validation,fpr_at_most_0.01,transformer_L64,transformer_L1,0.005572324123519851,0.01569081694124433,0.00829325380159171,0.004203531973288821,5.050785649707984e-06,0.0188999868368811,0.008596995715119668
123,phase5_matched,validation,fpr_at_most_0.005,transformer_L64,transformer_L1,0.006036684467146506,0.03496328437917223,0.010344723925658703,0.0052315116235331915,1.5152356949123084e-05,0.0188999868368811,0.008596995715119668
123,phase5_matched,validation,fpr_at_most_0.001,transformer_L64,transformer_L1,0.004643603436266543,0.1514249921703727,0.009014411451784506,0.004553065732737838,1.0101571299415751e-05,0.0188999868368811,0.008596995715119668
123,phase5_matched,test,fixed_0_5,transformer_L64,transformer_L1,0.0030026832488606846,0.04008102352244158,0.005626997483025524,0.003061857133645318,-0.0001923153972514923,-0.08414057446818934,-0.0938004201318211
123,phase5_matched,test,maximum_macro_f1,transformer_L64,transformer_L1,0.0066016440223178145,0.03640083832510088,0.011933809879994935,0.005953723622831031,0.0018430225569934684,-0.08414057446818934,-0.0938004201318211
123,phase5_matched,test,fpr_at_most_0.01,transformer_L64,transformer_L1,0.0011499637974360065,0.033003031451307285,0.002222490548671942,0.001292376194003686,-0.00042469650226371284,-0.08414057446818934,-0.0938004201318211
123,phase5_matched,test,fpr_at_most_0.005,transformer_L64,transformer_L1,0.000340730014055113,0.03902843555837743,0.000680348932358325,0.0004726782760340331,-0.00044873592692014916,-0.08414057446818934,-0.0938004201318211
123,phase5_matched,test,fpr_at_most_0.001,transformer_L64,transformer_L1,0.0002768431364197795,0.23261358524516418,0.0005547440335561453,0.0004639170171309437,-0.0006891301734845147,-0.08414057446818934,-0.0938004201318211
456,phase5_matched,validation,fixed_0_5,transformer_L64,transformer_L1,0.013582540051079645,0.0077218370937877645,0.015500355102568308,0.007417646113569432,0.0018738414760415979,0.005790159630191916,0.002670101763774517
456,phase5_matched,validation,maximum_macro_f1,transformer_L64,transformer_L1,0.008242396099373106,0.008649027321226493,0.008966490528633062,0.004422496869515791,0.0005757895640666894,0.005790159630191916,0.002670101763774517
456,phase5_matched,validation,fpr_at_most_0.01,transformer_L64,transformer_L1,0.0018574413745066146,0.004261267440839128,0.0026707626267831047,0.00133820441558119,6.566021344620206e-05,0.005790159630191916,0.002670101763774517
456,phase5_matched,validation,fpr_at_most_0.005,transformer_L64,transformer_L1,0.00232180171813327,0.013513874922441632,0.003978484782872355,0.002015994688733702,-1.01015712994151e-05,0.005790159630191916,0.002670101763774517
456,phase5_matched,validation,fpr_at_most_0.001,transformer_L64,transformer_L1,0.0032505224053865803,0.1051769842507407,0.006309579297923049,0.003186133646238598,1.0101571299415751e-05,0.005790159630191916,0.002670101763774517
456,phase5_matched,test,fixed_0_5,transformer_L64,transformer_L1,0.0037693257804846877,0.03674613959811973,0.007030063767881359,0.00363910643483506,0.000520854200889459,-0.28317821225958745,-0.1756912982979338
456,phase5_matched,test,maximum_macro_f1,transformer_L64,transformer_L1,0.0034498913923080195,0.028045662559059603,0.0062633251150218325,0.0032832991638139797,0.00032052566208582225,-0.28317821225958745,-0.1756912982979338
456,phase5_matched,test,fpr_at_most_0.01,transformer_L64,transformer_L1,0.00034073001405511387,0.019928407271315673,0.0006818850372796968,0.00047980202148328877,-0.0004727753515765846,-0.28317821225958745,-0.1756912982979338
456,phase5_matched,test,fpr_at_most_0.005,transformer_L64,transformer_L1,0.00017036500702755607,0.054754467074846935,0.00036012785622646475,0.000389406519205604,-0.0008093272967666979,-0.28317821225958745,-0.1756912982979338
456,phase5_matched,test,fpr_at_most_0.001,transformer_L64,transformer_L1,0.0,0.1519607843137255,3.7964073405106352e-06,0.00013481030447792808,-0.0005448936255458953,-0.28317821225958745,-0.1756912982979338
789,phase5_matched,validation,fixed_0_5,transformer_L64,transformer_L1,0.00696540515439982,0.013730802914568296,0.009314782049446343,0.004730163635635831,0.0,-0.0013757932012891105,0.0052821610483267875
789,phase5_matched,validation,maximum_macro_f1,transformer_L64,transformer_L1,0.0059205943812398465,0.02520405077028376,0.010679372935759282,0.005872747350536112,-0.0018536383334427677,-0.0013757932012891105,0.0052821610483267875
789,phase5_matched,validation,fpr_at_most_0.01,transformer_L64,transformer_L1,0.0006965405154399779,0.0020042715256212984,0.0010414367987034295,0.000527990101040654,0.0,-0.0013757932012891105,0.0052821610483267875
789,phase5_matched,validation,fpr_at_most_0.005,transformer_L64,transformer_L1,0.004063153006733225,0.02503608934155646,0.007009248570532485,0.0035558751824622536,-3.535549954795502e-05,-0.0013757932012891105,0.0052821610483267875
789,phase5_matched,validation,fpr_at_most_0.001,transformer_L64,transformer_L1,0.0023218017181332712,0.0813153961136024,0.004517071092935251,0.0022726215357695145,4.040628519766257e-05,-0.0013757932012891105,0.0052821610483267875
789,phase5_matched,test,fixed_0_5,transformer_L64,transformer_L1,0.0017249456961540115,0.03778419064244232,0.00330284579111257,0.001998008261173412,-0.0009375375616010248,-0.08694395296211166,-0.05298457705480131
789,phase5_matched,test,maximum_macro_f1,transformer_L64,transformer_L1,0.0017675369479108992,0.05783796007141645,0.0035104494701296562,0.00248105321641634,-0.0024600344565086727,-0.08694395296211166,-0.05298457705480131
789,phase5_matched,test,fpr_at_most_0.01,transformer_L64,transformer_L1,0.0003194343881766683,0.007695378077270776,0.0006139624978414512,0.0003460401307848193,-7.211827396930853e-05,-0.08694395296211166,-0.05298457705480131
789,phase5_matched,test,fpr_at_most_0.005,transformer_L64,transformer_L1,-0.000596277524596448,-0.01594018512372314,-0.001161692772031337,-0.0005931870011940399,-0.00011218398173003675,-0.08694395296211166,-0.05298457705480131
789,phase5_matched,test,fpr_at_most_0.001,transformer_L64,transformer_L1,-0.000191660632906001,0.03164296021438878,-0.00037969131160563597,-0.00012051894356790438,-0.00033655194519011187,-0.08694395296211166,-0.05298457705480131
1024,phase5_matched,validation,fixed_0_5,transformer_L64,transformer_L1,0.0032505224053865772,0.02555926977838946,0.00769111845085399,0.004375264941895329,-0.001954654046436922,0.02039082290987071,0.010263672468277606
1024,phase5_matched,validation,maximum_macro_f1,transformer_L64,transformer_L1,0.02124448572091943,-0.015547115980671128,0.014082119559822567,0.005410576723128724,0.0072680805499295426,0.02039082290987071,0.010263672468277606
1024,phase5_matched,validation,fpr_at_most_0.01,transformer_L64,transformer_L1,0.008822846528906428,0.026179114893812777,0.013274419928456682,0.006736959843915424,-3.030471389824617e-05,0.02039082290987071,0.010263672468277606
1024,phase5_matched,validation,fpr_at_most_0.005,transformer_L64,transformer_L1,0.011841188762479686,0.06714516850838237,0.020243941073317333,0.010231512913190355,5.555864214678609e-05,0.02039082290987071,0.010263672468277606
1024,phase5_matched,validation,fpr_at_most_0.001,transformer_L64,transformer_L1,0.004643603436266543,0.1463079719955131,0.009006986889510456,0.004545564185058915,2.525392824853916e-05,0.02039082290987071,0.010263672468277606
1024,phase5_matched,test,fixed_0_5,transformer_L64,transformer_L1,0.0004897993952042261,0.05510432755957634,0.0011484774661180835,0.001233038708616907,-0.002540165872030129,-0.11045827256875917,-0.07205469417390115
1024,phase5_matched,test,maximum_macro_f1,transformer_L64,transformer_L1,0.0045146726862302505,-0.028889628418830582,0.007744617982241311,0.002784704370640989,0.005617212228054008,-0.11045827256875917,-0.07205469417390115
1024,phase5_matched,test,fpr_at_most_0.01,transformer_L64,transformer_L1,0.0011286681715575626,0.03755530935909396,0.0021929293485072575,0.0013174903589070475,-0.0005929724748587684,-0.11045827256875917,-0.07205469417390115
1024,phase5_matched,test,fpr_at_most_0.005,transformer_L64,transformer_L1,0.0005536862728395585,0.033213956978102255,0.001089227856305294,0.0006364487040562139,-0.00022436796346007436,-0.11045827256875917,-0.07205469417390115
1024,phase5_matched,test,fpr_at_most_0.001,transformer_L64,transformer_L1,0.0001703650070275564,0.19786934673366832,0.0003428250187576256,0.00034304712056654196,-0.0006570776072759325,-0.11045827256875917,-0.07205469417390115
