model,group,N,mean,median,p75,p90,p95,p99,maximum
autoencoder_B,Train benign,10885643,0.014876563799462866,0.0014183193282814846,0.005897129553870544,0.01938423134667273,0.03295589543760242,0.086428994289726,30949.34657622349
autoencoder_B,Validation Benign,1583520,0.1144408326751154,0.0014813798561258446,0.005378799906608764,0.016158457471535655,0.036910292454110184,0.29896278853016733,139592.524560002
autoencoder_B,Validation Infilteration,68857,0.03617066735289534,0.001463003799964894,0.009278528705263672,0.05162573166931798,0.2928940703931604,0.45323383049647586,8.66524178460863
autoencoder_B,Test Benign,998793,0.04975725472127005,0.001326312724764096,0.00392881415104282,0.012741520326445096,0.03420169074522368,0.2964332099632455,32635.068664779516
autoencoder_B,Test Infilteration,93040,0.04957066018480781,0.003323424740721152,0.008341433784769838,0.06827336639900548,0.2919226932025761,0.30187626661607087,621.9590007215804
autoencoder_B,Test Bot,282310,0.010495896723681205,0.01671063529052638,0.016789909362138495,0.016790655419624895,0.016791214315611876,0.05522529262092213,4.14471708897869
isolation_forest,Train benign,10885643,0.40543066820176127,0.38882617395728303,0.42615759696643807,0.5022797596100407,0.561475251522369,0.6234635181948244,0.7526732327314725
isolation_forest,Validation Benign,1583520,0.4111246483415602,0.38849936542456537,0.4296017081251129,0.54580707714676,0.5644528945765445,0.6335390818478481,0.7446736863504282
isolation_forest,Validation Infilteration,68857,0.4074668523143167,0.3851489862442744,0.43165033907113715,0.5045957626512795,0.5548590778036332,0.623041833979438,0.7400843152990172
isolation_forest,Test Benign,998793,0.40898370352508473,0.3911055269165275,0.4245641143471873,0.5423774438862875,0.5640587005446553,0.6313864748965409,0.754202529485268
isolation_forest,Test Infilteration,93040,0.4009081896554386,0.3772916830006795,0.42514656372335297,0.5012593962122305,0.5515313845964577,0.6216670983363574,0.73136787850951
isolation_forest,Test Bot,282310,0.380538181076974,0.4107592287103593,0.41336762949397693,0.41350060018838586,0.41387981373442767,0.41498498436318376,0.5982752211602094
