model,partition,training_seconds,phase9_training_seconds,inference_seconds,temporal_head_and_lookup_seconds,frozen_graph_representation_seconds,latency_ms_per_1000,peak_memory_bytes,training_peak_memory_bytes,model_size_bytes,shared_frozen_encoder_bytes,total_required_model_bytes,runtime_scope,shared_history_index_replay_seconds,inference_plus_shared_index_preparation_seconds,latency_including_shared_index_ms_per_1000
edge_mlp,validation,31.24170330000561,0,0.4185058000002755,0,0.0,4.71385866504782,1233817600,1209782272,456850,0,456850,Phase6 original measured full matched cohort; predictions reused; no refit,0.0,0.4185058000002755,4.71385866504782
edge_mlp,test,31.24170330000561,0,1.176663099999132,0,0.0,5.5348678918634,1233817600,1209782272,456850,0,456850,Phase6 original measured full matched cohort; predictions reused; no refit,0.0,1.176663099999132,5.5348678918634
gatv2_w1_h128_p2,validation,141.37441300000137,0,3.0301104999998643,0,0.0,34.129784190487534,1234116608,1227235328,460146,0,460146,Phase6 original measured full matched cohort; predictions reused; no refit,0.0,3.0301104999998643,34.129784190487534
gatv2_w1_h128_p2,test,141.37441300000137,0,5.049064700000599,0,0.0,23.75013382504715,1234116608,1227235328,460146,0,460146,Phase6 original measured full matched cohort; predictions reused; no refit,0.0,5.049064700000599,23.75013382504715
gat_transformer_L1,validation,12.366932000000133,12.366932000000133,1.8556740000001355,0.575344800000039,1.2803292000000965,20.90146651348399,1787011072,803659776,366762,460146,826908,amortized frozen graph preparation+encoding plus cached temporal lookup/head; excludes metadata/model load and one-time history-index preparation,0.0,1.8556740000001355,20.90146651348399
gat_transformer_L1,test,12.366932000000133,12.366932000000133,5.362500599999748,1.8608626999998705,3.501637899999878,25.22449492217332,1787011072,803659776,366762,460146,826908,amortized frozen graph preparation+encoding plus cached temporal lookup/head; excludes metadata/model load and one-time history-index preparation,0.0,5.362500599999748,25.22449492217332
gat_transformer_L4,validation,42.58155309999961,42.58155309999961,4.332891400000108,3.052562200000011,1.2803292000000965,48.80371471694834,1787011072,952684544,366762,460146,826908,amortized frozen graph preparation+encoding plus cached temporal lookup/head; excludes metadata/model load and one-time history-index preparation,4.403919500000029,8.736810900000137,98.40745759275683
gat_transformer_L4,test,42.58155309999961,42.58155309999961,10.913229099999853,7.411591199999975,3.501637899999878,51.33438903810535,1787011072,952684544,366762,460146,826908,amortized frozen graph preparation+encoding plus cached temporal lookup/head; excludes metadata/model load and one-time history-index preparation,36.273474299999634,47.18670339999949,221.96002370749227
gat_transformer_L8,validation,103.10744239999963,103.10744239999963,6.027740799999947,4.74741159999985,1.2803292000000965,67.89372620576184,1787011072,1157857280,366762,460146,826908,amortized frozen graph preparation+encoding plus cached temporal lookup/head; excludes metadata/model load and one-time history-index preparation,4.403919500000029,10.431660299999976,117.49746908157032
gat_transformer_L8,test,103.10744239999963,103.10744239999963,13.892282399999885,10.390644500000008,3.501637899999878,65.3474624984119,1787011072,1157857280,366762,460146,826908,amortized frozen graph preparation+encoding plus cached temporal lookup/head; excludes metadata/model load and one-time history-index preparation,36.273474299999634,50.16575669999952,235.9730971677988
