partition,model,control,criterion,delta_recall,delta_precision,delta_f1,delta_macro_f1,delta_false_positive_rate,delta_roc_auc,delta_average_precision
validation,gat_transformer_L4,gat_transformer_L1,fixed_0_5,0.0,-2.8920957663713942e-05,-1.4463616602511387e-05,-1.1843290870894307e-05,1.8443378827001113e-05,-6.243490879853653e-08,-9.823560254140773e-08
validation,gat_transformer_L4,gat_transformer_L1,maximum_macro_f1,0.0,0.0,0.0,0.0,0.0,-6.243490879853653e-08,-9.823560254140773e-08
validation,gat_transformer_L4,gat_transformer_L1,fpr_at_most_0.01,0.0,0.0,0.0,0.0,0.0,-6.243490879853653e-08,-9.823560254140773e-08
validation,gat_transformer_L8,gat_transformer_L1,fixed_0_5,0.0,2.8922630943006844e-05,1.4464035049455148e-05,1.1843415038459426e-05,-1.84433788270011e-05,-1.9264104378358127e-07,-3.028811951244492e-07
validation,gat_transformer_L8,gat_transformer_L1,maximum_macro_f1,0.0,-0.00011571395461873468,-5.7861999071540104e-05,-4.737539888610698e-05,7.377351530800442e-05,-1.9264104378358127e-07,-3.028811951244492e-07
validation,gat_transformer_L8,gat_transformer_L1,fpr_at_most_0.01,0.0,-0.00011571395461873468,-5.7861999071540104e-05,-4.737539888610698e-05,7.377351530800442e-05,-1.9264104378358127e-07,-3.028811951244492e-07
test,gat_transformer_L4,gat_transformer_L1,fixed_0_5,0.0,-5.3455922532918976e-05,-2.6734393415384083e-05,-1.465659757449167e-05,5.157483766819845e-06,-2.8134738871976595e-08,-2.972703050385661e-07
test,gat_transformer_L4,gat_transformer_L1,maximum_macro_f1,-0.007380468499304738,0.0,-0.003803508691824664,-0.002079173833779313,0.0,-2.8134738871976595e-08,-2.972703050385661e-07
test,gat_transformer_L4,gat_transformer_L1,fpr_at_most_0.01,-0.007380468499304738,0.0,-0.003803508691824664,-0.002079173833779313,0.0,-2.8134738871976595e-08,-2.972703050385661e-07
test,gat_transformer_L8,gat_transformer_L1,fixed_0_5,0.0,-0.00016035062055042015,-8.019889165000738e-05,-4.39676683759993e-05,1.5472451300459534e-05,-3.843701803507571e-07,-4.063599142289931e-06
test,gat_transformer_L8,gat_transformer_L1,maximum_macro_f1,0.009573216386779326,-0.00010877250231144941,0.004837887872556013,0.002646684229123508,1.0314967533639688e-05,-3.843701803507571e-07,-4.063599142289931e-06
test,gat_transformer_L8,gat_transformer_L1,fpr_at_most_0.01,0.009573216386779326,-0.00010877250231144941,0.004837887872556013,0.002646684229123508,1.0314967533639688e-05,-3.843701803507571e-07,-4.063599142289931e-06
