model,cohort,partition,criterion,accuracy_mean,accuracy_std,precision_mean,precision_std,recall_mean,recall_std,f1_mean,f1_std,macro_f1_mean,macro_f1_std,false_positive_rate_mean,false_positive_rate_std,roc_auc_mean,roc_auc_std,pr_auc_mean,pr_auc_std,average_precision_mean,average_precision_std,false_negative_rate_mean,false_negative_rate_std,completed_seeds
edge_mlp,feb20_matched,test,fixed_0_5,0.9976885192693953,0.0004828813186469198,0.9954209743029507,0.0021934542644270146,0.9782329660926303,0.007097461054244055,0.9867357089052241,0.002835300714177811,0.9927348263772361,0.0015495990144559267,0.00043529162991959487,0.00021254215248403983,0.9999634503264531,1.2630559404220828e-05,0.9995705009707402,0.00017758996314735709,0.9995705316967198,0.00017755242840470617,0.021767033907369775,0.007097461054244049,5
edge_mlp,feb20_matched,test,fpr_at_most_0.01,0.9962773588722007,0.0031398214894257687,0.9602796857121649,0.0314424205924477,0.9999679110065248,7.175317074019485e-05,0.9795084785705364,0.016746172692294448,0.988730557252002,0.009239172680228358,0.004078538162801132,0.003435738629476837,0.9999634503264531,1.2630559404220828e-05,0.9995705009707402,0.00017758996314735709,0.9995705316967198,0.00017755242840470617,3.208899347523799e-05,7.175317074017938e-05,5
edge_mlp,feb20_matched,test,maximum_macro_f1,0.9980036784247688,0.00040628732259349843,0.9782035916067109,0.004520509363553798,0.9995935394159803,0.000699976606625151,0.9887782692649922,0.002255740369975954,0.9938413270730688,0.0012394917644153634,0.002149639234010511,0.0004569454942634718,0.9999634503264531,1.2630559404220828e-05,0.9995705009707402,0.00017758996314735709,0.9995705316967198,0.00017755242840470617,0.0004064605840196813,0.0006999766066251534,5
edge_mlp,feb20_matched,validation,fixed_0_5,0.9905341172760244,0.0030546495711061424,0.9994862966240303,0.00029294519932343235,0.9761877206180198,0.008097998127259807,0.9876851672334552,0.004028937003953105,0.989998802374007,0.0032441671416948816,0.00032091479158981924,0.00018562873685114175,0.9999753230558287,9.829151180025924e-06,0.9999608410089988,1.553411584622396e-05,0.999960841582283,1.553388917889855e-05,0.02381227938198021,0.008097998127259816,5
edge_mlp,feb20_matched,validation,fpr_at_most_0.01,0.9976684463066838,0.0020984379243709685,0.9941409527923206,0.005130290133873505,0.9999247728719404,0.0001682129720936177,0.9970194853482142,0.0026711343637475767,0.9975524024177498,0.0021995365668783014,0.0037698266322390263,0.003329594371511078,0.9999753230558287,9.829151180025924e-06,0.9999608410089988,1.553411584622396e-05,0.999960841582283,1.553388917889855e-05,7.522712805971876e-05,0.000168212972093613,5
edge_mlp,feb20_matched,validation,maximum_macro_f1,0.9986326057083643,0.0004036531231740776,0.9969703224454595,0.0007511788322417355,0.9995254904230079,0.0008996414461382717,0.9982459360640441,0.0005181910661651922,0.9985627633226362,0.00042438685262691955,0.001936554776835116,0.00048218061462196153,0.9999753230558287,9.829151180025924e-06,0.9999608410089988,1.553411584622396e-05,0.999960841582283,1.553388917889855e-05,0.0004745095769920722,0.0008996414461383031,5
gat_transformer_L1,feb20_matched,test,fixed_0_5,0.9993405177077112,0.001007706424015329,0.9990214237163577,0.0004551458690488186,0.9934752379933682,0.011465237157118842,0.9962138230190958,0.005805675658264017,0.9979263119402291,0.003178704897634209,9.386620455612116e-05,4.397492172959768e-05,0.9999864009361339,2.8214754524872308e-05,0.9998705449177209,0.00026653051337456954,0.9998705475343208,0.0002665237183531123,0.006524762006631725,0.011465237157118816,5
gat_transformer_L1,feb20_matched,test,fpr_at_most_0.01,0.9975144761537413,0.0002741713526970686,0.9998351185865193,0.0002018038934103473,0.9719007380468498,0.003165056860970582,0.9856678803921026,0.0016044075725345655,0.9921535624052199,0.0008771484488101872,1.547245130045953e-05,1.8949805378093932e-05,0.9999864009361339,2.8214754524872308e-05,0.9998705449177209,0.00026653051337456954,0.9998705475343208,0.0002665237183531123,0.028099261953150066,0.0031650568609705877,5
gat_transformer_L1,feb20_matched,test,maximum_macro_f1,0.9975144761537413,0.0002741713526970686,0.9998351185865193,0.0002018038934103473,0.9719007380468498,0.003165056860970582,0.9856678803921026,0.0016044075725345655,0.9921535624052199,0.0008771484488101872,1.547245130045953e-05,1.8949805378093932e-05,0.9999864009361339,2.8214754524872308e-05,0.9998705449177209,0.00026653051337456954,0.9998705475343208,0.0002665237183531123,0.028099261953150066,0.0031650568609705877,5
gat_transformer_L1,feb20_matched,validation,fixed_0_5,0.9998603320492891,3.701578411203067e-05,0.9996413603656661,9.502480058191394e-05,1.0,0.0,0.9998206462146285,4.75275011555125e-05,0.9998531417268743,3.891960325685219e-05,0.00022869789745481368,6.0611127720970064e-05,0.9999998187786746,1.6277979966927405e-07,0.9999997153550295,2.5566646744460554e-07,0.9999997153600215,2.556629505155439e-07,0.0,0.0,5
gat_transformer_L1,feb20_matched,validation,fpr_at_most_0.01,0.9999481876957041,4.2593477058808415e-05,0.9998669331341808,0.00010937227095049899,1.0,0.0,0.9999334597470343,5.4696330296499765e-05,0.9999455186016046,4.478630402599107e-05,8.483954260420509e-05,6.974426558904106e-05,0.9999998187786746,1.6277979966927405e-07,0.9999997153550295,2.5566646744460554e-07,0.9999997153600215,2.556629505155439e-07,0.0,0.0,5
gat_transformer_L1,feb20_matched,validation,maximum_macro_f1,0.9999481876957041,4.2593477058808415e-05,0.9998669331341808,0.00010937227095049899,1.0,0.0,0.9999334597470343,5.4696330296499765e-05,0.9999455186016046,4.478630402599107e-05,8.483954260420509e-05,6.974426558904106e-05,0.9999998187786746,1.6277979966927405e-07,0.9999997153550295,2.5566646744460554e-07,0.9999997153600215,2.556629505155439e-07,0.0,0.0,5
gat_transformer_L8,feb20_matched,test,fixed_0_5,0.999767628921262,0.00023516047015129712,0.9995604623323846,0.00018039703516266545,0.9977965557813671,0.002555225682897942,0.998676532425424,0.001340378430512352,0.9992745827481644,0.0007346323836596645,4.229136688792272e-05,1.7260242020786222e-05,0.999999029461847,8.318894043409546e-07,0.9999898520273472,8.581335112051294e-06,0.9999898517331823,8.580676685787984e-06,0.002203444218633009,0.002555225682897969,5
gat_transformer_L8,feb20_matched,test,fpr_at_most_0.01,0.9974721413418253,0.0010346296386686779,0.9999012902455442,5.982280705640769e-05,0.971355225157771,0.011802772576969732,0.9853922640047896,0.006059094730310281,0.9920043055584866,0.003312343502139244,9.283470780275719e-06,5.6497403981078846e-06,0.999999029461847,8.318894043409546e-07,0.9999898520273472,8.581335112051294e-06,0.9999898517331823,8.580676685787984e-06,0.028644774842229114,0.011802772576969732,5
gat_transformer_L8,feb20_matched,test,maximum_macro_f1,0.9974721413418253,0.0010346296386686779,0.9999012902455442,5.982280705640769e-05,0.971355225157771,0.011802772576969732,0.9853922640047896,0.006059094730310281,0.9920043055584866,0.003312343502139244,9.283470780275719e-06,5.6497403981078846e-06,0.999999029461847,8.318894043409546e-07,0.9999898520273472,8.581335112051294e-06,0.9999898517331823,8.580676685787984e-06,0.028644774842229114,0.011802772576969732,5
gat_transformer_L8,feb20_matched,validation,fixed_0_5,0.9999031335180554,4.477170353084814e-05,0.9997512442798839,0.00011494005812167081,1.0,0.0,0.9998756040248077,5.748711812734019e-05,0.999898145065319,4.7074779185074125e-05,0.00015861305791220953,7.331098087182513e-05,0.9999997487128323,3.536814940911346e-08,0.9999996050902364,5.561225956589104e-08,0.9999996050134616,5.5742350211193983e-08,0.0,0.0,5
gat_transformer_L8,feb20_matched,validation,fpr_at_most_0.01,0.9999436822779393,0.0,0.9998553533717128,0.0,1.0,0.0,0.9999276714548163,0.0,0.9999407804408309,0.0,9.221689413500554e-05,0.0,0.9999997487128323,3.536814940911346e-08,0.9999996050902364,5.561225956589104e-08,0.9999996050134616,5.5742350211193983e-08,0.0,0.0,5
gat_transformer_L8,feb20_matched,validation,maximum_macro_f1,0.9999436822779393,0.0,0.9998553533717128,0.0,1.0,0.0,0.9999276714548163,0.0,0.9999407804408309,0.0,9.221689413500554e-05,0.0,0.9999997487128323,3.536814940911346e-08,0.9999996050902364,5.561225956589104e-08,0.9999996050134616,5.5742350211193983e-08,0.0,0.0,5
gatv2,feb20_matched,test,fixed_0_5,0.9993649778212624,0.0008987773516619992,0.9997194910429903,0.00011871479435588386,0.9930580810781902,0.010155207437356083,0.9963570121530367,0.005162854837259977,0.9980045926774382,0.002827543691006104,2.681891558746319e-05,1.1181158365015138e-05,0.9999985127756459,1.5824014634178733e-06,0.999984002999333,1.703744294254952e-05,0.9999840034623849,1.7036967473769007e-05,0.0069419189218098195,0.01015520743735608,5
gatv2,feb20_matched,test,fpr_at_most_0.01,0.9970318592979007,0.0007177600091529033,0.9999000138045595,9.127988700153256e-05,0.9663493421756337,0.008106079619339847,0.9828247623143922,0.004230201405322131,0.9906001630721946,0.0023111677143377047,9.283470780275719e-06,8.474610597161829e-06,0.9999985127756459,1.5824014634178733e-06,0.999984002999333,1.703744294254952e-05,0.9999840034623849,1.7036967473769007e-05,0.03365065782436624,0.0081060796193398,5
gatv2,feb20_matched,test,maximum_macro_f1,0.9970318592979007,0.0007177600091529033,0.9999000138045595,9.127988700153256e-05,0.9663493421756337,0.008106079619339847,0.9828247623143922,0.004230201405322131,0.9906001630721946,0.0023111677143377047,9.283470780275719e-06,8.474610597161829e-06,0.9999985127756459,1.5824014634178733e-06,0.999984002999333,1.703744294254952e-05,0.9999840034623849,1.7036967473769007e-05,0.03365065782436624,0.0081060796193398,5
gatv2,feb20_matched,validation,fixed_0_5,0.9999279133157621,1.7082010867173745e-05,0.9998148613535918,4.38615763812234e-05,1.0,0.0,0.9999074217220396,2.1935353788784014e-05,0.9999241996349323,1.7961297223665523e-05,0.00011803762449280708,2.7970768882521397e-05,0.9999996864913762,2.53526449626167e-07,0.9999995067846419,3.9894203378999445e-07,0.9999995067083276,3.98987826445314e-07,0.0,0.0,5
gatv2,feb20_matched,validation,fpr_at_most_0.01,0.9999617039489987,2.5930626553177065e-05,0.9999016392882745,6.659736445632517e-05,1.0,0.0,0.9999508163381415,3.330182686350499e-05,0.9999597306252234,2.726651417388828e-05,6.270748801180376e-05,4.2459846673630906e-05,0.9999996864913762,2.53526449626167e-07,0.9999995067846419,3.9894203378999445e-07,0.9999995067083276,3.98987826445314e-07,0.0,0.0,5
gatv2,feb20_matched,validation,maximum_macro_f1,0.9999617039489987,2.5930626553177065e-05,0.9999016392882745,6.659736445632517e-05,1.0,0.0,0.9999508163381415,3.330182686350499e-05,0.9999597306252234,2.726651417388828e-05,6.270748801180376e-05,4.2459846673630906e-05,0.9999996864913762,2.53526449626167e-07,0.9999995067846419,3.9894203378999445e-07,0.9999995067083276,3.98987826445314e-07,0.0,0.0,5
gatv2_self_only,feb20_matched,test,fixed_0_5,0.9982482795602824,0.002071797817637845,1.0,0.0,0.9800834313830356,0.02355575836182707,0.9898259968212815,0.012142069437596954,0.9944338113700202,0.006637277518184864,0.0,0.0,0.9999694044370713,6.791709919003118e-05,0.9997456755365807,0.0005635517092307079,0.9997456810901572,0.0005635394285709056,0.01991656861696438,0.02355575836182706,5
gatv2_self_only,feb20_matched,test,fpr_at_most_0.01,0.9988654270406556,0.0006206557296170907,0.9976316776509672,0.005295729765069399,0.9894641138089636,0.0017914358995019676,0.99352860862192,0.003523073677142675,0.9964534075410152,0.0019316881783795995,0.0002279607824934371,0.0005097358058593693,0.9999694044370713,6.791709919003118e-05,0.9997456755365807,0.0005635517092307079,0.9997456810901572,0.0005635394285709056,0.010535886191036476,0.0017914358995020033,5
gatv2_self_only,feb20_matched,test,maximum_macro_f1,0.9988710716822442,0.000608046583396599,0.9977057089252211,0.005130190803376618,0.9894534174778051,0.0018149912178741935,0.9935601876726323,0.0034525331802811423,0.9964707466770479,0.0018929563628973032,0.00022074030521988932,0.0004935903278457242,0.9999694044370713,6.791709919003118e-05,0.9997456755365807,0.0005635517092307079,0.9997456810901572,0.0005635394285709056,0.010546582522194887,0.0018149912178742065,5
gatv2_self_only,feb20_matched,validation,fixed_0_5,0.9994233065260977,0.0010772565992457235,1.0,0.0,0.9985186042474392,0.002767229772415782,0.999257215481601,0.0013880879823386226,0.9993929542673985,0.0011341257021478242,0.0,0.0,0.9999997910298262,4.672715139700456e-07,0.9999996718010703,7.338751167453573e-07,0.9999996718058238,7.338644879274354e-07,0.0014813957525606158,0.0027672297724157914,5
gatv2_self_only,feb20_matched,validation,fpr_at_most_0.01,0.9999211551891148,0.0001763023568121745,0.9997976703182356,0.00045242292229091845,1.0,0.0,0.9998987839615957,0.0002263259422851348,0.9999171056471416,0.00018535740794202422,0.00012910365178900774,0.00028868454154368364,0.9999997910298262,4.672715139700456e-07,0.9999996718010703,7.338751167453573e-07,0.9999996718058238,7.338644879274354e-07,0.0,0.0,5
gatv2_self_only,feb20_matched,validation,maximum_macro_f1,0.9999301660246447,0.00015615351603363945,0.999826544476887,0.00038785834075332734,0.9999942132978414,1.293945939184543e-05,0.9999103437305685,0.0002004775130580096,0.9999265769810013,0.00016417886159446674,0.00011066027296200664,0.00024744389275172885,0.9999997910298262,4.672715139700456e-07,0.9999996718010703,7.338751167453573e-07,0.9999996718058238,7.338644879274354e-07,5.786702158439905e-06,1.2939459391816386e-05,5
