model,control,cohort,partition,criterion,delta_recall_mean,delta_recall_std,delta_precision_mean,delta_precision_std,delta_f1_mean,delta_f1_std,delta_macro_f1_mean,delta_macro_f1_std,delta_false_positive_rate_mean,delta_false_positive_rate_std,delta_roc_auc_mean,delta_roc_auc_std,delta_average_precision_mean,delta_average_precision_std,completed_seeds
gat_transformer_L8,gat_transformer_L1,feb20_matched,test,fixed_0_5,0.004321317787998736,0.012724667278780327,0.0005390386160268656,0.00043059593234722084,0.0024627094063282675,0.006428074298701419,0.001348270807935248,0.0035198220075582797,-5.1574837668198435e-05,4.158096346076728e-05,1.2628525713198612e-05,2.8487564780898844e-05,0.00011930419886165832,0.0002693558819869724,5
gat_transformer_L8,gat_transformer_L1,feb20_matched,test,fpr_at_most_0.01,-0.0005455128890790029,0.01050784566492727,6.617165902491617e-05,0.000249643711723695,-0.00027561638731308233,0.005313360262446115,-0.0001492568467333033,0.0029043584767844705,-6.188980520183812e-06,2.3465134205107608e-05,1.2628525713198612e-05,2.8487564780898844e-05,0.00011930419886165832,0.0002693558819869724,5
gat_transformer_L8,gat_transformer_L1,feb20_matched,test,maximum_macro_f1,-0.0005455128890790029,0.01050784566492727,6.617165902491617e-05,0.000249643711723695,-0.00027561638731308233,0.005313360262446115,-0.0001492568467333033,0.0029043584767844705,-6.188980520183812e-06,2.3465134205107608e-05,1.2628525713198612e-05,2.8487564780898844e-05,0.00011930419886165832,0.0002693558819869724,5
gat_transformer_L8,gat_transformer_L1,feb20_matched,validation,fixed_0_5,0.0,0.0,0.00010988391421777877,0.00011457564990118688,5.495781017916812e-05,5.73048840052734e-05,4.5003338444615794e-05,4.692556474692419e-05,-7.00848395426042e-05,7.30786158471374e-05,-7.006584226143531e-08,1.4401354301989235e-07,-1.1034655995612042e-07,2.2625070204272343e-07,5
gat_transformer_L8,gat_transformer_L1,feb20_matched,validation,fpr_at_most_0.01,0.0,0.0,-1.157976246790593e-05,0.00010937227095050522,-5.788292217911995e-06,5.4696330296469055e-05,-4.738160773776201e-06,4.478630402598899e-05,7.3773515308004495e-06,6.974426558904106e-05,-7.006584226143531e-08,1.4401354301989235e-07,-1.1034655995612042e-07,2.2625070204272343e-07,5
gat_transformer_L8,gat_transformer_L1,feb20_matched,validation,maximum_macro_f1,0.0,0.0,-1.157976246790593e-05,0.00010937227095050522,-5.788292217911995e-06,5.4696330296469055e-05,-4.738160773776201e-06,4.478630402598899e-05,7.3773515308004495e-06,6.974426558904106e-05,-7.006584226143531e-08,1.4401354301989235e-07,-1.1034655995612042e-07,2.2625070204272343e-07,5
gatv2,edge_mlp,feb20_matched,test,fixed_0_5,0.01482511498555994,0.009474211546889943,0.004298516740039515,0.002155528700201674,0.009621303247812518,0.0049719975395886365,0.00526976630020215,0.0027223843783210893,-0.00040847271433213164,0.00020865193225120203,3.5062449192779785e-05,1.3647101768581099e-05,0.0004134717656651299,0.00018889743136546,5
gatv2,edge_mlp,feb20_matched,test,fpr_at_most_0.01,-0.033618568830891,0.008153155201009742,0.039620328092394554,0.031493133167208726,0.00331628374385573,0.019744316231324992,0.0018696058201925548,0.010876654803231448,-0.004069254692020857,0.003440480455884985,3.5062449192779785e-05,1.3647101768581099e-05,0.0004134717656651299,0.00018889743136546,5
gatv2,edge_mlp,feb20_matched,test,maximum_macro_f1,-0.03324419724034657,0.008595884776550499,0.02169642219784853,0.0044669393294857595,-0.0059535069506002625,0.004434017479640398,-0.003241164000874308,0.0024248147844733174,-0.002140355763230235,0.00045194980515945944,3.5062449192779785e-05,1.3647101768581099e-05,0.0004134717656651299,0.00018889743136546,5
gatv2,edge_mlp,feb20_matched,validation,fixed_0_5,0.023812279381980207,0.008097998127259816,0.00032856472956144245,0.0003024208570558993,0.012222254488584449,0.004029162032784405,0.009925397260925384,0.003244341483877731,-0.0002028771670970122,0.00019166921514963598,2.436343554732545e-05,9.950158659746826e-06,3.866512604453476e-05,1.5724150671451865e-05,5
gatv2,edge_mlp,feb20_matched,validation,fpr_at_most_0.01,7.522712805971832e-05,0.00016821297209361204,0.005760686495953782,0.005166566027746289,0.002931330989927483,0.0026893242176651796,0.002407328207473647,0.0022144334222201976,-0.0037071191442272222,0.003352740464544577,2.436343554732545e-05,9.950158659746826e-06,3.866512604453476e-05,1.5724150671451865e-05,5
gatv2,edge_mlp,feb20_matched,validation,maximum_macro_f1,0.00047450957699211036,0.0008996414461382889,0.0029313168428148685,0.0007250132807127651,0.0017048802740975422,0.000525599953021412,0.0013969673025874042,0.00043042468247541987,-0.0018738472888233126,0.00046541675531058666,2.436343554732545e-05,9.950158659746826e-06,3.866512604453476e-05,1.5724150671451865e-05,5
gatv2,gatv2_self_only,feb20_matched,test,fixed_0_5,0.012974649695154583,0.013682871657972565,-0.00028050895700975075,0.00011871479435585937,0.0065310153317553075,0.007113819586129268,0.0035707813074179694,0.003883461570947711,2.681891558746319e-05,1.1181158365015138e-05,2.9108338574590496e-05,6.651126313336681e-05,0.00023832237222780605,0.000548485020718323,5
gatv2,gatv2_self_only,feb20_matched,test,fpr_at_most_0.01,-0.0231147716333298,0.008399463884271204,0.0022683361535922987,0.005259405305036342,-0.010703846307527898,0.005421013591231678,-0.005853244468820562,0.0029657361661556414,-0.00021867731171316138,0.0005063351643865256,2.9108338574590496e-05,6.651126313336681e-05,0.00023832237222780605,0.000548485020718323,5
gatv2,gatv2_self_only,feb20_matched,test,maximum_macro_f1,-0.02310407530217138,0.00840317486494318,0.002194304879338338,0.00509388785986244,-0.01073542535824019,0.005378781083221481,-0.005870583604853308,0.0029424951773323457,-0.0002114568344396136,0.0004901916330834909,2.9108338574590496e-05,6.651126313336681e-05,0.00023832237222780605,0.000548485020718323,5
gatv2,gatv2_self_only,feb20_matched,validation,fixed_0_5,0.0014813957525606103,0.0027672297724158027,-0.00018513864640827825,4.386157638122111e-05,0.0006502062404386777,0.0013670194774215037,0.0005312453675337725,0.001116874511798423,0.00011803762449280708,2.7970768882521397e-05,-1.0453845011859642e-07,3.8845008454086373e-07,-1.650974961187046e-07,6.101886936260688e-07,5
gatv2,gatv2_self_only,feb20_matched,validation,fpr_at_most_0.01,0.0,0.0,0.00010396897003868144,0.00041361643995603916,5.203237654585191e-05,0.0002069197274763646,4.262497808174004e-05,0.0001694675986653029,-6.639616377720396e-05,0.00026394015226851073,-1.0453845011859642e-07,3.8845008454086373e-07,-1.650974961187046e-07,6.101886936260688e-07,5
gatv2,gatv2_self_only,feb20_matched,validation,maximum_macro_f1,5.786702158450119e-06,1.2939459391839225e-05,7.509481138729956e-05,0.000349650155023314,4.047260757316096e-05,0.0001813021313230163,3.315364422218359e-05,0.00014847808257640498,-4.795278495020287e-05,0.00022308103451432778,-1.0453845011859642e-07,3.8845008454086373e-07,-1.650974961187046e-07,6.101886936260688e-07,5
