seed,model,control,cohort,partition,criterion,delta_recall,delta_precision,delta_f1,delta_macro_f1,delta_false_positive_rate,delta_roc_auc,delta_average_precision
42,gatv2,edge_mlp,feb20_matched,validation,fixed_0_5,0.02291534054742206,0.00038874224619067643,0.011778432089449842,0.009574477393825775,-0.0002397639247510144,2.0978929851089845e-05,3.334848826275216e-05
42,gatv2,edge_mlp,feb20_matched,validation,maximum_macro_f1,2.8933510792250594e-05,0.003516764142223572,0.0017760978280632056,0.0014558579130729,-0.002250092216894135,2.0978929851089845e-05,3.334848826275216e-05
42,gatv2,edge_mlp,feb20_matched,validation,fpr_at_most_0.01,0.0,0.0039186289548600595,0.0019633883480660863,0.0016096028387795336,-0.0025082995204721505,2.0978929851089845e-05,3.334848826275216e-05
42,gatv2,edge_mlp,feb20_matched,test,fixed_0_5,0.020643919135736488,0.004893149447844913,0.012829658736362881,0.0070281042082110945,-0.00046417353901378593,4.0309908957314455e-05,0.000511907489919361
42,gatv2,edge_mlp,feb20_matched,test,maximum_macro_f1,-0.04636859557171891,0.024403976229284363,-0.011377755493398145,-0.006200098753928351,-0.0024137024028716867,4.0309908957314455e-05,0.000511907489919361
42,gatv2,edge_mlp,feb20_matched,test,fpr_at_most_0.01,-0.046422077227511016,0.026788475304206583,-0.010180264339549105,-0.005541887258218359,-0.0026561041399122197,4.0309908957314455e-05,0.000511907489919361
123,gatv2,edge_mlp,feb20_matched,validation,fixed_0_5,0.036282622533418185,6.655393227528172e-05,0.01850538708910654,0.014977812168789795,-3.688675765400221e-05,2.4533183791253244e-05,3.897237896111072e-05
123,gatv2,edge_mlp,feb20_matched,validation,maximum_macro_f1,8.680053237664076e-05,0.003861347953533212,0.001977916906736654,0.001621465288227042,-0.002471412762818148,2.4533183791253244e-05,3.897237896111072e-05
123,gatv2,edge_mlp,feb20_matched,validation,fpr_at_most_0.01,0.0,0.004205308719853362,0.0021073899679884267,0.001727848093468265,-0.0026927333087421613,2.4533183791253244e-05,3.897237896111072e-05
123,gatv2,edge_mlp,feb20_matched,test,fixed_0_5,0.020804364103112594,0.002486456924189029,0.01184395854650011,0.006480477844790999,-0.00023208676950689297,3.092104323909606e-05,0.00032665811179244386
123,gatv2,edge_mlp,feb20_matched,test,maximum_macro_f1,-0.030912397047812568,0.028159377359249893,-0.0014163346939386479,-0.0007524789115211927,-0.0027953562016163553,3.092104323909606e-05,0.00032665811179244386
123,gatv2,edge_mlp,feb20_matched,test,fpr_at_most_0.01,-0.031019360359396675,0.03167828198091216,0.00034531094926515404,0.00021629174654247407,-0.0031563800652937447,3.092104323909606e-05,0.00032665811179244386
456,gatv2,edge_mlp,feb20_matched,validation,fixed_0_5,0.013569816561541548,0.0008227076737276073,0.007236068012526409,0.005900355926169776,-0.0005164146071560309,4.135699040785923e-05,6.550283691819647e-05
456,gatv2,edge_mlp,feb20_matched,validation,maximum_macro_f1,0.002083212777038379,0.0027179228995570792,0.0024006780010120687,0.0019659025324200163,-0.001733677609738104,4.135699040785923e-05,6.550283691819647e-05
456,gatv2,edge_mlp,feb20_matched,validation,fpr_at_most_0.01,0.0003761356402985916,0.014939419952208377,0.007711422361923903,0.006343502636037335,-0.00966433050534858,4.135699040785923e-05,6.550283691819647e-05
456,gatv2,edge_mlp,feb20_matched,test,fixed_0_5,0.013423895603807856,0.007798250902619763,0.010618007828536058,0.005819462022391475,-0.0007478351461888774,5.59478587207618e-05,0.0006933675662156302
456,gatv2,edge_mlp,feb20_matched,test,maximum_macro_f1,-0.022515777088458644,0.019950648396072856,-0.0013458741993480627,-0.0007246454397626945,-0.001959843831391541,5.59478587207618e-05,0.0006933675662156302
456,gatv2,edge_mlp,feb20_matched,test,fpr_at_most_0.01,-0.02401326345063637,0.0955053461705937,0.03798499353173457,0.02097248839363286,-0.010180872955702372,5.59478587207618e-05,0.0006933675662156302
789,gatv2,edge_mlp,feb20_matched,validation,fixed_0_5,0.02346507725247382,0.0001246916651248542,0.011929646962587581,0.009694903752401673,-7.377351530800442e-05,1.6829676565133234e-05,2.671801033260479e-05
789,gatv2,edge_mlp,feb20_matched,validation,maximum_macro_f1,8.680053237664076e-05,0.0023087497485405617,0.001199204082522054,0.00098261495531482,-0.0014754703061600886,1.6829676565133234e-05,2.671801033260479e-05
789,gatv2,edge_mlp,feb20_matched,validation,fpr_at_most_0.01,0.0,0.002884003776010613,0.0014443351249477931,0.0011837287220350934,-0.0018443378827001106,1.6829676565133234e-05,2.671801033260479e-05
789,gatv2,edge_mlp,feb20_matched,test,fixed_0_5,-0.0011765964274254026,0.0029388853857063024,0.0008397658779120132,0.0004612148905002167,-0.0002785041234082716,2.0729509975780935e-05,0.00021939222229983013
789,gatv2,edge_mlp,feb20_matched,test,maximum_macro_f1,-0.03438870467429678,0.01821041225145703,-0.00830474848264795,-0.00453223943237957,-0.0017896468670864857,2.0729509975780935e-05,0.00021939222229983013
789,gatv2,edge_mlp,feb20_matched,test,fpr_at_most_0.01,-0.034495667985880885,0.022007263066612825,-0.0064197345985818055,-0.0034967070406803913,-0.0021713006658311542,2.0729509975780935e-05,0.00021939222229983013
1024,gatv2,edge_mlp,feb20_matched,validation,fixed_0_5,0.022828540015045418,0.00024012813048879256,0.011661738289251877,0.0094794370634399,-0.00014754703061600885,1.8118397121291707e-05,2.8783915748009647e-05
1024,gatv2,edge_mlp,feb20_matched,validation,maximum_macro_f1,8.680053237664076e-05,0.0022517994702199173,0.0011705045521537283,0.0009589958239022423,-0.0014385835485060863,1.8118397121291707e-05,2.8783915748009647e-05
1024,gatv2,edge_mlp,feb20_matched,validation,fpr_at_most_0.01,0.0,0.002856071076836497,0.0014301191467112062,0.0011719587470480075,-0.0018258945038731095,1.8118397121291707e-05,2.8783915748009647e-05
1024,gatv2,edge_mlp,feb20_matched,test,fixed_0_5,0.020429992512568163,0.0033758410398375682,0.011975125249751528,0.006559572535116964,-0.0003197639935428303,2.740392507094569e-05,0.00031603343809838425
1024,gatv2,edge_mlp,feb20_matched,test,maximum_macro_f1,-0.03203551181944597,0.01775769675317851,-0.007322821883668507,-0.003996357466779732,-0.0017432295131851073,2.740392507094569e-05,0.00031603343809838425
1024,gatv2,edge_mlp,feb20_matched,test,fpr_at_most_0.01,-0.03214247513103008,0.022122273939647497,-0.00514888682359016,-0.0028021567403138103,-0.002181615633364794,2.740392507094569e-05,0.00031603343809838425
42,gatv2,gatv2_self_only,feb20_matched,validation,fixed_0_5,0.0,-0.00017357093265446544,-8.679299869807089e-05,-7.106309838622593e-05,0.00011066027296200664,-4.378448101860499e-07,-6.892764762289616e-07
42,gatv2,gatv2_self_only,feb20_matched,validation,maximum_macro_f1,0.0,-0.00011572065035003742,-5.7863673185942766e-05,-4.737589576153667e-05,7.377351530800442e-05,-4.378448101860499e-07,-6.892764762289616e-07
42,gatv2,gatv2_self_only,feb20_matched,validation,fpr_at_most_0.01,0.0,-0.00011572065035003742,-5.7863673185942766e-05,-4.737589576153667e-05,7.377351530800442e-05,-4.378448101860499e-07,-6.892764762289616e-07
42,gatv2,gatv2_self_only,feb20_matched,test,fixed_0_5,0.008396619959353924,-0.0002138808683562754,0.004109058225283624,0.0022517208898785723,2.0629935067279376e-05,-6.043452204229638e-07,-6.593299285651e-06
42,gatv2,gatv2_self_only,feb20_matched,test,maximum_macro_f1,-0.0369023424965238,-0.0001682274435036435,-0.019060131620405985,-0.010421205676884981,1.547245130045953e-05,-6.043452204229638e-07,-6.593299285651e-06
42,gatv2,gatv2_self_only,feb20_matched,test,fpr_at_most_0.01,-0.0369023424965238,-0.0001682274435036435,-0.019060131620405985,-0.010421205676884981,1.547245130045953e-05,-6.043452204229638e-07,-6.593299285651e-06
123,gatv2,gatv2_self_only,feb20_matched,validation,fixed_0_5,0.001041606388519134,-0.00017357093265446544,0.0004342815728628491,0.0003554095094930876,0.00011066027296200664,-4.829366887504349e-07,-7.598784196316544e-07
123,gatv2,gatv2_self_only,feb20_matched,validation,maximum_macro_f1,0.0,-0.00014464662828705954,-7.232854518368637e-05,-5.9219559169099156e-05,9.221689413500554e-05,-4.829366887504349e-07,-7.598784196316544e-07
123,gatv2,gatv2_self_only,feb20_matched,validation,fpr_at_most_0.01,0.0,-0.00014464662828705954,-7.232854518368637e-05,-5.9219559169099156e-05,9.221689413500554e-05,-4.829366887504349e-07,-7.598784196316544e-07
123,gatv2,gatv2_self_only,feb20_matched,test,fixed_0_5,0.014440047063857153,-0.0002165439584235207,0.0072562049942354045,0.0039704207337885045,2.0629935067279376e-05,-1.5151384282763303e-06,-1.68026036161395e-05
123,gatv2,gatv2_self_only,feb20_matched,test,maximum_macro_f1,-0.021606588939993565,-0.00016555377738536325,-0.011105575513915555,-0.0060765478541816575,1.547245130045953e-05,-1.5151384282763303e-06,-1.68026036161395e-05
123,gatv2,gatv2_self_only,feb20_matched,test,fpr_at_most_0.01,-0.021606588939993565,-0.00016555377738536325,-0.011105575513915555,-0.0060765478541816575,1.547245130045953e-05,-1.5151384282763303e-06,-1.68026036161395e-05
456,gatv2,gatv2_self_only,feb20_matched,validation,fixed_0_5,0.0,-0.00017357093265446544,-8.679299869807089e-05,-7.106309838622593e-05,0.00011066027296200664,-5.389680168832456e-08,-8.467103485010341e-08
456,gatv2,gatv2_self_only,feb20_matched,validation,maximum_macro_f1,0.0,-2.893267366832486e-05,-1.4466546112146261e-05,-1.1844160282992178e-05,1.8443378827001106e-05,-5.389680168832456e-08,-8.467103485010341e-08
456,gatv2,gatv2_self_only,feb20_matched,validation,fpr_at_most_0.01,0.0,-2.893267366832486e-05,-1.4466546112146261e-05,-1.1844160282992178e-05,1.8443378827001106e-05,-5.389680168832456e-08,-8.467103485010341e-08
456,gatv2,gatv2_self_only,feb20_matched,test,fixed_0_5,0.00556209220237458,-0.00037423148890669555,0.002601651124496618,0.0014258584275985697,3.610238636773891e-05,-1.6522263213136767e-07,-1.726733286799842e-06
456,gatv2,gatv2_self_only,feb20_matched,test,maximum_macro_f1,-0.013958712161728504,0.0,-0.007101015064719607,-0.003886476075398715,0.0,-1.6522263213136767e-07,-1.726733286799842e-06
456,gatv2,gatv2_self_only,feb20_matched,test,fpr_at_most_0.01,-0.013958712161728504,0.0,-0.007101015064719607,-0.003886476075398715,0.0,-1.6522263213136767e-07,-1.726733286799842e-06
789,gatv2,gatv2_self_only,feb20_matched,validation,fixed_0_5,0.0063653723742839174,-0.00026033380579093546,0.0030626641719103675,0.002502163084117326,0.00016599040944300996,4.792012667786949e-07,7.510626276463483e-07
789,gatv2,gatv2_self_only,feb20_matched,validation,maximum_macro_f1,2.8933510792250594e-05,0.0006937066829102445,0.00036148834845972644,0.0002960519966075381,-0.00044264109184802655,4.792012667786949e-07,7.510626276463483e-07
789,gatv2,gatv2_self_only,feb20_matched,validation,fpr_at_most_0.01,0.0,0.0008380774761671539,0.0004192871933231812,0.0003434086659053204,-0.000534857985983032,4.792012667786949e-07,7.510626276463483e-07
789,gatv2,gatv2_self_only,feb20_matched,test,fixed_0_5,0.035779227724890394,-0.0004374692404440772,0.018420626711498023,0.010059245566599095,4.125987013455875e-05,0.00014808347343286954,0.0012194240537751755
789,gatv2,gatv2_self_only,feb20_matched,test,maximum_macro_f1,-0.020750882447320596,0.011305305617580697,-0.005021305108231955,-0.0027375575954569076,-0.0010882290747989871,0.00014808347343286954,0.0012194240537751755
789,gatv2,gatv2_self_only,feb20_matched,test,fpr_at_most_0.01,-0.020804364103112705,0.0116754619888505,-0.004863409854670486,-0.002650861915293179,-0.001124331461166726,0.00014808347343286954,0.0012194240537751755
1024,gatv2,gatv2_self_only,feb20_matched,validation,fixed_0_5,0.0,-0.00014464662828705954,-7.232854518368637e-05,-5.9219559169099156e-05,9.221689413500554e-05,-2.7215216746867554e-08,-4.272417752915203e-08
1024,gatv2,gatv2_self_only,feb20_matched,validation,maximum_macro_f1,0.0,-2.893267366832486e-05,-1.4466546112146261e-05,-1.1844160282992178e-05,1.8443378827001106e-05,-2.7215216746867554e-08,-4.272417752915203e-08
1024,gatv2,gatv2_self_only,feb20_matched,validation,fpr_at_most_0.01,0.0,-2.893267366832486e-05,-1.4466546112146261e-05,-1.1844160282992178e-05,1.8443378827001106e-05,-2.7215216746867554e-08,-4.272417752915203e-08
1024,gatv2,gatv2_self_only,feb20_matched,test,fixed_0_5,0.0006952615252968641,-0.00016041922891818494,0.0002675356032628695,0.0001466609192251056,1.547245130045953e-05,-2.570742790863889e-07,-2.689556447554864e-06
1024,gatv2,gatv2_self_only,feb20_matched,test,maximum_macro_f1,-0.02230185046529043,0.0,-0.011389099483927856,-0.006231130822344277,0.0,-2.570742790863889e-07,-2.689556447554864e-06
1024,gatv2,gatv2_self_only,feb20_matched,test,fpr_at_most_0.01,-0.02230185046529043,0.0,-0.011389099483927856,-0.006231130822344277,0.0,-2.570742790863889e-07,-2.689556447554864e-06
42,gat_transformer_L8,gat_transformer_L1,feb20_matched,validation,fixed_0_5,0.0,2.8922630943006844e-05,1.4464035049455148e-05,1.1843415038459426e-05,-1.84433788270011e-05,-1.9264104378358127e-07,-3.028811951244492e-07
42,gat_transformer_L8,gat_transformer_L1,feb20_matched,validation,maximum_macro_f1,0.0,-0.00011571395461873468,-5.7861999071540104e-05,-4.737539888610698e-05,7.377351530800442e-05,-1.9264104378358127e-07,-3.028811951244492e-07
42,gat_transformer_L8,gat_transformer_L1,feb20_matched,validation,fpr_at_most_0.01,0.0,-0.00011571395461873468,-5.7861999071540104e-05,-4.737539888610698e-05,7.377351530800442e-05,-1.9264104378358127e-07,-3.028811951244492e-07
42,gat_transformer_L8,gat_transformer_L1,feb20_matched,test,fixed_0_5,0.0,-0.00016035062055042015,-8.019889165000738e-05,-4.39676683759993e-05,1.5472451300459534e-05,-3.843701803507571e-07,-4.063599142289931e-06
42,gat_transformer_L8,gat_transformer_L1,feb20_matched,test,maximum_macro_f1,0.009573216386779326,-0.00010877250231144941,0.004837887872556013,0.002646684229123508,1.0314967533639688e-05,-3.843701803507571e-07,-4.063599142289931e-06
42,gat_transformer_L8,gat_transformer_L1,feb20_matched,test,fpr_at_most_0.01,0.009573216386779326,-0.00010877250231144941,0.004837887872556013,0.002646684229123508,1.0314967533639688e-05,-3.843701803507571e-07,-4.063599142289931e-06
123,gat_transformer_L8,gat_transformer_L1,feb20_matched,validation,fixed_0_5,0.0,0.0,0.0,0.0,0.0,-1.5555364063501997e-07,-2.4512333884896265e-07
123,gat_transformer_L8,gat_transformer_L1,feb20_matched,validation,maximum_macro_f1,0.0,-2.8925977937022118e-05,-1.44648719977436e-05,-1.1843663407562488e-05,1.8443378827001113e-05,-1.5555364063501997e-07,-2.4512333884896265e-07
123,gat_transformer_L8,gat_transformer_L1,feb20_matched,validation,fpr_at_most_0.01,0.0,-2.8925977937022118e-05,-1.44648719977436e-05,-1.1843663407562488e-05,1.8443378827001113e-05,-1.5555364063501997e-07,-2.4512333884896265e-07
123,gat_transformer_L8,gat_transformer_L1,feb20_matched,test,fixed_0_5,-0.005776018825542795,0.0005827297636985529,-0.0026025280364337933,-0.0014262927999899588,-5.673232143501829e-05,-8.710735766026545e-07,-8.87891752299197e-06
123,gat_transformer_L8,gat_transformer_L1,feb20_matched,test,maximum_macro_f1,0.006471280350839659,1.0836537530645174e-06,0.0033057208088154155,0.0018085541345679301,0.0,-8.710735766026545e-07,-8.87891752299197e-06
123,gat_transformer_L8,gat_transformer_L1,feb20_matched,test,fpr_at_most_0.01,0.006471280350839659,1.0836537530645174e-06,0.0033057208088154155,0.0018085541345679301,0.0,-8.710735766026545e-07,-8.87891752299197e-06
456,gat_transformer_L8,gat_transformer_L1,feb20_matched,validation,fixed_0_5,0.0,5.783020469618538e-05,2.8924304367405895e-05,2.368571275290776e-05,-3.68867576540022e-05,1.6916124889743145e-07,2.653603715652153e-07
456,gat_transformer_L8,gat_transformer_L1,feb20_matched,validation,maximum_macro_f1,0.0,0.00017352072774223792,8.67804444741882e-05,7.105937284912489e-05,-0.00011066027296200662,1.6916124889743145e-07,2.653603715652153e-07
456,gat_transformer_L8,gat_transformer_L1,feb20_matched,validation,fpr_at_most_0.01,0.0,0.00017352072774223792,8.67804444741882e-05,7.105937284912489e-05,-0.00011066027296200662,1.6916124889743145e-07,2.653603715652153e-07
456,gat_transformer_L8,gat_transformer_L1,feb20_matched,test,fixed_0_5,0.026473419617071392,0.000505370348484413,0.013654692727179785,0.00747637637106513,-4.64173539013786e-05,6.357830326997327e-05,0.0006010275573351542
456,gat_transformer_L8,gat_transformer_L1,feb20_matched,test,maximum_macro_f1,-0.014012193817520502,0.0004943153732080985,-0.007008180319414525,-0.0038292040976752872,-4.641735390137859e-05,6.357830326997327e-05,0.0006010275573351542
456,gat_transformer_L8,gat_transformer_L1,feb20_matched,test,fpr_at_most_0.01,-0.014012193817520502,0.0004943153732080985,-0.007008180319414525,-0.0038292040976752872,-4.641735390137859e-05,6.357830326997327e-05,0.0006010275573351542
789,gat_transformer_L8,gat_transformer_L1,feb20_matched,validation,fixed_0_5,0.0,0.0002024232828191641,0.0001012394585968579,8.290129815302638e-05,-0.00012910365178900774,-4.749322135566558e-08,-7.455934813993537e-08
789,gat_transformer_L8,gat_transformer_L1,feb20_matched,validation,maximum_macro_f1,0.0,-2.8925977937022118e-05,-1.44648719977436e-05,-1.1843663407562488e-05,1.8443378827001113e-05,-4.749322135566558e-08,-7.455934813993537e-08
789,gat_transformer_L8,gat_transformer_L1,feb20_matched,validation,fpr_at_most_0.01,0.0,-2.8925977937022118e-05,-1.44648719977436e-05,-1.1843663407562488e-05,1.8443378827001113e-05,-4.749322135566558e-08,-7.455934813993537e-08
789,gat_transformer_L8,gat_transformer_L1,feb20_matched,test,fixed_0_5,0.002246229543266698,0.000806745602313641,0.001529600036484835,0.0008382692619437471,-7.736225650229766e-05,6.553739132497682e-07,6.7446966793838214e-06
789,gat_transformer_L8,gat_transformer_L1,feb20_matched,test,maximum_macro_f1,-0.009519734730987217,5.4109805855628856e-05,-0.004910561626475407,-0.002682699026288371,-5.157483766819843e-06,6.553739132497682e-07,6.7446966793838214e-06
789,gat_transformer_L8,gat_transformer_L1,feb20_matched,test,fpr_at_most_0.01,-0.009519734730987217,5.4109805855628856e-05,-0.004910561626475407,-0.002682699026288371,-5.157483766819843e-06,6.553739132497682e-07,6.7446966793838214e-06
1024,gat_transformer_L8,gat_transformer_L1,feb20_matched,validation,fixed_0_5,0.0,0.0002602434526305375,0.00013016125288212166,0.00010658626627868539,-0.00016599040944300996,-1.2380255443034116e-07,-1.9452928923247015e-07
1024,gat_transformer_L8,gat_transformer_L1,feb20_matched,validation,maximum_macro_f1,0.0,-5.785362958898865e-05,-2.8930162496720868e-05,-2.368745101677394e-05,3.688675765400222e-05,-1.2380255443034116e-07,-1.9452928923247015e-07
1024,gat_transformer_L8,gat_transformer_L1,feb20_matched,validation,fpr_at_most_0.01,0.0,-5.785362958898865e-05,-2.8930162496720868e-05,-2.368745101677394e-05,3.688675765400222e-05,-1.2380255443034116e-07,-1.9452928923247015e-07
1024,gat_transformer_L8,gat_transformer_L1,feb20_matched,test,fixed_0_5,-0.001337041394801619,0.0009606979861881415,-0.00018801880393948256,-0.00010303112496667932,-9.283470780275719e-05,1.643951397234389e-07,1.691256959035492e-06
1024,gat_transformer_L8,gat_transformer_L1,feb20_matched,test,maximum_macro_f1,0.00475986736549372,-0.00010987803538076157,0.0023970513279530925,0.0013103805266057034,1.0314967533639688e-05,1.643951397234389e-07,1.691256959035492e-06
1024,gat_transformer_L8,gat_transformer_L1,feb20_matched,test,fpr_at_most_0.01,0.00475986736549372,-0.00010987803538076157,0.0023970513279530925,0.0013103805266057034,1.0314967533639688e-05,1.643951397234389e-07,1.691256959035492e-06
