seed,model,cohort,partition,criterion,threshold,N,TN,FP,FN,TP,accuracy,precision,recall,f1,macro_f1,false_positive_rate,false_negative_rate,roc_auc,pr_auc,average_precision
42,edge_mlp,feb20_matched,validation,fixed_0_5,0.5,88782,54201,19,792,33770,0.9908652654817418,0.9994376868211549,0.9770846594525779,0.9881347749118521,0.990354459507788,0.00035042419771302104,0.022915340547422024,0.9999785832253387,0.9999659617361658,0.999965962235261
42,edge_mlp,feb20_matched,validation,maximum_macro_f1,0.03797098249197006,88782,54094,126,1,34561,0.9985695298596562,0.9963675152074264,0.9999710664892077,0.9981660384987509,0.9984967661911656,0.0023238657322021392,2.8933510792199525e-05,0.9999785832253387,0.9999659617361658,0.999965962235261
42,edge_mlp,feb20_matched,validation,fpr_at_most_0.01,0.0365968756377697,88782,54080,140,0,34562,0.9984231037822983,0.9959656503947899,1.0,0.997978747978748,0.9983430212654589,0.0025820730357801547,0.0,0.9999785832253387,0.9999659617361658,0.999965962235261
42,edge_mlp,feb20_matched,test,fixed_0_5,0.5,212591,193799,94,386,18312,0.9977421433644886,0.9948929696837988,0.9793560808642635,0.9870633893919794,0.9929132623189934,0.0004848034740810653,0.020643919135736443,0.9999587216492037,0.9994776364857914,0.9994777312936463
42,edge_mlp,feb20_matched,test,maximum_macro_f1,0.03797098249197006,212591,193422,471,1,18697,0.9977797743084138,0.975427796327212,0.9999465183442079,0.9875349918132361,0.9931581743190772,0.0024291748541721463,5.3481655792063325e-05,0.9999587216492037,0.9994776364857914,0.9994777312936463
42,edge_mlp,feb20_matched,test,fpr_at_most_0.01,0.0365968756377697,212591,193375,518,0,18698,0.997563396380844,0.9730432972522898,1.0,0.9863375006593871,0.9924999628233672,0.0026715765912126792,0.0,0.9999587216492037,0.9994776364857914,0.9994777312936463
42,gatv2,feb20_matched,validation,fixed_0_5,0.5,88782,54214,6,0,34562,0.9999324187335271,0.9998264290673455,1.0,0.9999132070013019,0.9999289369016138,0.00011066027296200664,0.0,0.9999995621551898,0.999999311132557,0.9999993107235238
42,gatv2,feb20_matched,validation,maximum_macro_f1,0.9955880641937256,88782,54216,4,0,34562,0.9999549458223513,0.99988427934965,1.0,0.9999421363268141,0.9999526241042385,7.377351530800442e-05,0.0,0.9999995621551898,0.999999311132557,0.9999993107235238
42,gatv2,feb20_matched,validation,fpr_at_most_0.01,0.9955880641937256,88782,54216,4,0,34562,0.9999549458223513,0.99988427934965,1.0,0.9999421363268141,0.9999526241042385,7.377351530800442e-05,0.0,0.9999995621551898,0.999999311132557,0.9999993107235238
42,gatv2,feb20_matched,test,fixed_0_5,0.5,212591,193889,4,0,18698,0.9999811845280374,0.9997861191316437,1.0,0.9998930481283422,0.9999413665272044,2.0629935067279376e-05,0.0,0.9999990315581611,0.9999896384616449,0.9999896387835656
42,gatv2,feb20_matched,test,maximum_macro_f1,0.9955880641937256,212591,193890,3,868,17830,0.9959029309801449,0.9998317725564964,0.953577922772489,0.976157236319838,0.9869580755651488,1.547245130045953e-05,0.04642207722751096,0.9999990315581611,0.9999896384616449,0.9999896387835656
42,gatv2,feb20_matched,test,fpr_at_most_0.01,0.9955880641937256,212591,193890,3,868,17830,0.9959029309801449,0.9998317725564964,0.953577922772489,0.976157236319838,0.9869580755651488,1.547245130045953e-05,0.04642207722751096,0.9999990315581611,0.9999896384616449,0.9999896387835656
42,gat_transformer_L1,feb20_matched,validation,fixed_0_5,0.5,88782,54213,7,0,34562,0.999921155189115,0.9997975064364025,1.0,0.9998987429662525,0.9999170934865753,0.00012910365178900774,0.0,0.9999999759865734,0.9999999623048835,0.9999999623059628
42,gat_transformer_L1,feb20_matched,validation,maximum_macro_f1,0.9946208000183105,88782,54219,1,0,34562,0.9999887364555878,0.9999710673263317,1.0,0.9999855334538879,0.999988155839717,1.8443378827001106e-05,0.0,0.9999999759865734,0.9999999623048835,0.9999999623059628
42,gat_transformer_L1,feb20_matched,validation,fpr_at_most_0.01,0.9946208000183105,88782,54219,1,0,34562,0.9999887364555878,0.9999710673263317,1.0,0.9999855334538879,0.999988155839717,1.8443378827001106e-05,0.0,0.9999999759865734,0.9999999623048835,0.9999999623059628
42,gat_transformer_L1,feb20_matched,test,fixed_0_5,0.5,212591,193889,4,0,18698,0.9999811845280374,0.9997861191316437,1.0,0.9998930481283422,0.9999413665272044,2.0629935067279376e-05,0.0,0.9999998973909531,0.999998932554989,0.9999989325893316
42,gat_transformer_L1,feb20_matched,test,maximum_macro_f1,0.9946208000183105,212591,193893,0,492,18206,0.9976856969486009,1.0,0.9736870253503048,0.9866681118577932,0.9927004892575941,0.0,0.026312974649695155,0.9999998973909531,0.999998932554989,0.9999989325893316
42,gat_transformer_L1,feb20_matched,test,fpr_at_most_0.01,0.9946208000183105,212591,193893,0,492,18206,0.9976856969486009,1.0,0.9736870253503048,0.9866681118577932,0.9927004892575941,0.0,0.026312974649695155,0.9999998973909531,0.999998932554989,0.9999989325893316
42,gat_transformer_L8,feb20_matched,validation,fixed_0_5,0.5,88782,54214,6,0,34562,0.9999324187335271,0.9998264290673455,1.0,0.9999132070013019,0.9999289369016138,0.00011066027296200664,0.0,0.9999997833455296,0.9999996594188555,0.9999996594247677
42,gat_transformer_L8,feb20_matched,validation,maximum_macro_f1,0.9970107078552246,88782,54215,5,0,34562,0.9999436822779392,0.9998553533717129,1.0,0.9999276714548163,0.9999407804408309,9.221689413500554e-05,0.0,0.9999997833455296,0.9999996594188555,0.9999996594247677
42,gat_transformer_L8,feb20_matched,validation,fpr_at_most_0.01,0.9970107078552246,88782,54215,5,0,34562,0.9999436822779392,0.9998553533717129,1.0,0.9999276714548163,0.9999407804408309,9.221689413500554e-05,0.0,0.9999997833455296,0.9999996594188555,0.9999996594247677
42,gat_transformer_L8,feb20_matched,test,fixed_0_5,0.5,212591,193886,7,0,18698,0.9999670729240655,0.9996257685110933,1.0,0.9998128492366922,0.9998973988588284,3.610238636773891e-05,0.0,0.9999995130207727,0.9999948703146871,0.9999948689901893
42,gat_transformer_L8,feb20_matched,test,maximum_macro_f1,0.9970107078552246,212591,193891,2,313,18385,0.9985182815829456,0.9998912274976886,0.9832602417370842,0.9915059997303493,0.9953471734867176,1.0314967533639688e-05,0.01673975826291582,0.9999995130207727,0.9999948703146871,0.9999948689901893
42,gat_transformer_L8,feb20_matched,test,fpr_at_most_0.01,0.9970107078552246,212591,193891,2,313,18385,0.9985182815829456,0.9998912274976886,0.9832602417370842,0.9915059997303493,0.9953471734867176,1.0314967533639688e-05,0.01673975826291582,0.9999995130207727,0.9999948703146871,0.9999948689901893
42,gatv2_self_only,feb20_matched,validation,fixed_0_5,0.5,88782,54220,0,0,34562,1.0,1.0,1.0,1.0,1.0,0.0,0.0,1.0,1.0,1.0
42,gatv2_self_only,feb20_matched,validation,maximum_macro_f1,0.6595221757888794,88782,54220,0,0,34562,1.0,1.0,1.0,1.0,1.0,0.0,0.0,1.0,1.0,1.0
42,gatv2_self_only,feb20_matched,validation,fpr_at_most_0.01,0.6595221757888794,88782,54220,0,0,34562,1.0,1.0,1.0,1.0,1.0,0.0,0.0,1.0,1.0,1.0
42,gatv2_self_only,feb20_matched,test,fixed_0_5,0.5,212591,193893,0,157,18541,0.9992614927254682,1.0,0.9916033800406461,0.9957839899030586,0.9976896456373259,0.0,0.008396619959353941,0.9999996359033815,0.9999962319822916,0.9999962320828513
42,gatv2_self_only,feb20_matched,test,maximum_macro_f1,0.6595221757888794,212591,193893,0,178,18520,0.9991627114976646,1.0,0.9904802652690128,0.995217367940244,0.9973792812420338,0.0,0.009519734730987271,0.9999996359033815,0.9999962319822916,0.9999962320828513
42,gatv2_self_only,feb20_matched,test,fpr_at_most_0.01,0.6595221757888794,212591,193893,0,178,18520,0.9991627114976646,1.0,0.9904802652690128,0.995217367940244,0.9973792812420338,0.0,0.009519734730987271,0.9999996359033815,0.9999962319822916,0.9999962320828513
123,edge_mlp,feb20_matched,validation,fixed_0_5,0.5,88782,54212,8,1254,33308,0.9857854069518596,0.9997598751350703,0.9637173774665818,0.9814078199121954,0.984951124732824,0.00014754703061600885,0.036282622533418206,0.99997498387952,0.9999602671605253,0.9999602677426191
123,edge_mlp,feb20_matched,validation,maximum_macro_f1,0.00923419464379549,88782,54081,139,3,34559,0.9984005766934739,0.9959940054181797,0.9999131994676234,0.9979497545480797,0.9983193151526039,0.0025636296569531538,8.680053237659857e-05,0.99997498387952,0.9999602671605253,0.9999602677426191
123,edge_mlp,feb20_matched,validation,fpr_at_most_0.01,0.008441112004220486,88782,54069,151,0,34562,0.9982992047937645,0.9956500446518596,1.0,0.9978202814868279,0.9982129323473626,0.002784950202877167,0.0,0.99997498387952,0.9999602671605253,0.9999602677426191
123,edge_mlp,feb20_matched,test,fixed_0_5,0.5,212591,193844,49,619,18079,0.9968578161822467,0.9972969991173875,0.9668948550647128,0.9818606419377613,0.9900702853314758,0.00025271670457417233,0.0331051449352872,0.9999670830452978,0.999651563269128,0.9996515719886414
123,edge_mlp,feb20_matched,test,maximum_macro_f1,0.00923419464379549,212591,193348,545,2,18696,0.9974269842091151,0.9716750688633647,0.9998930366884159,0.9855821186641714,0.9920847844607517,0.002810828652916815,0.00010696331158412665,0.9999670830452978,0.999651563269128,0.9996515719886414
123,edge_mlp,feb20_matched,test,fpr_at_most_0.01,0.008441112004220486,212591,193278,615,0,18698,0.9971071211857511,0.9681561642417025,1.0,0.9838204730209676,0.991116013802688,0.0031718525165942042,0.0,0.9999670830452978,0.999651563269128,0.9996515719886414
123,gatv2,feb20_matched,validation,fixed_0_5,0.5,88782,54214,6,0,34562,0.9999324187335271,0.9998264290673455,1.0,0.9999132070013019,0.9999289369016138,0.00011066027296200664,0.0,0.9999995170633112,0.9999992401100424,0.9999992401215803
123,gatv2,feb20_matched,validation,maximum_macro_f1,0.925602912902832,88782,54215,5,0,34562,0.9999436822779392,0.9998553533717129,1.0,0.9999276714548163,0.9999407804408309,9.221689413500554e-05,0.0,0.9999995170633112,0.9999992401100424,0.9999992401215803
123,gatv2,feb20_matched,validation,fpr_at_most_0.01,0.925602912902832,88782,54215,5,0,34562,0.9999436822779392,0.9998553533717129,1.0,0.9999276714548163,0.9999407804408309,9.221689413500554e-05,0.0,0.9999995170633112,0.9999992401100424,0.9999992401215803
123,gatv2,feb20_matched,test,fixed_0_5,0.5,212591,193889,4,230,18468,0.9988992948901882,0.9997834560415765,0.9876992191678254,0.9937046004842615,0.9965507631762668,2.0629935067279376e-05,0.012300780832174564,0.9999980040885369,0.999978229450208,0.9999782301004339
123,gatv2,feb20_matched,test,maximum_macro_f1,0.925602912902832,212591,193890,3,580,18118,0.9972576449614518,0.9998344462226146,0.9689806396406033,0.9841657839702328,0.9913323055492305,1.547245130045953e-05,0.031019360359396727,0.9999980040885369,0.999978229450208,0.9999782301004339
123,gatv2,feb20_matched,test,fpr_at_most_0.01,0.925602912902832,212591,193890,3,580,18118,0.9972576449614518,0.9998344462226146,0.9689806396406033,0.9841657839702328,0.9913323055492305,1.547245130045953e-05,0.031019360359396727,0.9999980040885369,0.999978229450208,0.9999782301004339
123,gat_transformer_L1,feb20_matched,validation,fixed_0_5,0.5,88782,54205,15,0,34562,0.9998310468338176,0.999566185614715,1.0,0.9997830457484198,0.9998223506353351,0.0002766506824050166,0.0,0.9999998601884945,0.9999997804770688,0.9999997804809266
123,gat_transformer_L1,feb20_matched,validation,maximum_macro_f1,0.9951621890068054,88782,54216,4,0,34562,0.9999549458223513,0.99988427934965,1.0,0.9999421363268141,0.9999526241042385,7.377351530800442e-05,0.0,0.9999998601884945,0.9999997804770688,0.9999997804809266
123,gat_transformer_L1,feb20_matched,validation,fpr_at_most_0.01,0.9951621890068054,88782,54216,4,0,34562,0.9999549458223513,0.99988427934965,1.0,0.9999421363268141,0.9999526241042385,7.377351530800442e-05,0.0,0.9999998601884945,0.9999997804770688,0.9999997804809266
123,gat_transformer_L1,feb20_matched,test,fixed_0_5,0.5,212591,193868,25,0,18698,0.9998824033002338,0.9986647438978796,1.0,0.9993319259239465,0.9996337266101998,0.0001289370941704961,0.0,0.9999984456936022,0.9999837516843464,0.9999837491896095
123,gat_transformer_L1,feb20_matched,test,maximum_macro_f1,0.9951621890068054,212591,193890,3,459,18239,0.9978268129883203,0.9998355443482074,0.975451919991443,0.9874932322685436,0.993151626411367,1.547245130045953e-05,0.024548080008557065,0.9999984456936022,0.9999837516843464,0.9999837491896095
123,gat_transformer_L1,feb20_matched,test,fpr_at_most_0.01,0.9951621890068054,212591,193890,3,459,18239,0.9978268129883203,0.9998355443482074,0.975451919991443,0.9874932322685436,0.993151626411367,1.547245130045953e-05,0.024548080008557065,0.9999984456936022,0.9999837516843464,0.9999837491896095
123,gat_transformer_L8,feb20_matched,validation,fixed_0_5,0.5,88782,54205,15,0,34562,0.9998310468338176,0.999566185614715,1.0,0.9997830457484198,0.9998223506353351,0.0002766506824050166,0.0,0.9999997046348539,0.9999995357709359,0.9999995353575878
123,gat_transformer_L8,feb20_matched,validation,maximum_macro_f1,0.9879931211471558,88782,54215,5,0,34562,0.9999436822779392,0.9998553533717129,1.0,0.9999276714548163,0.9999407804408309,9.221689413500554e-05,0.0,0.9999997046348539,0.9999995357709359,0.9999995353575878
123,gat_transformer_L8,feb20_matched,validation,fpr_at_most_0.01,0.9879931211471558,88782,54215,5,0,34562,0.9999436822779392,0.9998553533717129,1.0,0.9999276714548163,0.9999407804408309,9.221689413500554e-05,0.0,0.9999997046348539,0.9999995357709359,0.9999995353575878
123,gat_transformer_L8,feb20_matched,test,fixed_0_5,0.5,212591,193879,14,108,18590,0.9994261281051409,0.9992474736615782,0.9942239811744572,0.9967293978875127,0.9982074338102098,7.220477273547782e-05,0.005776018825542839,0.9999975746200256,0.9999748695895309,0.9999748702720865
123,gat_transformer_L8,feb20_matched,test,maximum_macro_f1,0.9879931211471558,212591,193890,3,338,18360,0.9983959810151888,0.9998366280019605,0.9819232003422826,0.990798953077359,0.9949601805459349,1.547245130045953e-05,0.018076799657717402,0.9999975746200256,0.9999748695895309,0.9999748702720865
123,gat_transformer_L8,feb20_matched,test,fpr_at_most_0.01,0.9879931211471558,212591,193890,3,338,18360,0.9983959810151888,0.9998366280019605,0.9819232003422826,0.990798953077359,0.9949601805459349,1.547245130045953e-05,0.018076799657717402,0.9999975746200256,0.9999748695895309,0.9999748702720865
123,gatv2_self_only,feb20_matched,validation,fixed_0_5,0.5,88782,54220,0,36,34526,0.9995945124011624,1.0,0.9989583936114809,0.9994789254284391,0.9995735273921207,0.0,0.001041606388519183,1.0,0.9999999999999999,0.9999999999999999
123,gatv2_self_only,feb20_matched,validation,maximum_macro_f1,0.1068919450044632,88782,54220,0,0,34562,1.0,1.0,1.0,1.0,1.0,0.0,0.0,1.0,0.9999999999999999,0.9999999999999999
123,gatv2_self_only,feb20_matched,validation,fpr_at_most_0.01,0.1068919450044632,88782,54220,0,0,34562,1.0,1.0,1.0,1.0,1.0,0.0,0.0,1.0,0.9999999999999999,0.9999999999999999
123,gatv2_self_only,feb20_matched,test,fixed_0_5,0.5,212591,193893,0,500,18198,0.9976480660046756,1.0,0.9732591721039683,0.986448395490026,0.9925803424424783,0.0,0.02674082789603166,0.9999995192269652,0.9999950325706233,0.99999503270405
123,gatv2_self_only,feb20_matched,test,maximum_macro_f1,0.1068919450044632,212591,193893,0,176,18522,0.9991721192336458,1.0,0.9905872285805969,0.9952713594841484,0.9974088534034121,0.0,0.009412771419403144,0.9999995192269652,0.9999950325706233,0.99999503270405
123,gatv2_self_only,feb20_matched,test,fpr_at_most_0.01,0.1068919450044632,212591,193893,0,176,18522,0.9991721192336458,1.0,0.9905872285805969,0.9952713594841484,0.9974088534034121,0.0,0.009412771419403144,0.9999995192269652,0.9999950325706233,0.99999503270405
456,edge_mlp,feb20_matched,validation,fixed_0_5,0.5,88782,54186,34,469,34093,0.9943344371606857,0.9990037213936179,0.9864301834384585,0.9926771389887755,0.994028580975444,0.0006270748801180376,0.013569816561541577,0.9999585891127905,0.9999344115333397,0.999934412492047
456,edge_mlp,feb20_matched,validation,maximum_macro_f1,0.3176245093345642,88782,54125,95,72,34490,0.99811898808317,0.9972531444267746,0.9979167872229616,0.9975848554528758,0.998022253307297,0.0017521209885651052,0.002083212777038366,0.9999585891127905,0.9999344115333397,0.999934412492047
456,edge_mlp,feb20_matched,validation,fpr_at_most_0.01,0.30238959193229675,88782,53695,525,13,34549,0.9939402131062602,0.9850316473741233,0.9996238643597014,0.992274111091964,0.9936446532036797,0.00968277388417558,0.0003761356402985938,0.9999585891127905,0.9999344115333397,0.999934412492047
456,edge_mlp,feb20_matched,test,fixed_0_5,0.5,212591,193741,152,251,18447,0.9981043411997685,0.9918275176084735,0.9865761043961921,0.9891948414081562,0.994077936836437,0.0007839375325566163,0.013423895603807894,0.9999438513364776,0.9993044698665667,0.9993045368313341
456,edge_mlp,feb20_matched,test,maximum_macro_f1,0.3176245093345642,212591,193513,380,31,18667,0.9980667102558434,0.9800493516039271,0.9983420686704461,0.989111140548417,0.994025161459356,0.001959843831391541,0.001657931329553963,0.9999438513364776,0.9993044698665667,0.9993045368313341
456,edge_mlp,feb20_matched,test,fpr_at_most_0.01,0.30238959193229675,212591,191919,1974,3,18695,0.9907004529824875,0.9044946538294063,0.9998395550326238,0.9497802728173343,0.9723280276259605,0.010180872955702372,0.00016044496737618996,0.9999438513364776,0.9993044698665667,0.9993045368313341
456,gatv2,feb20_matched,validation,fixed_0_5,0.5,88782,54214,6,0,34562,0.9999324187335271,0.9998264290673455,1.0,0.9999132070013019,0.9999289369016138,0.00011066027296200664,0.0,0.9999999461031983,0.9999999153267172,0.9999999153289651
456,gatv2,feb20_matched,validation,maximum_macro_f1,0.9994947910308838,88782,54219,1,0,34562,0.9999887364555878,0.9999710673263317,1.0,0.9999855334538879,0.999988155839717,1.8443378827001106e-05,0.0,0.9999999461031983,0.9999999153267172,0.9999999153289651
456,gatv2,feb20_matched,validation,fpr_at_most_0.01,0.9994947910308838,88782,54219,1,0,34562,0.9999887364555878,0.9999710673263317,1.0,0.9999855334538879,0.999988155839717,1.8443378827001106e-05,0.0,0.9999999461031983,0.9999999153267172,0.9999999153289651
456,gatv2,feb20_matched,test,fixed_0_5,0.5,212591,193886,7,0,18698,0.9999670729240655,0.9996257685110933,1.0,0.9998128492366922,0.9998973988588284,3.610238636773891e-05,0.0,0.9999997991951983,0.999997904331337,0.9999979043975498
456,gatv2,feb20_matched,test,maximum_macro_f1,0.9994947910308838,212591,193893,0,452,18246,0.9978738516682267,1.0,0.9758262915819874,0.9877652663490689,0.9933005160195933,0.0,0.024173708418012623,0.9999997991951983,0.999997904331337,0.9999979043975498
456,gatv2,feb20_matched,test,fpr_at_most_0.01,0.9994947910308838,212591,193893,0,452,18246,0.9978738516682267,1.0,0.9758262915819874,0.9877652663490689,0.9933005160195933,0.0,0.024173708418012623,0.9999997991951983,0.999997904331337,0.9999979043975498
456,gat_transformer_L1,feb20_matched,validation,fixed_0_5,0.5,88782,54208,12,0,34562,0.9998648374670541,0.9996529183779719,1.0,0.9998264290673455,0.9998578782736661,0.00022132054592401327,0.0,0.9999995485475816,0.9999992909599968,0.9999992909702661
456,gat_transformer_L1,feb20_matched,validation,maximum_macro_f1,0.5870687961578369,88782,54209,11,0,34562,0.9998761010114663,0.9996818326439707,1.0,0.9998408910103421,0.9998697210679818,0.00020287716709701216,0.0,0.9999995485475816,0.9999992909599968,0.9999992909702661
456,gat_transformer_L1,feb20_matched,validation,fpr_at_most_0.01,0.5870687961578369,88782,54209,11,0,34562,0.9998761010114663,0.9996818326439707,1.0,0.9998408910103421,0.9998697210679818,0.00020287716709701216,0.0,0.9999995485475816,0.9999992909599968,0.9999992909702661
456,gat_transformer_L1,feb20_matched,test,fixed_0_5,0.5,212591,193876,17,495,18203,0.9975916195887878,0.9990669593852909,0.9735265803829286,0.9861314264044639,0.9924063680144216,8.767722403593735e-05,0.026473419617071343,0.9999359407857797,0.9993938989788798,0.9993939137754713
456,gat_transformer_L1,feb20_matched,test,maximum_macro_f1,0.5870687961578369,212591,193884,9,500,18198,0.9976057311927599,0.9995056846267919,0.9732591721039683,0.9862078309172199,0.9924484555678619,4.641735390137859e-05,0.02674082789603166,0.9999359407857797,0.9993938989788798,0.9993939137754713
456,gat_transformer_L1,feb20_matched,test,fpr_at_most_0.01,0.5870687961578369,212591,193884,9,500,18198,0.9976057311927599,0.9995056846267919,0.9732591721039683,0.9862078309172199,0.9924484555678619,4.641735390137859e-05,0.02674082789603166,0.9999359407857797,0.9993938989788798,0.9993939137754713
456,gat_transformer_L8,feb20_matched,validation,fixed_0_5,0.5,88782,54210,10,0,34562,0.9998873645558785,0.9997107485826681,1.0,0.9998553533717129,0.999881563986419,0.00018443378827001107,0.0,0.9999997177088304,0.999999556320563,0.9999995563306376
456,gat_transformer_L8,feb20_matched,validation,maximum_macro_f1,0.9969817996025085,88782,54215,5,0,34562,0.9999436822779392,0.9998553533717129,1.0,0.9999276714548163,0.9999407804408309,9.221689413500554e-05,0.0,0.9999997177088304,0.999999556320563,0.9999995563306376
456,gat_transformer_L8,feb20_matched,validation,fpr_at_most_0.01,0.9969817996025085,88782,54215,5,0,34562,0.9999436822779392,0.9998553533717129,1.0,0.9999276714548163,0.9999407804408309,9.221689413500554e-05,0.0,0.9999997177088304,0.999999556320563,0.9999995563306376
456,gat_transformer_L8,feb20_matched,test,fixed_0_5,0.5,212591,193885,8,0,18698,0.9999623690560748,0.9995723297337753,1.0,0.9997861191316437,0.9998827443854867,4.125987013455875e-05,0.0,0.9999995190890497,0.9999949426419502,0.9999949413328064
456,gat_transformer_L8,feb20_matched,test,maximum_macro_f1,0.9969817996025085,212591,193893,0,762,17936,0.9964156525911256,1.0,0.9592469782864478,0.9791996505978053,0.9886192514701866,0.0,0.04075302171355225,0.9999995190890497,0.9999949426419502,0.9999949413328064
456,gat_transformer_L8,feb20_matched,test,fpr_at_most_0.01,0.9969817996025085,212591,193893,0,762,17936,0.9964156525911256,1.0,0.9592469782864478,0.9791996505978053,0.9886192514701866,0.0,0.04075302171355225,0.9999995190890497,0.9999949426419502,0.9999949413328064
456,gatv2_self_only,feb20_matched,validation,fixed_0_5,0.5,88782,54220,0,0,34562,1.0,1.0,1.0,1.0,1.0,0.0,0.0,1.0,1.0,1.0
456,gatv2_self_only,feb20_matched,validation,maximum_macro_f1,0.8850541710853577,88782,54220,0,0,34562,1.0,1.0,1.0,1.0,1.0,0.0,0.0,1.0,1.0,1.0
456,gatv2_self_only,feb20_matched,validation,fpr_at_most_0.01,0.8850541710853577,88782,54220,0,0,34562,1.0,1.0,1.0,1.0,1.0,0.0,0.0,1.0,1.0,1.0
456,gatv2_self_only,feb20_matched,test,fixed_0_5,0.5,212591,193893,0,104,18594,0.9995107977289726,1.0,0.9944379077976254,0.9972111981121956,0.9984715404312299,0.0,0.005562092202374585,0.9999999644178305,0.9999996311209751,0.9999996311308366
456,gatv2_self_only,feb20_matched,test,maximum_macro_f1,0.8850541710853577,212591,193893,0,191,18507,0.9991015612137861,1.0,0.9897850037437159,0.9948662814137885,0.9971869920949921,0.0,0.010214996256284095,0.9999999644178305,0.9999996311209751,0.9999996311308366
456,gatv2_self_only,feb20_matched,test,fpr_at_most_0.01,0.8850541710853577,212591,193893,0,191,18507,0.9991015612137861,1.0,0.9897850037437159,0.9948662814137885,0.9971869920949921,0.0,0.010214996256284095,0.9999999644178305,0.9999996311209751,0.9999996311308366
789,edge_mlp,feb20_matched,validation,fixed_0_5,0.5,88782,54207,13,811,33751,0.9907188394043838,0.9996149745290842,0.9765349227475262,0.9879401691888886,0.9901985032765879,0.00023976392475101439,0.023465077252473814,0.9999826046738325,0.9999723916772795,0.9999723920814138
789,edge_mlp,feb20_matched,validation,maximum_macro_f1,0.03213094547390938,88782,54134,86,3,34559,0.9989975445473182,0.997517679318805,0.9999131994676234,0.9987140029187799,0.998946321946299,0.0015861305791220952,8.680053237659857e-05,0.9999826046738325,0.9999723916772795,0.9999723920814138
789,edge_mlp,feb20_matched,validation,fpr_at_most_0.01,0.029486844316124916,88782,54114,106,0,34562,0.9988060642923116,0.9969424252913349,1.0,0.9984688718763541,0.9987452081795787,0.001954998155662117,0.0,0.9999826046738325,0.9999723916772795,0.9999723920814138
789,edge_mlp,feb20_matched,test,fixed_0_5,0.5,212591,193831,62,397,18301,0.9978409245922922,0.9966236453738496,0.9787677826505509,0.987615013086533,0.9932161961014198,0.00031976399354283035,0.021232217349449137,0.9999752651513902,0.999737610293792,0.9997376300433836
789,edge_mlp,feb20_matched,test,maximum_macro_f1,0.03213094547390938,212591,193543,350,2,18696,0.9983442384672917,0.9816234379922293,0.9998930366884159,0.9906740144128868,0.9948827409754594,0.0018051193183869453,0.00010696331158412665,0.9999752651513902,0.999737610293792,0.9997376300433836
789,edge_mlp,feb20_matched,test,fpr_at_most_0.01,0.029486844316124916,212591,193469,424,0,18698,0.9980055599719649,0.9778265871770735,1.0,0.9887890005288207,0.9938472085837602,0.002186773117131614,0.0,0.9999752651513902,0.999737610293792,0.9997376300433836
789,gatv2,feb20_matched,validation,fixed_0_5,0.5,88782,54211,9,0,34562,0.9998986281002906,0.9997396661942091,1.0,0.9998698161514762,0.9998934070289895,0.00016599040944300996,0.0,0.9999994343503976,0.9999991100787371,0.9999991100917464
789,gatv2,feb20_matched,validation,maximum_macro_f1,0.699318528175354,88782,54214,6,0,34562,0.9999324187335271,0.9998264290673455,1.0,0.9999132070013019,0.9999289369016138,0.00011066027296200664,0.0,0.9999994343503976,0.9999991100787371,0.9999991100917464
789,gatv2,feb20_matched,validation,fpr_at_most_0.01,0.699318528175354,88782,54214,6,0,34562,0.9999324187335271,0.9998264290673455,1.0,0.9999132070013019,0.9999289369016138,0.00011066027296200664,0.0,0.9999994343503976,0.9999991100787371,0.9999991100917464
789,gatv2,feb20_matched,test,fixed_0_5,0.5,212591,193885,8,419,18279,0.997991448367993,0.9995625307595559,0.9775911862231255,0.988454778964445,0.99367741099192,4.125987013455875e-05,0.022408813776874533,0.999995994661366,0.9999570210651413,0.9999570222656834
789,gatv2,feb20_matched,test,maximum_macro_f1,0.699318528175354,212591,193890,3,645,18053,0.9969518935420596,0.9998338502436863,0.9655043320141191,0.9823692659302389,0.9903505015430798,1.547245130045953e-05,0.03449566798588084,0.999995994661366,0.9999570210651413,0.9999570222656834
789,gatv2,feb20_matched,test,fpr_at_most_0.01,0.699318528175354,212591,193890,3,645,18053,0.9969518935420596,0.9998338502436863,0.9655043320141191,0.9823692659302389,0.9903505015430798,1.547245130045953e-05,0.03449566798588084,0.999995994661366,0.9999570210651413,0.9999570222656834
789,gat_transformer_L1,feb20_matched,validation,fixed_0_5,0.5,88782,54207,13,0,34562,0.999853573922642,0.9996240057845264,1.0,0.9998119675427051,0.9998460356034607,0.00023976392475101439,0.0,0.9999998100271147,0.9999997014563667,0.9999997014634133
789,gat_transformer_L1,feb20_matched,validation,maximum_macro_f1,0.9939129948616028,88782,54216,4,0,34562,0.9999549458223513,0.99988427934965,1.0,0.9999421363268141,0.9999526241042385,7.377351530800442e-05,0.0,0.9999998100271147,0.9999997014563667,0.9999997014634133
789,gat_transformer_L1,feb20_matched,validation,fpr_at_most_0.01,0.9939129948616028,88782,54216,4,0,34562,0.9999549458223513,0.99988427934965,1.0,0.9999421363268141,0.9999526241042385,7.377351530800442e-05,0.0,0.9999998100271147,0.9999997014563667,0.9999997014634133
789,gat_transformer_L1,feb20_matched,test,fixed_0_5,0.5,212591,193872,21,115,18583,0.9993602739532718,0.9988712104923673,0.9938496095839127,0.9963540828909978,0.9980017294933488,0.00010830715910321672,0.006150390416087282,0.9999984387978329,0.9999836583291635,0.9999836588551868
789,gat_transformer_L1,feb20_matched,test,maximum_macro_f1,0.9939129948616028,212591,193890,3,589,18109,0.997215310149536,0.9998343639575972,0.9684993047384747,0.9839174137462646,0.9911965510019572,1.547245130045953e-05,0.0315006952615253,0.9999984387978329,0.9999836583291635,0.9999836588551868
789,gat_transformer_L1,feb20_matched,test,fpr_at_most_0.01,0.9939129948616028,212591,193890,3,589,18109,0.997215310149536,0.9998343639575972,0.9684993047384747,0.9839174137462646,0.9911965510019572,1.547245130045953e-05,0.0315006952615253,0.9999984387978329,0.9999836583291635,0.9999836588551868
789,gat_transformer_L8,feb20_matched,validation,fixed_0_5,0.5,88782,54214,6,0,34562,0.9999324187335271,0.9998264290673455,1.0,0.9999132070013019,0.9999289369016138,0.00011066027296200664,0.0,0.9999997625338933,0.9999996268967628,0.9999996269040652
789,gat_transformer_L8,feb20_matched,validation,maximum_macro_f1,0.9975528120994568,88782,54215,5,0,34562,0.9999436822779392,0.9998553533717129,1.0,0.9999276714548163,0.9999407804408309,9.221689413500554e-05,0.0,0.9999997625338933,0.9999996268967628,0.9999996269040652
789,gat_transformer_L8,feb20_matched,validation,fpr_at_most_0.01,0.9975528120994568,88782,54215,5,0,34562,0.9999436822779392,0.9998553533717129,1.0,0.9999276714548163,0.9999407804408309,9.221689413500554e-05,0.0,0.9999997625338933,0.9999996268967628,0.9999996269040652
789,gat_transformer_L8,feb20_matched,test,fixed_0_5,0.5,212591,193887,6,73,18625,0.9996283944287387,0.9996779560946809,0.9960958391271794,0.9978836829274826,0.9988399987552925,3.094490260091906e-05,0.0039041608728206225,0.9999990941717462,0.9999904032495432,0.9999904035518662
789,gat_transformer_L8,feb20_matched,test,maximum_macro_f1,0.9975528120994568,212591,193891,2,767,17931,0.9963827255151911,0.9998884737634528,0.9589795700074875,0.9790068521197892,0.9885138519756689,1.0314967533639688e-05,0.04102042999251257,0.9999990941717462,0.9999904032495432,0.9999904035518662
789,gat_transformer_L8,feb20_matched,test,fpr_at_most_0.01,0.9975528120994568,212591,193891,2,767,17931,0.9963827255151911,0.9998884737634528,0.9589795700074875,0.9790068521197892,0.9885138519756689,1.0314967533639688e-05,0.04102042999251257,0.9999990941717462,0.9999904032495432,0.9999904035518662
789,gatv2_self_only,feb20_matched,validation,fixed_0_5,0.5,88782,54220,0,220,34342,0.9975220202293258,1.0,0.9936346276257161,0.9968071519795658,0.9973912439448722,0.0,0.006365372374283896,0.9999989551491308,0.9999983590053519,0.9999983590291187
789,gatv2_self_only,feb20_matched,validation,maximum_macro_f1,0.0026703798212110996,88782,54190,30,1,34561,0.9996508301232232,0.9991327223844353,0.9999710664892077,0.9995517186528422,0.9996328849050062,0.0005533013648100332,2.8933510792199525e-05,0.9999989551491308,0.9999983590053519,0.9999983590291187
789,gatv2_self_only,feb20_matched,validation,fpr_at_most_0.01,0.0025483453646302223,88782,54185,35,0,34562,0.9996057759455745,0.9989883515911784,1.0,0.9994939198079787,0.9995855282357085,0.0006455182589450387,0.0,0.9999989551491308,0.9999983590053519,0.9999983590291187
789,gatv2_self_only,feb20_matched,test,fixed_0_5,0.5,212591,193893,0,1088,17610,0.9948821916261742,1.0,0.9418119584982351,0.970034152252947,0.9836181654253209,0.0,0.058188041501764896,0.9998479111879331,0.9987375706902456,0.9987375982119082
789,gatv2_self_only,feb20_matched,test,maximum_macro_f1,0.0026703798212110996,212591,193679,214,257,18441,0.9977844781764045,0.9885285446261056,0.9862552144614397,0.9873905710384708,0.9930880591385367,0.0011037015260994467,0.013744785538560273,0.9998479111879331,0.9987375706902456,0.9987375982119082
789,gatv2_self_only,feb20_matched,test,fpr_at_most_0.01,0.0025483453646302223,212591,193672,221,256,18442,0.9977562549684605,0.9881583882548358,0.9863086961172318,0.9872326757849094,0.993001363458373,0.0011398039124671856,0.013691303882768211,0.9998479111879331,0.9987375706902456,0.9987375982119082
1024,edge_mlp,feb20_matched,validation,fixed_0_5,0.5,88782,54207,13,789,33773,0.9909666373814512,0.9996152252412241,0.9771714599849546,0.9882659331655644,0.990461343377391,0.00023976392475101439,0.022828540015045425,0.999981854387662,0.9999711729376842,0.9999711733600745
1024,edge_mlp,feb20_matched,validation,maximum_macro_f1,0.02950536645948887,88782,54141,79,3,34559,0.9990763893582032,0.9977192678561118,0.9999131994676234,0.9988150289017341,0.9990291600158148,0.0014570269273330874,8.680053237659857e-05,0.999981854387662,0.9999711729376842,0.9999711733600745
1024,edge_mlp,feb20_matched,validation,fpr_at_most_0.01,0.026941433548927307,88782,54120,100,0,34562,0.9988736455587844,0.9971149962494952,1.0,0.9985554143071766,0.998816197092669,0.0018443378827001106,0.0,0.999981854387662,0.9999711729376842,0.9999711733600745
1024,edge_mlp,feb20_matched,test,fixed_0_5,0.5,212591,193828,65,382,18316,0.99789737100818,0.9964637397312442,0.9795700074874318,0.987944658701691,0.9933964512978544,0.00033523644484328985,0.02042999251256819,0.9999723304498961,0.9996812249384229,0.9996811883265935
1024,edge_mlp,feb20_matched,test,maximum_macro_f1,0.02950536645948887,212591,193555,338,2,18696,0.9984006848831795,0.9822423032468215,0.9998930366884159,0.9909890808862504,0.9950557741507003,0.0017432295131851073,0.00010696331158412665,0.9999723304498961,0.9996812249384229,0.9996811883265935
1024,edge_mlp,feb20_matched,test,fpr_at_most_0.01,0.026941433548927307,212591,193470,423,0,18698,0.9980102638399556,0.9778777260603525,1.0,0.988815145826172,0.9938615734242344,0.002181615633364794,0.0,0.9999723304498961,0.9996812249384229,0.9996811883265935
1024,gatv2,feb20_matched,validation,fixed_0_5,0.5,88782,54215,5,0,34562,0.9999436822779392,0.9998553533717129,1.0,0.9999276714548163,0.9999407804408309,9.221689413500554e-05,0.0,0.9999999727847833,0.9999999572751554,0.9999999572758225
1024,gatv2,feb20_matched,validation,maximum_macro_f1,0.9862767457962036,88782,54219,1,0,34562,0.9999887364555878,0.9999710673263317,1.0,0.9999855334538879,0.999988155839717,1.8443378827001106e-05,0.0,0.9999999727847833,0.9999999572751554,0.9999999572758225
1024,gatv2,feb20_matched,validation,fpr_at_most_0.01,0.9862767457962036,88782,54219,1,0,34562,0.9999887364555878,0.9999710673263317,1.0,0.9999855334538879,0.999988155839717,1.8443378827001106e-05,0.0,0.9999999727847833,0.9999999572751554,0.9999999572758225
1024,gatv2,feb20_matched,test,fixed_0_5,0.5,212591,193890,3,0,18698,0.9999858883960281,0.9998395807710818,1.0,0.9999197839514425,0.9999560238329713,1.547245130045953e-05,0.0,0.999999734374967,0.9999972216883339,0.9999972217646919
1024,gatv2,feb20_matched,test,maximum_macro_f1,0.9862767457962036,212591,193893,0,601,18097,0.9971729753376202,1.0,0.9678575248689699,0.9836662590025819,0.9910594166839206,0.0,0.03214247513103006,0.999999734374967,0.9999972216883339,0.9999972217646919
1024,gatv2,feb20_matched,test,fpr_at_most_0.01,0.9862767457962036,212591,193893,0,601,18097,0.9971729753376202,1.0,0.9678575248689699,0.9836662590025819,0.9910594166839206,0.0,0.03214247513103006,0.999999734374967,0.9999972216883339,0.9999972217646919
1024,gat_transformer_L1,feb20_matched,validation,fixed_0_5,0.5,88782,54205,15,0,34562,0.9998310468338176,0.999566185614715,1.0,0.9997830457484198,0.9998223506353351,0.0002766506824050166,0.0,0.9999998991436087,0.9999998415768317,0.9999998415795391
1024,gat_transformer_L1,feb20_matched,validation,maximum_macro_f1,0.9943566918373108,88782,54217,3,0,34562,0.9999662093667635,0.9999132070013019,1.0,0.999956601617313,0.9999644678918477,5.533013648100332e-05,0.0,0.9999998991436087,0.9999998415768317,0.9999998415795391
1024,gat_transformer_L1,feb20_matched,validation,fpr_at_most_0.01,0.9943566918373108,88782,54217,3,0,34562,0.9999662093667635,0.9999132070013019,1.0,0.999956601617313,0.9999644678918477,5.533013648100332e-05,0.0,0.9999998991436087,0.9999998415768317,0.9999998415795391
1024,gat_transformer_L1,feb20_matched,test,fixed_0_5,0.5,212591,193869,24,0,18698,0.9998871071682244,0.9987180856746074,1.0,0.9993586317477284,0.9996483690559708,0.00012377961040367625,0.0,0.9999992820125017,0.9999924830412257,0.9999924832620046
1024,gat_transformer_L1,feb20_matched,test,maximum_macro_f1,0.9943566918373108,212591,193893,0,587,18111,0.9972388294894892,1.0,0.9686062680500588,0.9840528131706919,0.9912706897873194,0.0,0.03139373194994117,0.9999992820125017,0.9999924830412257,0.9999924832620046
1024,gat_transformer_L1,feb20_matched,test,fpr_at_most_0.01,0.9943566918373108,212591,193893,0,587,18111,0.9972388294894892,1.0,0.9686062680500588,0.9840528131706919,0.9912706897873194,0.0,0.03139373194994117,0.9999992820125017,0.9999924830412257,0.9999924832620046
1024,gat_transformer_L8,feb20_matched,validation,fixed_0_5,0.5,88782,54214,6,0,34562,0.9999324187335271,0.9998264290673455,1.0,0.9999132070013019,0.9999289369016138,0.00011066027296200664,0.0,0.9999997753410542,0.9999996470440652,0.9999996470502499
1024,gat_transformer_L8,feb20_matched,validation,maximum_macro_f1,0.9978283047676086,88782,54215,5,0,34562,0.9999436822779392,0.9998553533717129,1.0,0.9999276714548163,0.9999407804408309,9.221689413500554e-05,0.0,0.9999997753410542,0.9999996470440652,0.9999996470502499
1024,gat_transformer_L8,feb20_matched,validation,fpr_at_most_0.01,0.9978283047676086,88782,54215,5,0,34562,0.9999436822779392,0.9998553533717129,1.0,0.9999276714548163,0.9999407804408309,9.221689413500554e-05,0.0,0.9999997753410542,0.9999996470440652,0.9999996470502499
1024,gat_transformer_L8,feb20_matched,test,fixed_0_5,0.5,212591,193887,6,25,18673,0.9998541800922899,0.9996787836607955,0.9986629586051984,0.999170612943789,0.9995453379310041,3.094490260091906e-05,0.001337041394801583,0.9999994464076414,0.9999941743410249,0.9999941745189637
1024,gat_transformer_L8,feb20_matched,test,maximum_macro_f1,0.9978283047676086,212591,193891,2,498,18200,0.9976480660046756,0.9998901219646192,0.9733661354155525,0.986449864498645,0.9925810703139251,1.0314967533639688e-05,0.026633864584447536,0.9999994464076414,0.9999941743410249,0.9999941745189637
1024,gat_transformer_L8,feb20_matched,test,fpr_at_most_0.01,0.9978283047676086,212591,193891,2,498,18200,0.9976480660046756,0.9998901219646192,0.9733661354155525,0.986449864498645,0.9925810703139251,1.0314967533639688e-05,0.026633864584447536,0.9999994464076414,0.9999941743410249,0.9999941745189637
1024,gatv2_self_only,feb20_matched,validation,fixed_0_5,0.5,88782,54220,0,0,34562,1.0,1.0,1.0,1.0,1.0,0.0,0.0,1.0,1.0,1.0
1024,gatv2_self_only,feb20_matched,validation,maximum_macro_f1,0.9610883593559265,88782,54220,0,0,34562,1.0,1.0,1.0,1.0,1.0,0.0,0.0,1.0,1.0,1.0
1024,gatv2_self_only,feb20_matched,validation,fpr_at_most_0.01,0.9610883593559265,88782,54220,0,0,34562,1.0,1.0,1.0,1.0,1.0,0.0,0.0,1.0,1.0,1.0
1024,gatv2_self_only,feb20_matched,test,fixed_0_5,0.5,212591,193893,0,13,18685,0.9999388497161216,1.0,0.9993047384747031,0.9996522483481797,0.9998093629137462,0.0,0.0006952615252968232,0.9999999914492461,0.9999999113187676,0.9999999113211394
1024,gatv2_self_only,feb20_matched,test,maximum_macro_f1,0.9610883593559265,212591,193893,0,184,18514,0.9991344882897206,1.0,0.9901593753342603,0.9950553584865097,0.9972905475062649,0.0,0.009840624665739652,0.9999999914492461,0.9999999113187676,0.9999999113211394
1024,gatv2_self_only,feb20_matched,test,fpr_at_most_0.01,0.9610883593559265,212591,193893,0,184,18514,0.9991344882897206,1.0,0.9901593753342603,0.9950553584865097,0.9972905475062649,0.0,0.009840624665739652,0.9999999914492461,0.9999999113187676,0.9999999113211394
