seed,model,cohort,partition,criterion,threshold,attack_family,N,detected,recall
42,edge_mlp,feb20_matched,validation,fixed_0_5,0.5,DDoS attacks-LOIC-HTTP,34562,33770,0.9770846594525779
42,edge_mlp,feb20_matched,validation,maximum_macro_f1,0.03797098249197006,DDoS attacks-LOIC-HTTP,34562,34561,0.9999710664892077
42,edge_mlp,feb20_matched,validation,fpr_at_most_0.01,0.0365968756377697,DDoS attacks-LOIC-HTTP,34562,34562,1.0
42,edge_mlp,feb20_matched,test,fixed_0_5,0.5,DDoS attacks-LOIC-HTTP,18698,18312,0.9793560808642635
42,edge_mlp,feb20_matched,test,maximum_macro_f1,0.03797098249197006,DDoS attacks-LOIC-HTTP,18698,18697,0.9999465183442079
42,edge_mlp,feb20_matched,test,fpr_at_most_0.01,0.0365968756377697,DDoS attacks-LOIC-HTTP,18698,18698,1.0
42,gatv2,feb20_matched,validation,fixed_0_5,0.5,DDoS attacks-LOIC-HTTP,34562,34562,1.0
42,gatv2,feb20_matched,validation,maximum_macro_f1,0.9955880641937256,DDoS attacks-LOIC-HTTP,34562,34562,1.0
42,gatv2,feb20_matched,validation,fpr_at_most_0.01,0.9955880641937256,DDoS attacks-LOIC-HTTP,34562,34562,1.0
42,gatv2,feb20_matched,test,fixed_0_5,0.5,DDoS attacks-LOIC-HTTP,18698,18698,1.0
42,gatv2,feb20_matched,test,maximum_macro_f1,0.9955880641937256,DDoS attacks-LOIC-HTTP,18698,17830,0.953577922772489
42,gatv2,feb20_matched,test,fpr_at_most_0.01,0.9955880641937256,DDoS attacks-LOIC-HTTP,18698,17830,0.953577922772489
42,gat_transformer_L1,feb20_matched,validation,fixed_0_5,0.5,DDoS attacks-LOIC-HTTP,34562,34562,1.0
42,gat_transformer_L1,feb20_matched,validation,maximum_macro_f1,0.9946208000183105,DDoS attacks-LOIC-HTTP,34562,34562,1.0
42,gat_transformer_L1,feb20_matched,validation,fpr_at_most_0.01,0.9946208000183105,DDoS attacks-LOIC-HTTP,34562,34562,1.0
42,gat_transformer_L1,feb20_matched,test,fixed_0_5,0.5,DDoS attacks-LOIC-HTTP,18698,18698,1.0
42,gat_transformer_L1,feb20_matched,test,maximum_macro_f1,0.9946208000183105,DDoS attacks-LOIC-HTTP,18698,18206,0.9736870253503048
42,gat_transformer_L1,feb20_matched,test,fpr_at_most_0.01,0.9946208000183105,DDoS attacks-LOIC-HTTP,18698,18206,0.9736870253503048
42,gat_transformer_L8,feb20_matched,validation,fixed_0_5,0.5,DDoS attacks-LOIC-HTTP,34562,34562,1.0
42,gat_transformer_L8,feb20_matched,validation,maximum_macro_f1,0.9970107078552246,DDoS attacks-LOIC-HTTP,34562,34562,1.0
42,gat_transformer_L8,feb20_matched,validation,fpr_at_most_0.01,0.9970107078552246,DDoS attacks-LOIC-HTTP,34562,34562,1.0
42,gat_transformer_L8,feb20_matched,test,fixed_0_5,0.5,DDoS attacks-LOIC-HTTP,18698,18698,1.0
42,gat_transformer_L8,feb20_matched,test,maximum_macro_f1,0.9970107078552246,DDoS attacks-LOIC-HTTP,18698,18385,0.9832602417370842
42,gat_transformer_L8,feb20_matched,test,fpr_at_most_0.01,0.9970107078552246,DDoS attacks-LOIC-HTTP,18698,18385,0.9832602417370842
42,gatv2_self_only,feb20_matched,validation,fixed_0_5,0.5,DDoS attacks-LOIC-HTTP,34562,34562,1.0
42,gatv2_self_only,feb20_matched,validation,maximum_macro_f1,0.6595221757888794,DDoS attacks-LOIC-HTTP,34562,34562,1.0
42,gatv2_self_only,feb20_matched,validation,fpr_at_most_0.01,0.6595221757888794,DDoS attacks-LOIC-HTTP,34562,34562,1.0
42,gatv2_self_only,feb20_matched,test,fixed_0_5,0.5,DDoS attacks-LOIC-HTTP,18698,18541,0.9916033800406461
42,gatv2_self_only,feb20_matched,test,maximum_macro_f1,0.6595221757888794,DDoS attacks-LOIC-HTTP,18698,18520,0.9904802652690128
42,gatv2_self_only,feb20_matched,test,fpr_at_most_0.01,0.6595221757888794,DDoS attacks-LOIC-HTTP,18698,18520,0.9904802652690128
123,edge_mlp,feb20_matched,validation,fixed_0_5,0.5,DDoS attacks-LOIC-HTTP,34562,33308,0.9637173774665818
123,edge_mlp,feb20_matched,validation,maximum_macro_f1,0.00923419464379549,DDoS attacks-LOIC-HTTP,34562,34559,0.9999131994676234
123,edge_mlp,feb20_matched,validation,fpr_at_most_0.01,0.008441112004220486,DDoS attacks-LOIC-HTTP,34562,34562,1.0
123,edge_mlp,feb20_matched,test,fixed_0_5,0.5,DDoS attacks-LOIC-HTTP,18698,18079,0.9668948550647128
123,edge_mlp,feb20_matched,test,maximum_macro_f1,0.00923419464379549,DDoS attacks-LOIC-HTTP,18698,18696,0.9998930366884159
123,edge_mlp,feb20_matched,test,fpr_at_most_0.01,0.008441112004220486,DDoS attacks-LOIC-HTTP,18698,18698,1.0
123,gatv2,feb20_matched,validation,fixed_0_5,0.5,DDoS attacks-LOIC-HTTP,34562,34562,1.0
123,gatv2,feb20_matched,validation,maximum_macro_f1,0.925602912902832,DDoS attacks-LOIC-HTTP,34562,34562,1.0
123,gatv2,feb20_matched,validation,fpr_at_most_0.01,0.925602912902832,DDoS attacks-LOIC-HTTP,34562,34562,1.0
123,gatv2,feb20_matched,test,fixed_0_5,0.5,DDoS attacks-LOIC-HTTP,18698,18468,0.9876992191678254
123,gatv2,feb20_matched,test,maximum_macro_f1,0.925602912902832,DDoS attacks-LOIC-HTTP,18698,18118,0.9689806396406033
123,gatv2,feb20_matched,test,fpr_at_most_0.01,0.925602912902832,DDoS attacks-LOIC-HTTP,18698,18118,0.9689806396406033
123,gat_transformer_L1,feb20_matched,validation,fixed_0_5,0.5,DDoS attacks-LOIC-HTTP,34562,34562,1.0
123,gat_transformer_L1,feb20_matched,validation,maximum_macro_f1,0.9951621890068054,DDoS attacks-LOIC-HTTP,34562,34562,1.0
123,gat_transformer_L1,feb20_matched,validation,fpr_at_most_0.01,0.9951621890068054,DDoS attacks-LOIC-HTTP,34562,34562,1.0
123,gat_transformer_L1,feb20_matched,test,fixed_0_5,0.5,DDoS attacks-LOIC-HTTP,18698,18698,1.0
123,gat_transformer_L1,feb20_matched,test,maximum_macro_f1,0.9951621890068054,DDoS attacks-LOIC-HTTP,18698,18239,0.975451919991443
123,gat_transformer_L1,feb20_matched,test,fpr_at_most_0.01,0.9951621890068054,DDoS attacks-LOIC-HTTP,18698,18239,0.975451919991443
123,gat_transformer_L8,feb20_matched,validation,fixed_0_5,0.5,DDoS attacks-LOIC-HTTP,34562,34562,1.0
123,gat_transformer_L8,feb20_matched,validation,maximum_macro_f1,0.9879931211471558,DDoS attacks-LOIC-HTTP,34562,34562,1.0
123,gat_transformer_L8,feb20_matched,validation,fpr_at_most_0.01,0.9879931211471558,DDoS attacks-LOIC-HTTP,34562,34562,1.0
123,gat_transformer_L8,feb20_matched,test,fixed_0_5,0.5,DDoS attacks-LOIC-HTTP,18698,18590,0.9942239811744572
123,gat_transformer_L8,feb20_matched,test,maximum_macro_f1,0.9879931211471558,DDoS attacks-LOIC-HTTP,18698,18360,0.9819232003422826
123,gat_transformer_L8,feb20_matched,test,fpr_at_most_0.01,0.9879931211471558,DDoS attacks-LOIC-HTTP,18698,18360,0.9819232003422826
123,gatv2_self_only,feb20_matched,validation,fixed_0_5,0.5,DDoS attacks-LOIC-HTTP,34562,34526,0.9989583936114809
123,gatv2_self_only,feb20_matched,validation,maximum_macro_f1,0.1068919450044632,DDoS attacks-LOIC-HTTP,34562,34562,1.0
123,gatv2_self_only,feb20_matched,validation,fpr_at_most_0.01,0.1068919450044632,DDoS attacks-LOIC-HTTP,34562,34562,1.0
123,gatv2_self_only,feb20_matched,test,fixed_0_5,0.5,DDoS attacks-LOIC-HTTP,18698,18198,0.9732591721039683
123,gatv2_self_only,feb20_matched,test,maximum_macro_f1,0.1068919450044632,DDoS attacks-LOIC-HTTP,18698,18522,0.9905872285805969
123,gatv2_self_only,feb20_matched,test,fpr_at_most_0.01,0.1068919450044632,DDoS attacks-LOIC-HTTP,18698,18522,0.9905872285805969
456,edge_mlp,feb20_matched,validation,fixed_0_5,0.5,DDoS attacks-LOIC-HTTP,34562,34093,0.9864301834384585
456,edge_mlp,feb20_matched,validation,maximum_macro_f1,0.3176245093345642,DDoS attacks-LOIC-HTTP,34562,34490,0.9979167872229616
456,edge_mlp,feb20_matched,validation,fpr_at_most_0.01,0.30238959193229675,DDoS attacks-LOIC-HTTP,34562,34549,0.9996238643597014
456,edge_mlp,feb20_matched,test,fixed_0_5,0.5,DDoS attacks-LOIC-HTTP,18698,18447,0.9865761043961921
456,edge_mlp,feb20_matched,test,maximum_macro_f1,0.3176245093345642,DDoS attacks-LOIC-HTTP,18698,18667,0.9983420686704461
456,edge_mlp,feb20_matched,test,fpr_at_most_0.01,0.30238959193229675,DDoS attacks-LOIC-HTTP,18698,18695,0.9998395550326238
456,gatv2,feb20_matched,validation,fixed_0_5,0.5,DDoS attacks-LOIC-HTTP,34562,34562,1.0
456,gatv2,feb20_matched,validation,maximum_macro_f1,0.9994947910308838,DDoS attacks-LOIC-HTTP,34562,34562,1.0
456,gatv2,feb20_matched,validation,fpr_at_most_0.01,0.9994947910308838,DDoS attacks-LOIC-HTTP,34562,34562,1.0
456,gatv2,feb20_matched,test,fixed_0_5,0.5,DDoS attacks-LOIC-HTTP,18698,18698,1.0
456,gatv2,feb20_matched,test,maximum_macro_f1,0.9994947910308838,DDoS attacks-LOIC-HTTP,18698,18246,0.9758262915819874
456,gatv2,feb20_matched,test,fpr_at_most_0.01,0.9994947910308838,DDoS attacks-LOIC-HTTP,18698,18246,0.9758262915819874
456,gat_transformer_L1,feb20_matched,validation,fixed_0_5,0.5,DDoS attacks-LOIC-HTTP,34562,34562,1.0
456,gat_transformer_L1,feb20_matched,validation,maximum_macro_f1,0.5870687961578369,DDoS attacks-LOIC-HTTP,34562,34562,1.0
456,gat_transformer_L1,feb20_matched,validation,fpr_at_most_0.01,0.5870687961578369,DDoS attacks-LOIC-HTTP,34562,34562,1.0
456,gat_transformer_L1,feb20_matched,test,fixed_0_5,0.5,DDoS attacks-LOIC-HTTP,18698,18203,0.9735265803829286
456,gat_transformer_L1,feb20_matched,test,maximum_macro_f1,0.5870687961578369,DDoS attacks-LOIC-HTTP,18698,18198,0.9732591721039683
456,gat_transformer_L1,feb20_matched,test,fpr_at_most_0.01,0.5870687961578369,DDoS attacks-LOIC-HTTP,18698,18198,0.9732591721039683
456,gat_transformer_L8,feb20_matched,validation,fixed_0_5,0.5,DDoS attacks-LOIC-HTTP,34562,34562,1.0
456,gat_transformer_L8,feb20_matched,validation,maximum_macro_f1,0.9969817996025085,DDoS attacks-LOIC-HTTP,34562,34562,1.0
456,gat_transformer_L8,feb20_matched,validation,fpr_at_most_0.01,0.9969817996025085,DDoS attacks-LOIC-HTTP,34562,34562,1.0
456,gat_transformer_L8,feb20_matched,test,fixed_0_5,0.5,DDoS attacks-LOIC-HTTP,18698,18698,1.0
456,gat_transformer_L8,feb20_matched,test,maximum_macro_f1,0.9969817996025085,DDoS attacks-LOIC-HTTP,18698,17936,0.9592469782864478
456,gat_transformer_L8,feb20_matched,test,fpr_at_most_0.01,0.9969817996025085,DDoS attacks-LOIC-HTTP,18698,17936,0.9592469782864478
456,gatv2_self_only,feb20_matched,validation,fixed_0_5,0.5,DDoS attacks-LOIC-HTTP,34562,34562,1.0
456,gatv2_self_only,feb20_matched,validation,maximum_macro_f1,0.8850541710853577,DDoS attacks-LOIC-HTTP,34562,34562,1.0
456,gatv2_self_only,feb20_matched,validation,fpr_at_most_0.01,0.8850541710853577,DDoS attacks-LOIC-HTTP,34562,34562,1.0
456,gatv2_self_only,feb20_matched,test,fixed_0_5,0.5,DDoS attacks-LOIC-HTTP,18698,18594,0.9944379077976254
456,gatv2_self_only,feb20_matched,test,maximum_macro_f1,0.8850541710853577,DDoS attacks-LOIC-HTTP,18698,18507,0.9897850037437159
456,gatv2_self_only,feb20_matched,test,fpr_at_most_0.01,0.8850541710853577,DDoS attacks-LOIC-HTTP,18698,18507,0.9897850037437159
789,edge_mlp,feb20_matched,validation,fixed_0_5,0.5,DDoS attacks-LOIC-HTTP,34562,33751,0.9765349227475262
789,edge_mlp,feb20_matched,validation,maximum_macro_f1,0.03213094547390938,DDoS attacks-LOIC-HTTP,34562,34559,0.9999131994676234
789,edge_mlp,feb20_matched,validation,fpr_at_most_0.01,0.029486844316124916,DDoS attacks-LOIC-HTTP,34562,34562,1.0
789,edge_mlp,feb20_matched,test,fixed_0_5,0.5,DDoS attacks-LOIC-HTTP,18698,18301,0.9787677826505509
789,edge_mlp,feb20_matched,test,maximum_macro_f1,0.03213094547390938,DDoS attacks-LOIC-HTTP,18698,18696,0.9998930366884159
789,edge_mlp,feb20_matched,test,fpr_at_most_0.01,0.029486844316124916,DDoS attacks-LOIC-HTTP,18698,18698,1.0
789,gatv2,feb20_matched,validation,fixed_0_5,0.5,DDoS attacks-LOIC-HTTP,34562,34562,1.0
789,gatv2,feb20_matched,validation,maximum_macro_f1,0.699318528175354,DDoS attacks-LOIC-HTTP,34562,34562,1.0
789,gatv2,feb20_matched,validation,fpr_at_most_0.01,0.699318528175354,DDoS attacks-LOIC-HTTP,34562,34562,1.0
789,gatv2,feb20_matched,test,fixed_0_5,0.5,DDoS attacks-LOIC-HTTP,18698,18279,0.9775911862231255
789,gatv2,feb20_matched,test,maximum_macro_f1,0.699318528175354,DDoS attacks-LOIC-HTTP,18698,18053,0.9655043320141191
789,gatv2,feb20_matched,test,fpr_at_most_0.01,0.699318528175354,DDoS attacks-LOIC-HTTP,18698,18053,0.9655043320141191
789,gat_transformer_L1,feb20_matched,validation,fixed_0_5,0.5,DDoS attacks-LOIC-HTTP,34562,34562,1.0
789,gat_transformer_L1,feb20_matched,validation,maximum_macro_f1,0.9939129948616028,DDoS attacks-LOIC-HTTP,34562,34562,1.0
789,gat_transformer_L1,feb20_matched,validation,fpr_at_most_0.01,0.9939129948616028,DDoS attacks-LOIC-HTTP,34562,34562,1.0
789,gat_transformer_L1,feb20_matched,test,fixed_0_5,0.5,DDoS attacks-LOIC-HTTP,18698,18583,0.9938496095839127
789,gat_transformer_L1,feb20_matched,test,maximum_macro_f1,0.9939129948616028,DDoS attacks-LOIC-HTTP,18698,18109,0.9684993047384747
789,gat_transformer_L1,feb20_matched,test,fpr_at_most_0.01,0.9939129948616028,DDoS attacks-LOIC-HTTP,18698,18109,0.9684993047384747
789,gat_transformer_L8,feb20_matched,validation,fixed_0_5,0.5,DDoS attacks-LOIC-HTTP,34562,34562,1.0
789,gat_transformer_L8,feb20_matched,validation,maximum_macro_f1,0.9975528120994568,DDoS attacks-LOIC-HTTP,34562,34562,1.0
789,gat_transformer_L8,feb20_matched,validation,fpr_at_most_0.01,0.9975528120994568,DDoS attacks-LOIC-HTTP,34562,34562,1.0
789,gat_transformer_L8,feb20_matched,test,fixed_0_5,0.5,DDoS attacks-LOIC-HTTP,18698,18625,0.9960958391271794
789,gat_transformer_L8,feb20_matched,test,maximum_macro_f1,0.9975528120994568,DDoS attacks-LOIC-HTTP,18698,17931,0.9589795700074875
789,gat_transformer_L8,feb20_matched,test,fpr_at_most_0.01,0.9975528120994568,DDoS attacks-LOIC-HTTP,18698,17931,0.9589795700074875
789,gatv2_self_only,feb20_matched,validation,fixed_0_5,0.5,DDoS attacks-LOIC-HTTP,34562,34342,0.9936346276257161
789,gatv2_self_only,feb20_matched,validation,maximum_macro_f1,0.0026703798212110996,DDoS attacks-LOIC-HTTP,34562,34561,0.9999710664892077
789,gatv2_self_only,feb20_matched,validation,fpr_at_most_0.01,0.0025483453646302223,DDoS attacks-LOIC-HTTP,34562,34562,1.0
789,gatv2_self_only,feb20_matched,test,fixed_0_5,0.5,DDoS attacks-LOIC-HTTP,18698,17610,0.9418119584982351
789,gatv2_self_only,feb20_matched,test,maximum_macro_f1,0.0026703798212110996,DDoS attacks-LOIC-HTTP,18698,18441,0.9862552144614397
789,gatv2_self_only,feb20_matched,test,fpr_at_most_0.01,0.0025483453646302223,DDoS attacks-LOIC-HTTP,18698,18442,0.9863086961172318
1024,edge_mlp,feb20_matched,validation,fixed_0_5,0.5,DDoS attacks-LOIC-HTTP,34562,33773,0.9771714599849546
1024,edge_mlp,feb20_matched,validation,maximum_macro_f1,0.02950536645948887,DDoS attacks-LOIC-HTTP,34562,34559,0.9999131994676234
1024,edge_mlp,feb20_matched,validation,fpr_at_most_0.01,0.026941433548927307,DDoS attacks-LOIC-HTTP,34562,34562,1.0
1024,edge_mlp,feb20_matched,test,fixed_0_5,0.5,DDoS attacks-LOIC-HTTP,18698,18316,0.9795700074874318
1024,edge_mlp,feb20_matched,test,maximum_macro_f1,0.02950536645948887,DDoS attacks-LOIC-HTTP,18698,18696,0.9998930366884159
1024,edge_mlp,feb20_matched,test,fpr_at_most_0.01,0.026941433548927307,DDoS attacks-LOIC-HTTP,18698,18698,1.0
1024,gatv2,feb20_matched,validation,fixed_0_5,0.5,DDoS attacks-LOIC-HTTP,34562,34562,1.0
1024,gatv2,feb20_matched,validation,maximum_macro_f1,0.9862767457962036,DDoS attacks-LOIC-HTTP,34562,34562,1.0
1024,gatv2,feb20_matched,validation,fpr_at_most_0.01,0.9862767457962036,DDoS attacks-LOIC-HTTP,34562,34562,1.0
1024,gatv2,feb20_matched,test,fixed_0_5,0.5,DDoS attacks-LOIC-HTTP,18698,18698,1.0
1024,gatv2,feb20_matched,test,maximum_macro_f1,0.9862767457962036,DDoS attacks-LOIC-HTTP,18698,18097,0.9678575248689699
1024,gatv2,feb20_matched,test,fpr_at_most_0.01,0.9862767457962036,DDoS attacks-LOIC-HTTP,18698,18097,0.9678575248689699
1024,gat_transformer_L1,feb20_matched,validation,fixed_0_5,0.5,DDoS attacks-LOIC-HTTP,34562,34562,1.0
1024,gat_transformer_L1,feb20_matched,validation,maximum_macro_f1,0.9943566918373108,DDoS attacks-LOIC-HTTP,34562,34562,1.0
1024,gat_transformer_L1,feb20_matched,validation,fpr_at_most_0.01,0.9943566918373108,DDoS attacks-LOIC-HTTP,34562,34562,1.0
1024,gat_transformer_L1,feb20_matched,test,fixed_0_5,0.5,DDoS attacks-LOIC-HTTP,18698,18698,1.0
1024,gat_transformer_L1,feb20_matched,test,maximum_macro_f1,0.9943566918373108,DDoS attacks-LOIC-HTTP,18698,18111,0.9686062680500588
1024,gat_transformer_L1,feb20_matched,test,fpr_at_most_0.01,0.9943566918373108,DDoS attacks-LOIC-HTTP,18698,18111,0.9686062680500588
1024,gat_transformer_L8,feb20_matched,validation,fixed_0_5,0.5,DDoS attacks-LOIC-HTTP,34562,34562,1.0
1024,gat_transformer_L8,feb20_matched,validation,maximum_macro_f1,0.9978283047676086,DDoS attacks-LOIC-HTTP,34562,34562,1.0
1024,gat_transformer_L8,feb20_matched,validation,fpr_at_most_0.01,0.9978283047676086,DDoS attacks-LOIC-HTTP,34562,34562,1.0
1024,gat_transformer_L8,feb20_matched,test,fixed_0_5,0.5,DDoS attacks-LOIC-HTTP,18698,18673,0.9986629586051984
1024,gat_transformer_L8,feb20_matched,test,maximum_macro_f1,0.9978283047676086,DDoS attacks-LOIC-HTTP,18698,18200,0.9733661354155525
1024,gat_transformer_L8,feb20_matched,test,fpr_at_most_0.01,0.9978283047676086,DDoS attacks-LOIC-HTTP,18698,18200,0.9733661354155525
1024,gatv2_self_only,feb20_matched,validation,fixed_0_5,0.5,DDoS attacks-LOIC-HTTP,34562,34562,1.0
1024,gatv2_self_only,feb20_matched,validation,maximum_macro_f1,0.9610883593559265,DDoS attacks-LOIC-HTTP,34562,34562,1.0
1024,gatv2_self_only,feb20_matched,validation,fpr_at_most_0.01,0.9610883593559265,DDoS attacks-LOIC-HTTP,34562,34562,1.0
1024,gatv2_self_only,feb20_matched,test,fixed_0_5,0.5,DDoS attacks-LOIC-HTTP,18698,18685,0.9993047384747031
1024,gatv2_self_only,feb20_matched,test,maximum_macro_f1,0.9610883593559265,DDoS attacks-LOIC-HTTP,18698,18514,0.9901593753342603
1024,gatv2_self_only,feb20_matched,test,fpr_at_most_0.01,0.9610883593559265,DDoS attacks-LOIC-HTTP,18698,18514,0.9901593753342603
