seed,model,group,status,checkpoint_sha256,threshold_lock_sha256,training_record_sha256,evaluation_record_sha256,effective_configuration_sha256,encoder_sha256,selected_step,environment_sha256
42,edge_mlp,graph,complete,029f60eeb153bd28f2c525a406308ee4d381fb7442af1164f6dcc2d23b375d27,38763f7d85ac385789dbc7a7cf524ffc5ffd3a8b5ddda8f562a1c72b9d88691d,76074c179502515634bdfd292db7d1e834b6cb58df814b6fe1017e1c603ba49b,00148c3e102e476d0c477b953381cb2ccd2f2d29a81c05294597afff6aa7563e,f335defe9adb14f9b6c18f2317228d2454fd1d09fb614d649a08008d2bff460f,,3,71a7c6f6822eabc100931941b0cdbd56baa1bb452354c35b3cb0715d97721430
42,gatv2,graph,complete,4691c4a581cc24ef95d0dea86df28c7d79f4f2da1772af4c2ea1ce0951d751ca,4e680f1aa69855b59255ecda257de6ed1a8083904d90f739b4bdf654eab52e9d,1bb9e02ecc98c58a7b870b9c132ea64fcd4258eb4e2ec3e76193104378db958c,77147ca77e1c2562cd23c019f6434f1df40ce3fbeb68960852260bcc53eb7435,a42261e8a41647d346f104aa475b4b91bad2b2ef777f7ee1132392f706e7ee90,,3,71a7c6f6822eabc100931941b0cdbd56baa1bb452354c35b3cb0715d97721430
42,gat_transformer_L1,graph_temporal,complete,bafa0b45f69b6783799a82b81850600934ae54eb76f46d89e09e7d8a631775b1,5a5be9c46b81dcfbdd2f4183ec8829f3874ef583778294cbe095598ae163f5c7,5bbdd6db9ddc24deb778c58e626035c10858daade38c48d7ea79a1fd06d3af38,f6691d107d3a03cecdc9912a6f52fa3bbe28d744c5f0fe01ab7ef496267fd719,e165de04e45c00f24b674c8a6741bfbe65f80bb10ea769bc48d4aa6891933403,4691c4a581cc24ef95d0dea86df28c7d79f4f2da1772af4c2ea1ce0951d751ca,1,71a7c6f6822eabc100931941b0cdbd56baa1bb452354c35b3cb0715d97721430
42,gat_transformer_L8,graph_temporal,complete,9b1d95c8a98e33c4208fce13e873ad852121437e0f7ca34406c0d0d7e2f6db58,2092ea31f7da3653240a15307c69aa07de5519d6a30255b182f3c2d373d0eda1,b1dd6f39cfca1c70e4df067514237dc1dcb0bf5e911525540fb98dd5ca6fd970,790ea58e886d13ca7b56cd6bf1b9eb2b09f90c95336dae9eeb13569de1727f06,22b0593c01ad637814a682d022a81c8754f1c8871799b2c8c58fff6c97c6ae7b,4691c4a581cc24ef95d0dea86df28c7d79f4f2da1772af4c2ea1ce0951d751ca,3,71a7c6f6822eabc100931941b0cdbd56baa1bb452354c35b3cb0715d97721430
42,gatv2_self_only,graph,complete,5d28df7ad58226c4093c0aa0ad3f9370d42bacb89855299e8eb485ab1098051f,b8812c34d70e27e85541cc7b8238b7339876717e239f82cd69983c4a65ae43e5,79b727bee50adaa36536cc0c576759bca3e6617f22d9bca27973b50fb681cd0f,34c2eafcf37ea82238d40e552fa3fd55b2b66b9da3e512f99be174eb562f44bf,2f8c8d64f0b33bfe2b1413ce3c5c4c81c0214489821b4f2cd9e54c8be0dc14b8,,4,71a7c6f6822eabc100931941b0cdbd56baa1bb452354c35b3cb0715d97721430
123,edge_mlp,graph,complete,c2f962eff593c0802471b7fbbac5089e6d92556332e2890e5df0a265e9cf7aea,d54834654fa089a6bf176a0cc5fa4705a45429f4357b7793254c3616f5a7acfe,535624eba72ea796e3db376653840a1e53446d6dbca2bccb933ae34fa941a4e4,2a4eb62bce4d97595623e8e8076ab7a2a635a9412e27ae2a91a43e502644306c,a8e77335dcc76eb317d9d793fb8736a7a47696b22d24a75eac9007c278c0a8d4,,3,71a7c6f6822eabc100931941b0cdbd56baa1bb452354c35b3cb0715d97721430
123,gatv2,graph,complete,bea98bb4b88f519195b752b8b1aa2046ecf1c70d52a86a0c070e33ac24d18127,d1d8fc44fece291efe4e341bbcd0cdcfd672fc0171e0ae95836c87f7bbdebbcb,bf9d7f3c32b781048524938ca6c2a092a08b3bd92a2a68d13cd0c9da2db992fe,e2740029d82549edc38404ed875cc7aebba1c0afc7db6800dc313c1a14b8b501,f0dddb53df4807a7550973e0404904a4f29e33022cc3f7c2dd35684ee386d626,,3,71a7c6f6822eabc100931941b0cdbd56baa1bb452354c35b3cb0715d97721430
123,gat_transformer_L1,graph_temporal,complete,e216d114967c42018ac355695d4634894ad9d3cea1c0a25808c84737ad4d01ec,933639bc79aad3942cdc03b129c96f5400b266ccb10bacad22034bb5e2e8e12d,c8f4e8b839efe28fa351e3a06a89f2036ac912aa081fa57acf069b111b6bb7bc,9a5dd63b17144973007cde51c0969ef9d0eb52d64ca6250c4a9a5cbacec1a07a,6f86dba22f0b4c71574e8f8e53c817135b8923e5eb858b3c0fa96fd2c6f9e2f3,bea98bb4b88f519195b752b8b1aa2046ecf1c70d52a86a0c070e33ac24d18127,1,71a7c6f6822eabc100931941b0cdbd56baa1bb452354c35b3cb0715d97721430
123,gat_transformer_L8,graph_temporal,complete,ba059883893b77f72fb9b43a87f195071e318dae82b23e9b9b3e66e5815c6f03,8822cf33cfed1fceab101b32ad7af84029a3fa67f61416f77af0e6f4c1b46535,cc67377b466eeda169623ddb9b1e4a77e82a9862db9bcbeaf0438a56002e5ada,cd582265678d7de7b528e9d2e8cee1ddfea2fe0079f8327a968b5b2841b9f143,f1793b84d31f87e3a8e1cc28ba6002d132e8401739087c693216688e0b9b8221,bea98bb4b88f519195b752b8b1aa2046ecf1c70d52a86a0c070e33ac24d18127,3,71a7c6f6822eabc100931941b0cdbd56baa1bb452354c35b3cb0715d97721430
123,gatv2_self_only,graph,complete,fcaf63760c45fde05a19fe22ee59d315416de4635cdd29688b9c2feca20f4983,25e8166e02b39b4de3bb1e924ca4286cb4d7cdd9e276de861099edff06648bee,2c1e7a2a8717a0c3530cb41c419e5823a3a89525b9299d2aa14c796ee504c4a3,ac71888feb17958604c4bd033497412c78825004e49cb8d044a05ffd0e13603d,ddf879279fc76469ecf06157d2aeb053bbc19f3880fd5ec08495d49f9092fbe3,,4,71a7c6f6822eabc100931941b0cdbd56baa1bb452354c35b3cb0715d97721430
456,edge_mlp,graph,complete,39be529f1a9bc939cf8af0e1170b47f19008b6b44bbb58386fd272a592405312,ff0c53733dca52c9dc9656c479fa97ddaf3fbaed8eefd4f38c9d8f0ce158419c,a451a748ce7b093338acb55067be8640cc9bbf475426a74dc6d97036e24a0837,7961dc758c5b13e8e73cbcf93291a7ca2c10912b603461491281f7ba7b697210,8739ab83590deae090fe838482f78c94d7977b472d6d4babb7a5799b60225cbc,,1,71a7c6f6822eabc100931941b0cdbd56baa1bb452354c35b3cb0715d97721430
456,gatv2,graph,complete,7035972a59215af367943e3a80cfa99a842101d430a9e8468728f8a34a900fb6,e8a7d4a9c0000b79624fbbcd49ba109db565b11a8a71af4713d915dc4662b5f1,53457b8dfdaa770dfb8d3a72a42e34c7975fcc4632915cf05dcd91271f7d055b,40a578a5ce353c5a3fc5d3df58a82a3b9a34ec50bc070758e0a48dcb661b1811,30528751b8f8d986b8a62234a1e6f0ae6437150e87b28a2cd9de1c957cb281f5,,4,71a7c6f6822eabc100931941b0cdbd56baa1bb452354c35b3cb0715d97721430
456,gat_transformer_L1,graph_temporal,complete,4b0d2098eea81df202ef7a15dc4130df31472489dab906512811dc91d9b2f757,7c711afd70adab99fedd9ab8e16a9bce24b28f4faaa8deae41f0c9c9ed411a3c,a29996acc17aa0e3f71328f41f3fa062bd938c172df6db23a96b79ccfe0a1342,1d01d59a83e21676e707bd6e9ad8e6ceca589d82234e904b02755504a8339889,cf33e8d4ff25040a25db74a914176ff51bd3e7a33db5ebf64afb6f251d5940e8,7035972a59215af367943e3a80cfa99a842101d430a9e8468728f8a34a900fb6,2,71a7c6f6822eabc100931941b0cdbd56baa1bb452354c35b3cb0715d97721430
456,gat_transformer_L8,graph_temporal,complete,4f8045c5ecdf8b8f6a332c5752dfa6924f100e6eef8ce57c58dfa29cf1b56293,271c54927cec4e5c9897b7e70ece90fcfd89ccf42eecebf4555852df87935bc5,521726204ccb8a60b1b9dd3437199d610e73ceedae84579c57538090d512d04a,16a0d4007aff5c8e6428469fa344bad898ea4076d113b924f1b4645097aa7e8a,40f568ec9b9069d466cbefc6c1b7776972c67204ebf890152b70ffdac721aa06,7035972a59215af367943e3a80cfa99a842101d430a9e8468728f8a34a900fb6,2,71a7c6f6822eabc100931941b0cdbd56baa1bb452354c35b3cb0715d97721430
456,gatv2_self_only,graph,complete,df418eeff5afc9064ed6b45fe3756c69b525dc4764562b91f0d6cd58d1f638a9,75b46007a43302bccdc7c9baeb939859d52a176e415200cdc8a396c2ee636be3,3b335dedc5ab91c4896162e0ee9d725b9aea9be2c79fa0a52530d7275a307c1b,549cbc4c09067aff7db485ca0e2423808a7a96e5d7e11d45a926cc649edb05ca,3b3db84b0c7ee3318ddca57dfcfb951103560c976ca1163de97a2696567b81de,,4,71a7c6f6822eabc100931941b0cdbd56baa1bb452354c35b3cb0715d97721430
789,edge_mlp,graph,complete,a661735caa89b9731a7fe38e1175ca42d581bb01a899f50e51ae4db14b3e2b59,96af4eb5c6bb5a1c4f5ae6711fd9c9d677f6643e7f6dd497b339e6acd2d6350f,3510d67c9c7cc8bcd2327a14056b511c15edcddcce33bba3f0b9cec2d3e59b75,9c003a1ea0d24303452a3146b44a9311010d8ff818feb94c2f4330586436545c,e67c350085ee144777d5f7c1d0df43733687ee6a578e34e429e90d4a28b9a650,,4,71a7c6f6822eabc100931941b0cdbd56baa1bb452354c35b3cb0715d97721430
789,gatv2,graph,complete,ad14a358db084ddada28112424bdd15037afd658716a9dc05ba6803bd20d3801,547d38f9e4a296241265f5a2ebfd0de35c8c6e75b304d9c916f38eff61c0ee4b,719e8e622911f2e7a7f92219e80a1b993432f759e0d337ade0b7355669fa6327,42e33149e3b696228061edbad9f587ce9cd12b662ace03a265ff85da223bcf83,9e0867b499c4c938b6f5b0822c33e81f14b6a3b2d48f2134299f4140fc35ed97,,3,71a7c6f6822eabc100931941b0cdbd56baa1bb452354c35b3cb0715d97721430
789,gat_transformer_L1,graph_temporal,complete,33905362c35d68fb7128a94e1328c24fcc85a5f48f287877afc928502b98b982,b559d2b4bbbba11264211c4cb07079c9893a820dd2c51351fc64ab5fdbd4ee0a,fa49d115e44e5b672ca9df0acd9b41f79899379e4b1cd6053ea57e5e3f0f03d2,03532645e5756d5069c1ffc62c7481bb1fb9b538f719c67dabecffabace01c36,efb812dcd0d90d8e70353504fdebcde56452319fe9d7bf5cc54b2f9884979e34,ad14a358db084ddada28112424bdd15037afd658716a9dc05ba6803bd20d3801,1,71a7c6f6822eabc100931941b0cdbd56baa1bb452354c35b3cb0715d97721430
789,gat_transformer_L8,graph_temporal,complete,71a04fc1ca4e3e828a1e8691585a776d3fa59c95fe86c339dfcde8a9dfa634fd,35469e449414000ca0893cf20b2f72a78c4d950b66efc6dc48c53d583ae2dbcf,bcbcd442b77d0caef7f355ed2df6be50e2d73f54b167db58786ccaca4721e1ef,ea879cbdbae4e8a2c5f3c4ce677c5937666e7a70c3d090b191626f17d0d489e4,dcceba0f4a10fc7e6b89b61d215de5dbcf17ffa5b9350e9d463efdeb3ea1e2fa,ad14a358db084ddada28112424bdd15037afd658716a9dc05ba6803bd20d3801,3,71a7c6f6822eabc100931941b0cdbd56baa1bb452354c35b3cb0715d97721430
789,gatv2_self_only,graph,complete,70a57b988eae04724af8032476db6ffcfce986a7a5c5998f362b8ed6cb099a2a,9597da2bccbcdbb5b279b1c4e8118f7985edb930659497497a79a16b6e056107,bbfae76fc3fc80818ffc1cd5e9744b488f38158979e1ad0191310ddc853e49f0,4164098f55d8ccc9fdcaf102b5ef049a7f9b8e02aba008bd739d7437f581ce61,42651e5bb6b591c436dc5b6195553b3ad7472ae2ef4e7e4214f99d2b5d0661cb,,3,71a7c6f6822eabc100931941b0cdbd56baa1bb452354c35b3cb0715d97721430
1024,edge_mlp,graph,complete,6c4e88b443fa9fefef946d66f75bfa77678cf5bafbba9a83cf6092b6e65c9899,6d3b5b5d0f1d142889459a1b378dc0c8a53b4ebd8f37da9eb17342a866c00651,2af28492f6812d53e0a935c4b22b4cd8536823ef724205b38d8977b5a9ae8c2b,99a5855119f21d498a8eb0d6e3fe45698e9e13ce4fde6633eeb159fecfb407e3,a53054cfbd97c4d033a372779fb1dd28b090757278e2f7e8387cddea24370ae7,,4,71a7c6f6822eabc100931941b0cdbd56baa1bb452354c35b3cb0715d97721430
1024,gatv2,graph,complete,76d816981be2618bc332123f88d19c7ee3a7d2ecafeb321eaf7353f19320a30e,3ceb6917caf1ba114287935e8e33c2b1746335d98192df96858ca5be7a11b9d3,5bad51850cf292779d89ffb407f38fe330f56c3aa90afd5781560509d1fe7c37,076893305ba7e725c82f8674db02eddb65cdd13fe121a3e8443f1ab5d2ae9171,8889b18e2f36729bfcabf9a54f21ea678703c2f6a0c6815b109e568ecbb10938,,3,71a7c6f6822eabc100931941b0cdbd56baa1bb452354c35b3cb0715d97721430
1024,gat_transformer_L1,graph_temporal,complete,49f14517270cb7294524bf2f192d659cc97dcf8efa7d711b99cec9f4c5a464a4,323fca2fb7cd5a1204b22e7f186ac58f03a8583f7ce6e600cdea7bcb9538ffd1,edf885466788c062485249e19babfa3373bde962d2f889e9e449d3a878ca2124,50644692cb88b92b6443624fe30542ce5669c197ae1433345feb1969366cafa8,8c4338ef36282637bfe5223c9b9f78bd0aa0332125045ce324f36eb49b42aa80,76d816981be2618bc332123f88d19c7ee3a7d2ecafeb321eaf7353f19320a30e,1,71a7c6f6822eabc100931941b0cdbd56baa1bb452354c35b3cb0715d97721430
1024,gat_transformer_L8,graph_temporal,complete,12c108adad01aa96f44e37612a68c3d6ece926850473c02ba0bba7531c36d8e8,79ec0945d9d2273675a2bca670663cf7e7197143610e15b9a3e51729af3bdb67,f4f9957f367d58433393ee1fa755e6eb564cb5afc6276ea5240a50ec1abf6965,eae379816ca17dc96683f669b71582e1a3d8f838cdc4654e5d8885b84596df6c,7323bacbc7c8e16ed895f2f5a22451a3cf6e05476e05d11b4db3924d33e8144b,76d816981be2618bc332123f88d19c7ee3a7d2ecafeb321eaf7353f19320a30e,4,71a7c6f6822eabc100931941b0cdbd56baa1bb452354c35b3cb0715d97721430
1024,gatv2_self_only,graph,complete,fab6dc518175620b3c8c33529120ed5f23ab596b0119d66ef4bc90bc122b463d,c29b2889f5ea6a7e1b16d6506d39a4d4043368331eac911a1bcf6be5ca9bcd33,095aba3d7765afb261973f079e37b0f0ffa53b86eabad44d9ecae1cef9527acb,039ca83ca1ac034352820ae0dccc2fcd2680dff450d3ae1d7ae75d6a3eadf96c,f8dd81e33c9ff17b1fa4683bb28a0afd126b2cf2c79022ab4192d7e5789a21af,,4,71a7c6f6822eabc100931941b0cdbd56baa1bb452354c35b3cb0715d97721430
