seed,model,cohort,evaluated_edges,graph_preparation_seconds,inference_seconds,latency_ms_per_1000,metadata_loading_seconds,model_loading_seconds,partition,prediction_only_seconds,fit_stage_seconds,training_seconds,validation_selection_seconds,training_input_seconds,fitting_excluding_measured_graph_input_seconds,training_metadata_loading_seconds,peak_memory_bytes,model_size_bytes,pipeline_size_bytes,timing_scope,repeated_training_cost,head_lookup_inference_seconds,preparation_inclusive_seconds,shared_graph_representation_seconds,shared_history_index_seconds
42,edge_mlp,feb20_matched,88782.0,0.0454337000119267,0.40366189999622293,4.546663738102576,1.2440282000025036,0.021759200004453305,validation,0.35642719998577377,27.51441650000197,19.427362499998708,1.3420000999976764,0.0,19.427362499998708,1.4712476999993669,1264865280,456850,456850,Graph snapshot/tensor construction separated; remaining fit wall time includes minibatch overhead. Temporal fit includes lookup. Shared representation/history costs reported separately.,One fit cost repeated across partition rows; do not sum,,,,
42,edge_mlp,feb20_matched,212591.0,0.20310279999102931,1.1448612000021967,5.385275952426005,1.0136674999957904,0.0058539000019663945,test,0.9378898999639205,27.51441650000197,19.427362499998708,1.3420000999976764,0.0,19.427362499998708,1.4712476999993669,1264865280,456850,456850,Graph snapshot/tensor construction separated; remaining fit wall time includes minibatch overhead. Temporal fit includes lookup. Shared representation/history costs reported separately.,One fit cost repeated across partition rows; do not sum,,,,
42,gatv2,feb20_matched,88782.0,0.34011789999203756,1.8480840000047465,20.815976211447662,1.3743029999968712,0.043203399996855296,validation,1.5043175000173505,210.44088270000066,197.54999300000054,7.229208599994308,11.100617399992188,186.44937560000835,1.1905398999952013,1307508736,458666,458666,Graph snapshot/tensor construction separated; remaining fit wall time includes minibatch overhead. Temporal fit includes lookup. Shared representation/history costs reported separately.,One fit cost repeated across partition rows; do not sum,,,,
42,gatv2,feb20_matched,212591.0,1.2667938000013237,5.431049999999232,25.546942250609064,1.3758450000023004,0.01693919999524951,test,4.160152500007825,210.44088270000066,197.54999300000054,7.229208599994308,11.100617399992188,186.44937560000835,1.1905398999952013,1307508736,458666,458666,Graph snapshot/tensor construction separated; remaining fit wall time includes minibatch overhead. Temporal fit includes lookup. Shared representation/history costs reported separately.,One fit cost repeated across partition rows; do not sum,,,,
42,gat_transformer_L1,feb20_matched,,,2.4870906000069226,28.013455430232735,,0.0359630000020843,validation,,60.934560699999565,12.940669900002831,1.839565100010077,0.0,12.940669900002831,0.0,1801621504,366762,825428,Graph snapshot/tensor construction separated; remaining fit wall time includes minibatch overhead. Temporal fit includes lookup. Shared representation/history costs reported separately.,One fit cost repeated across partition rows; do not sum,0.6039881000033347,2.4870906000069226,1.883102500003588,0.0
42,gat_transformer_L1,feb20_matched,,,7.335766499993042,34.50647722619039,,0.013288900001498405,test,,60.934560699999565,12.940669900002831,1.839565100010077,0.0,12.940669900002831,0.0,1801621504,366762,825428,Graph snapshot/tensor construction separated; remaining fit wall time includes minibatch overhead. Temporal fit includes lookup. Shared representation/history costs reported separately.,One fit cost repeated across partition rows; do not sum,1.6933906999984174,7.335766499993042,5.642375799994625,0.0
42,gat_transformer_L8,feb20_matched,,,6.280742500006454,70.743422090136,,0.042392700001073536,validation,,134.4463190999959,107.39770709998993,17.120000800001435,0.0,107.39770709998993,0.0,1801621504,366762,825428,Graph snapshot/tensor construction separated; remaining fit wall time includes minibatch overhead. Temporal fit includes lookup. Shared representation/history costs reported separately.,One fit cost repeated across partition rows; do not sum,4.397640000002866,10.154290800004674,1.883102500003588,3.8735482999982196
42,gat_transformer_L8,feb20_matched,,,16.549439199989138,77.8463773160159,,0.017187199999170844,test,,134.4463190999959,107.39770709998993,17.120000800001435,0.0,107.39770709998993,0.0,1801621504,366762,825428,Graph snapshot/tensor construction separated; remaining fit wall time includes minibatch overhead. Temporal fit includes lookup. Shared representation/history costs reported separately.,One fit cost repeated across partition rows; do not sum,10.907063399994513,52.978901799993764,5.642375799994625,36.429462600004626
42,gatv2_self_only,feb20_matched,88782.0,0.31607680000161054,0.8706453000049805,9.806552003840649,1.261847100002342,0.028313800001342315,validation,0.552260699980252,72.29794120000588,63.92772469999909,2.6034861999942223,7.5595142998572555,56.368210400141834,1.1081885999956285,1274044416,460122,460122,Graph snapshot/tensor construction separated; remaining fit wall time includes minibatch overhead. Temporal fit includes lookup. Shared representation/history costs reported separately.,One fit cost repeated across partition rows; do not sum,,,,
42,gatv2_self_only,feb20_matched,212591.0,0.8010999000034644,2.49747429999843,11.74778941723041,1.1707448000015575,0.01579219999985071,test,1.6925250000494998,72.29794120000588,63.92772469999909,2.6034861999942223,7.5595142998572555,56.368210400141834,1.1081885999956285,1274044416,460122,460122,Graph snapshot/tensor construction separated; remaining fit wall time includes minibatch overhead. Temporal fit includes lookup. Shared representation/history costs reported separately.,One fit cost repeated across partition rows; do not sum,,,,
123,edge_mlp,feb20_matched,88782.0,0.05545020000135992,0.489339599997038,5.511698317193103,1.1186219999945024,0.03210979999857955,validation,0.43233829997916473,29.28358560000197,21.51191580000159,1.5041248999841628,0.0,21.51191580000159,1.4870847000056528,1264521216,456850,456850,Graph snapshot/tensor construction separated; remaining fit wall time includes minibatch overhead. Temporal fit includes lookup. Shared representation/history costs reported separately.,One fit cost repeated across partition rows; do not sum,,,,
123,edge_mlp,feb20_matched,212591.0,0.1086503999758861,0.9681644999946002,4.554118001207013,1.104676599999948,0.007534500000474509,test,0.854600600017875,29.28358560000197,21.51191580000159,1.5041248999841628,0.0,21.51191580000159,1.4870847000056528,1264521216,456850,456850,Graph snapshot/tensor construction separated; remaining fit wall time includes minibatch overhead. Temporal fit includes lookup. Shared representation/history costs reported separately.,One fit cost repeated across partition rows; do not sum,,,,
123,gatv2,feb20_matched,88782.0,0.26708510001481045,1.312675000001036,14.785373161238045,1.1005278000011458,0.026549400005023926,validation,1.0433784999913769,128.69041840000136,118.26764939999703,4.862616399994295,7.555863200337626,110.7117861996594,1.0981052999995882,1307475968,458666,458666,Graph snapshot/tensor construction separated; remaining fit wall time includes minibatch overhead. Temporal fit includes lookup. Shared representation/history costs reported separately.,One fit cost repeated across partition rows; do not sum,,,,
123,gatv2,feb20_matched,212591.0,0.7296929999938584,4.0137580999944475,18.880188248770867,1.0911009999981616,0.010952699994959403,test,3.2791034000110812,128.69041840000136,118.26764939999703,4.862616399994295,7.555863200337626,110.7117861996594,1.0981052999995882,1307475968,458666,458666,Graph snapshot/tensor construction separated; remaining fit wall time includes minibatch overhead. Temporal fit includes lookup. Shared representation/history costs reported separately.,One fit cost repeated across partition rows; do not sum,,,,
123,gat_transformer_L1,feb20_matched,,,2.155374399997527,24.27715527919541,,0.03427549999469193,validation,,48.59883930000069,12.499884099997871,1.6832899999935762,0.0,12.499884099997871,0.0,1803481088,366762,825428,Graph snapshot/tensor construction separated; remaining fit wall time includes minibatch overhead. Temporal fit includes lookup. Shared representation/history costs reported separately.,One fit cost repeated across partition rows; do not sum,0.614181799996004,2.155374399997527,1.5411926000015228,0.0
123,gat_transformer_L1,feb20_matched,,,6.028068899991922,28.355240344096984,,0.011722600000211969,test,,48.59883930000069,12.499884099997871,1.6832899999935762,0.0,12.499884099997871,0.0,1803481088,366762,825428,Graph snapshot/tensor construction separated; remaining fit wall time includes minibatch overhead. Temporal fit includes lookup. Shared representation/history costs reported separately.,One fit cost repeated across partition rows; do not sum,1.7159977999981493,6.028068899991922,4.312071099993773,0.0
123,gat_transformer_L8,feb20_matched,,,5.946200200007297,66.9752900363508,,0.0337502999973367,validation,,127.56581300000107,101.94205919999513,16.593322500004433,0.0,101.94205919999513,0.0,1803481088,366762,825428,Graph snapshot/tensor construction separated; remaining fit wall time includes minibatch overhead. Temporal fit includes lookup. Shared representation/history costs reported separately.,One fit cost repeated across partition rows; do not sum,4.405007600005774,9.819748500005517,1.5411926000015228,3.8735482999982196
123,gat_transformer_L8,feb20_matched,,,15.116760699995211,71.10724677900387,,0.012529799998446833,test,,127.56581300000107,101.94205919999513,16.593322500004433,0.0,101.94205919999513,0.0,1803481088,366762,825428,Graph snapshot/tensor construction separated; remaining fit wall time includes minibatch overhead. Temporal fit includes lookup. Shared representation/history costs reported separately.,One fit cost repeated across partition rows; do not sum,10.804689600001439,51.54622329999984,4.312071099993773,36.429462600004626
123,gatv2_self_only,feb20_matched,88782.0,0.2966470999890589,0.8109939000059967,9.134665810704835,1.2635485999999219,0.025686599998152815,validation,0.5116490000145859,69.3881426999942,61.15852449999511,2.631770100000722,7.26636029992369,53.89216420007142,1.3498774000036065,1274093568,460122,460122,Graph snapshot/tensor construction separated; remaining fit wall time includes minibatch overhead. Temporal fit includes lookup. Shared representation/history costs reported separately.,One fit cost repeated across partition rows; do not sum,,,,
123,gatv2_self_only,feb20_matched,212591.0,0.6742076000373345,2.060748000003514,9.693486554009878,1.0214178000023821,0.010568099998636171,test,1.3831390000268584,69.3881426999942,61.15852449999511,2.631770100000722,7.26636029992369,53.89216420007142,1.3498774000036065,1274093568,460122,460122,Graph snapshot/tensor construction separated; remaining fit wall time includes minibatch overhead. Temporal fit includes lookup. Shared representation/history costs reported separately.,One fit cost repeated across partition rows; do not sum,,,,
456,edge_mlp,feb20_matched,88782.0,0.046249599996372126,0.44222309999895515,4.980999526919366,1.0420168000055128,0.02022679999936372,validation,0.3944870999766863,22.039073600004485,15.492204900001525,1.1650540000046021,0.0,15.492204900001525,1.1201569000040763,1266139136,456850,456850,Graph snapshot/tensor construction separated; remaining fit wall time includes minibatch overhead. Temporal fit includes lookup. Shared representation/history costs reported separately.,One fit cost repeated across partition rows; do not sum,,,,
456,edge_mlp,feb20_matched,212591.0,0.09902619996137219,0.8671255000008387,4.078843883329204,1.05535900000541,0.004844899995077867,test,0.7639925000403309,22.039073600004485,15.492204900001525,1.1650540000046021,0.0,15.492204900001525,1.1201569000040763,1266139136,456850,456850,Graph snapshot/tensor construction separated; remaining fit wall time includes minibatch overhead. Temporal fit includes lookup. Shared representation/history costs reported separately.,One fit cost repeated across partition rows; do not sum,,,,
456,gatv2,feb20_matched,88782.0,0.3219302000143216,1.6059944000007818,18.08918925008202,1.0881987999964622,0.030159599999024067,validation,1.2812951999731013,122.49875569999858,112.20303240000067,4.780138299996906,7.2478134997872985,104.95521890021337,1.0927339999980177,1307713536,458666,458666,Graph snapshot/tensor construction separated; remaining fit wall time includes minibatch overhead. Temporal fit includes lookup. Shared representation/history costs reported separately.,One fit cost repeated across partition rows; do not sum,,,,
456,gatv2,feb20_matched,212591.0,0.7173011999911978,3.851541799995175,18.117144187642822,1.244801599998027,0.014342100002977531,test,3.1303649000328733,122.49875569999858,112.20303240000067,4.780138299996906,7.2478134997872985,104.95521890021337,1.0927339999980177,1307713536,458666,458666,Graph snapshot/tensor construction separated; remaining fit wall time includes minibatch overhead. Temporal fit includes lookup. Shared representation/history costs reported separately.,One fit cost repeated across partition rows; do not sum,,,,
456,gat_transformer_L1,feb20_matched,,,1.9451765999983763,21.909583023567574,,0.033735900004103314,validation,,51.00785229999747,16.80432550000114,2.3021938999954727,0.0,16.80432550000114,0.0,1802182656,366762,825428,Graph snapshot/tensor construction separated; remaining fit wall time includes minibatch overhead. Temporal fit includes lookup. Shared representation/history costs reported separately.,One fit cost repeated across partition rows; do not sum,0.6172200000000885,1.9451765999983763,1.3279565999982879,0.0
456,gat_transformer_L1,feb20_matched,,,5.939025300001958,27.936391004332066,,0.012373899997328408,test,,51.00785229999747,16.80432550000114,2.3021938999954727,0.0,16.80432550000114,0.0,1802182656,366762,825428,Graph snapshot/tensor construction separated; remaining fit wall time includes minibatch overhead. Temporal fit includes lookup. Shared representation/history costs reported separately.,One fit cost repeated across partition rows; do not sum,1.879140400000324,5.939025300001958,4.059884900001634,0.0
456,gat_transformer_L8,feb20_matched,,,5.554422900000645,62.56248901805146,,0.0351823000019067,validation,,127.36366570000246,102.34163959999569,16.448735199999646,0.0,102.34163959999569,0.0,1802182656,366762,825428,Graph snapshot/tensor construction separated; remaining fit wall time includes minibatch overhead. Temporal fit includes lookup. Shared representation/history costs reported separately.,One fit cost repeated across partition rows; do not sum,4.2264663000023575,9.427971199998865,1.3279565999982879,3.8735482999982196
456,gat_transformer_L8,feb20_matched,,,14.264187100001436,67.09685311232101,,0.012047199998050928,test,,127.36366570000246,102.34163959999569,16.448735199999646,0.0,102.34163959999569,0.0,1802182656,366762,825428,Graph snapshot/tensor construction separated; remaining fit wall time includes minibatch overhead. Temporal fit includes lookup. Shared representation/history costs reported separately.,One fit cost repeated across partition rows; do not sum,10.204302199999802,50.69364970000606,4.059884900001634,36.429462600004626
456,gatv2_self_only,feb20_matched,88782.0,0.3060974000254646,0.8262086999966414,9.306038386121527,1.1757230000002892,0.024305699997057673,validation,0.5172756999818375,67.792758100004,59.9820125000042,2.480397200008156,7.177728099944943,52.80428440005926,1.1313913999983924,1273872384,460122,460122,Graph snapshot/tensor construction separated; remaining fit wall time includes minibatch overhead. Temporal fit includes lookup. Shared representation/history costs reported separately.,One fit cost repeated across partition rows; do not sum,,,,
456,gatv2_self_only,feb20_matched,212591.0,0.7559310000069672,2.290696399999433,10.775133472251568,1.0227186999982223,0.012440200000128243,test,1.5310457999657956,67.792758100004,59.9820125000042,2.480397200008156,7.177728099944943,52.80428440005926,1.1313913999983924,1273872384,460122,460122,Graph snapshot/tensor construction separated; remaining fit wall time includes minibatch overhead. Temporal fit includes lookup. Shared representation/history costs reported separately.,One fit cost repeated across partition rows; do not sum,,,,
789,edge_mlp,feb20_matched,88782.0,0.03779479995864676,0.35628469999937806,4.013028541814535,1.0054515000010724,0.03183260000514565,validation,0.3166988999946625,30.794548300000315,22.78394319999643,1.8269284000052721,0.0,22.78394319999643,1.3028176999941934,1268031488,456850,456850,Graph snapshot/tensor construction separated; remaining fit wall time includes minibatch overhead. Temporal fit includes lookup. Shared representation/history costs reported separately.,One fit cost repeated across partition rows; do not sum,,,,
789,edge_mlp,feb20_matched,212591.0,0.11882390002574539,1.0869956000024104,5.113083808827327,1.0358226000025752,0.005010599998058751,test,0.964365700041526,30.794548300000315,22.78394319999643,1.8269284000052721,0.0,22.78394319999643,1.3028176999941934,1268031488,456850,456850,Graph snapshot/tensor construction separated; remaining fit wall time includes minibatch overhead. Temporal fit includes lookup. Shared representation/history costs reported separately.,One fit cost repeated across partition rows; do not sum,,,,
789,gatv2,feb20_matched,88782.0,0.27433330001076683,1.3630607000013697,15.352894730929352,1.1749257000046782,0.027370199997676536,validation,1.0868010999984108,126.58303119999619,116.3655507999938,4.757566699998279,7.461503200007428,108.90404759998637,1.0600900999997975,1307578368,458666,458666,Graph snapshot/tensor construction separated; remaining fit wall time includes minibatch overhead. Temporal fit includes lookup. Shared representation/history costs reported separately.,One fit cost repeated across partition rows; do not sum,,,,
789,gatv2,feb20_matched,212591.0,0.761526500013133,4.018887500002165,18.904316269278404,1.0601559999995516,0.010283700001309626,test,3.2535824999868055,126.58303119999619,116.3655507999938,4.757566699998279,7.461503200007428,108.90404759998637,1.0600900999997975,1307578368,458666,458666,Graph snapshot/tensor construction separated; remaining fit wall time includes minibatch overhead. Temporal fit includes lookup. Shared representation/history costs reported separately.,One fit cost repeated across partition rows; do not sum,,,,
789,gat_transformer_L1,feb20_matched,,,1.9454245000015362,21.912375256262937,,0.0408508000036818,validation,,46.59537129999808,13.157576699995843,1.7275457000068855,0.0,13.157576699995843,0.0,1802633216,366762,825428,Graph snapshot/tensor construction separated; remaining fit wall time includes minibatch overhead. Temporal fit includes lookup. Shared representation/history costs reported separately.,One fit cost repeated across partition rows; do not sum,0.5831073000008473,1.9454245000015362,1.362317200000689,0.0
789,gat_transformer_L1,feb20_matched,,,5.729256200000236,26.949664849406776,,0.012289700003748294,test,,46.59537129999808,13.157576699995843,1.7275457000068855,0.0,13.157576699995843,0.0,1802633216,366762,825428,Graph snapshot/tensor construction separated; remaining fit wall time includes minibatch overhead. Temporal fit includes lookup. Shared representation/history costs reported separately.,One fit cost repeated across partition rows; do not sum,1.750945599997067,5.729256200000236,3.9783106000031694,0.0
789,gat_transformer_L8,feb20_matched,,,5.637653300000238,63.49995832488836,,0.034337900004175026,validation,,129.48169049999706,103.74484510000184,16.827598500014574,0.0,103.74484510000184,0.0,1802633216,366762,825428,Graph snapshot/tensor construction separated; remaining fit wall time includes minibatch overhead. Temporal fit includes lookup. Shared representation/history costs reported separately.,One fit cost repeated across partition rows; do not sum,4.275336099999549,9.511201599998458,1.362317200000689,3.8735482999982196
789,gat_transformer_L8,feb20_matched,,,14.607634100008,68.71238246213622,,0.011897600001248065,test,,129.48169049999706,103.74484510000184,16.827598500014574,0.0,103.74484510000184,0.0,1802633216,366762,825428,Graph snapshot/tensor construction separated; remaining fit wall time includes minibatch overhead. Temporal fit includes lookup. Shared representation/history costs reported separately.,One fit cost repeated across partition rows; do not sum,10.62932350000483,51.037096700012626,3.9783106000031694,36.429462600004626
789,gatv2_self_only,feb20_matched,88782.0,0.3204194999707397,0.871590800001286,9.817201685040729,1.1429379000037443,0.02388519999658456,validation,0.548134700031369,68.76914640000177,60.62346329999855,2.4824780999988434,7.263206500021624,53.36025679997692,1.3156520999982604,1274318848,460122,460122,Graph snapshot/tensor construction separated; remaining fit wall time includes minibatch overhead. Temporal fit includes lookup. Shared representation/history costs reported separately.,One fit cost repeated across partition rows; do not sum,,,,
789,gatv2_self_only,feb20_matched,212591.0,0.7640795000334037,2.3596068999977433,11.099279367413217,1.014664399997855,0.009661899995990098,test,1.5906988999631722,68.76914640000177,60.62346329999855,2.4824780999988434,7.263206500021624,53.36025679997692,1.3156520999982604,1274318848,460122,460122,Graph snapshot/tensor construction separated; remaining fit wall time includes minibatch overhead. Temporal fit includes lookup. Shared representation/history costs reported separately.,One fit cost repeated across partition rows; do not sum,,,,
1024,edge_mlp,feb20_matched,88782.0,0.05038379999314202,0.46217890000116313,5.205772566524331,1.138570199997048,0.018899899994721636,validation,0.4094091000079061,26.374620399998093,19.381247599994822,1.3255384000003687,0.0,19.381247599994822,1.1279186000028858,1265303552,456850,456850,Graph snapshot/tensor construction separated; remaining fit wall time includes minibatch overhead. Temporal fit includes lookup. Shared representation/history costs reported separately.,One fit cost repeated across partition rows; do not sum,,,,
1024,edge_mlp,feb20_matched,212591.0,0.09618319999572122,0.875049800000852,4.116118744447563,1.056233199997223,0.007740499997453298,test,0.7752236000305857,26.374620399998093,19.381247599994822,1.3255384000003687,0.0,19.381247599994822,1.1279186000028858,1265303552,456850,456850,Graph snapshot/tensor construction separated; remaining fit wall time includes minibatch overhead. Temporal fit includes lookup. Shared representation/history costs reported separately.,One fit cost repeated across partition rows; do not sum,,,,
1024,gatv2,feb20_matched,88782.0,0.29527269999380223,1.4569597000008798,16.410530287680835,1.1109800999984145,0.025216599999112077,validation,1.1595604000031017,121.80593840000074,111.74745100001019,4.608345700005884,7.228777000156697,104.51867399985349,1.0370512000008603,1306796032,458666,458666,Graph snapshot/tensor construction separated; remaining fit wall time includes minibatch overhead. Temporal fit includes lookup. Shared representation/history costs reported separately.,One fit cost repeated across partition rows; do not sum,,,,
1024,gatv2,feb20_matched,212591.0,0.7607514000410447,4.131281299996772,19.43300186742041,1.1287832000016351,0.01063790000625886,test,3.3669332999852486,121.80593840000074,111.74745100001019,4.608345700005884,7.228777000156697,104.51867399985349,1.0370512000008603,1306796032,458666,458666,Graph snapshot/tensor construction separated; remaining fit wall time includes minibatch overhead. Temporal fit includes lookup. Shared representation/history costs reported separately.,One fit cost repeated across partition rows; do not sum,,,,
1024,gat_transformer_L1,feb20_matched,,,1.9800012000050629,22.30183145237844,,0.033411100004741456,validation,,47.149023099998885,12.564107999998669,1.6618804999961867,0.0,12.564107999998669,0.0,1801744384,366762,825428,Graph snapshot/tensor construction separated; remaining fit wall time includes minibatch overhead. Temporal fit includes lookup. Shared representation/history costs reported separately.,One fit cost repeated across partition rows; do not sum,0.6130354000051739,1.9800012000050629,1.366965799999889,0.0
1024,gat_transformer_L1,feb20_matched,,,5.729880500002764,26.95260147420523,,0.01162290000502253,test,,47.149023099998885,12.564107999998669,1.6618804999961867,0.0,12.564107999998669,0.0,1801744384,366762,825428,Graph snapshot/tensor construction separated; remaining fit wall time includes minibatch overhead. Temporal fit includes lookup. Shared representation/history costs reported separately.,One fit cost repeated across partition rows; do not sum,1.7907709999999497,5.729880500002764,3.9391095000028145,0.0
1024,gat_transformer_L8,feb20_matched,,,5.648375500000839,63.62072830079113,,0.04227649999666028,validation,,130.23306750000484,103.20214489999489,16.949125200000708,0.0,103.20214489999489,0.0,1801744384,366762,825428,Graph snapshot/tensor construction separated; remaining fit wall time includes minibatch overhead. Temporal fit includes lookup. Shared representation/history costs reported separately.,One fit cost repeated across partition rows; do not sum,4.28140970000095,9.521923799999058,1.366965799999889,3.8735482999982196
1024,gat_transformer_L8,feb20_matched,,,14.441299400001299,67.92996599104053,,0.012911899997561704,test,,130.23306750000484,103.20214489999489,16.949125200000708,0.0,103.20214489999489,0.0,1801744384,366762,825428,Graph snapshot/tensor construction separated; remaining fit wall time includes minibatch overhead. Temporal fit includes lookup. Shared representation/history costs reported separately.,One fit cost repeated across partition rows; do not sum,10.502189899998484,50.870762000005925,3.9391095000028145,36.429462600004626
1024,gatv2_self_only,feb20_matched,88782.0,0.35780899999372195,0.9869647999948938,11.116721857976772,1.3348745000039344,0.04293839999445481,validation,0.6252218000154244,68.30263740000373,60.3048603999996,2.5384934000030626,7.209198800024751,53.09566159997485,1.2777234999957727,1273753600,460122,460122,Graph snapshot/tensor construction separated; remaining fit wall time includes minibatch overhead. Temporal fit includes lookup. Shared representation/history costs reported separately.,One fit cost repeated across partition rows; do not sum,,,,
1024,gatv2_self_only,feb20_matched,212591.0,0.7623073999493499,2.4325012999979663,11.44216500227181,1.2040675000025658,0.021787999998196028,test,1.666713799997524,68.30263740000373,60.3048603999996,2.5384934000030626,7.209198800024751,53.09566159997485,1.2777234999957727,1273753600,460122,460122,Graph snapshot/tensor construction separated; remaining fit wall time includes minibatch overhead. Temporal fit includes lookup. Shared representation/history costs reported separately.,One fit cost repeated across partition rows; do not sum,,,,
