seed,stage,peak_memory_bytes,graph_encoder_seconds,graph_preparation_seconds,partition,records,representation_seconds,history_index_seconds,targets
42,same_seed_shared_representation,1801621504,12.621683200020925,2.3825232999734,train,172984.0,15.009000199999718,,
42,same_seed_shared_representation,1801621504,1.5670912999848952,0.3153906000225106,validation,88782.0,1.883102500003588,,
42,same_seed_shared_representation,1801621504,4.81868719997874,0.8221707000193419,test,212591.0,5.642375799994625,,
123,same_seed_shared_representation,1803481088,9.604348600005324,2.648920600018755,train,172984.0,12.25741449999623,,
123,same_seed_shared_representation,1803481088,1.1297193999853334,0.41109709999727784,validation,88782.0,1.5411926000015228,,
123,same_seed_shared_representation,1803481088,3.3310548999579623,0.980022600007942,test,212591.0,4.312071099993773,,
456,same_seed_shared_representation,1802182656,9.68982640007016,1.9405073999805609,train,172984.0,11.633600499997556,,
456,same_seed_shared_representation,1802182656,1.08597120000195,0.2416426999916439,validation,88782.0,1.3279565999982879,,
456,same_seed_shared_representation,1802182656,3.394124299986288,0.6647809999849414,test,212591.0,4.059884900001634,,
789,same_seed_shared_representation,1802633216,9.582385800065822,1.9243612000282155,train,172984.0,11.50991979999526,,
789,same_seed_shared_representation,1802633216,1.1172233000033884,0.24458790000062436,validation,88782.0,1.362317200000689,,
789,same_seed_shared_representation,1802633216,3.32202759993379,0.6552713999772095,test,212591.0,3.9783106000031694,,
1024,same_seed_shared_representation,1801744384,9.328707199900236,1.896580599990557,train,172984.0,11.228438699996332,,
1024,same_seed_shared_representation,1801744384,1.1169774999798392,0.24964800002635457,validation,88782.0,1.366965799999889,,
1024,same_seed_shared_representation,1801744384,3.3012882999901194,0.636890299996594,test,212591.0,3.9391095000028145,,
shared_all_seeds,history_replay_including_diagnostic_counts,1244446720,,,train,,,138.10615549999784,172984.0
shared_all_seeds,history_replay_including_diagnostic_counts,1244446720,,,validation,,,3.8735482999982196,88782.0
shared_all_seeds,history_replay_including_diagnostic_counts,1244446720,,,test,,,36.429462600004626,212591.0
