window_minutes,minute,partition,target_edges,history_edges,message_edges,nodes,cold_target_endpoints
1,25318140,train,354,4694,4694,1059,125
1,25318141,train,304,4050,4050,1034,105
1,25318142,train,356,3632,3632,1006,110
1,25318143,train,275,4447,4447,1022,98
1,25318144,train,306,4604,4604,996,118
1,25318145,train,448,5441,5441,1015,127
1,25318146,train,366,4494,4494,1001,98
1,25318147,train,381,3511,3511,1044,139
1,25318148,train,481,6366,6366,1114,156
1,25318149,train,413,5633,5633,1099,153
1,25318150,train,381,5275,5275,1079,115
1,25318151,train,460,5238,5238,1133,136
1,25318152,train,298,5709,5709,1130,119
1,25318153,train,317,4553,4553,1003,114
1,25318154,train,334,4679,4679,1003,120
1,25318155,train,332,4399,4399,1014,99
1,25318156,train,417,5476,5476,1070,126
1,25318157,train,418,6427,6427,1149,91
1,25318158,train,394,4904,4904,1086,123
1,25318159,train,417,6198,6198,1125,111
1,25318160,train,452,5726,5726,1106,106
1,25318161,train,445,8551,8192,1142,156
1,25318162,train,388,4977,4977,1059,110
1,25318163,train,357,5079,5079,1154,105
1,25318164,train,417,5303,5303,1138,119
1,25318165,train,468,5454,5454,1091,120
1,25318166,train,430,4604,4604,1089,109
1,25318167,train,466,5865,5865,1150,161
1,25318168,train,529,6881,6881,1134,121
1,25318169,train,443,6747,6747,1161,105
1,25318170,train,416,6926,6926,1157,101
1,25318171,train,444,6892,6892,1181,138
1,25318172,train,330,5117,5117,1109,116
1,25318173,train,410,4357,4357,1139,156
1,25318174,train,486,5722,5722,1202,128
1,25318175,train,470,5887,5887,1140,105
1,25318176,train,525,6877,6877,1176,124
1,25318177,train,434,6094,6094,1228,115
1,25318178,train,423,5220,5220,1191,124
1,25318179,train,580,7181,7181,1212,134
1,25318180,train,405,6777,6777,1268,123
1,25318181,train,326,5094,5094,1067,94
1,25318182,train,362,4586,4586,1011,147
1,25318183,train,483,4595,4595,1080,152
1,25318184,train,430,5961,5961,1123,127
1,25318185,train,502,5220,5220,1086,160
1,25318186,train,463,6173,6173,1083,124
1,25318187,train,468,5579,5579,1162,157
1,25318188,train,626,7797,7797,1222,139
1,25318189,train,456,6869,6869,1222,100
1,25318190,train,489,5599,5599,1099,130
1,25318191,train,531,6578,6578,1128,167
1,25318192,train,668,7612,7612,1194,181
1,25318193,train,466,6680,6680,1243,116
1,25318194,train,402,5251,5251,1152,142
1,25318195,train,540,5694,5694,1169,153
1,25318196,train,364,4617,4617,1169,95
1,25318197,train,464,7179,7179,1269,114
1,25318198,train,521,9703,8192,1279,120
1,25318199,train,451,6683,6683,1245,129
1,25318200,train,409,5979,5979,1257,96
1,25318201,train,451,6928,6928,1257,125
1,25318202,train,388,5452,5452,1183,137
1,25318203,train,426,4564,4564,1134,123
1,25318204,train,455,5683,5683,1189,131
1,25318205,train,426,6327,6327,1256,102
1,25318206,train,449,5582,5582,1128,125
1,25318207,train,602,7002,7002,1118,149
1,25318208,train,435,5900,5900,1178,117
1,25318209,train,386,5253,5253,1139,130
1,25318210,train,415,4607,4607,1014,118
1,25318211,train,390,3555,3555,993,143
1,25318212,train,389,4578,4578,1043,122
1,25318213,train,446,4225,4225,1023,225
1,25318214,train,368,6070,6070,1133,97
1,25318215,train,446,5631,5631,1095,153
1,25318216,train,413,5705,5705,1078,133
1,25318217,train,465,5097,5097,1079,125
1,25318218,train,405,5601,5601,1006,113
1,25318219,train,457,5767,5767,1059,94
1,25318220,train,376,6207,6207,1066,106
1,25318221,train,476,5240,5240,1085,164
1,25318222,train,555,6574,6574,1160,144
1,25318223,train,507,7003,7003,1119,134
1,25318224,train,380,5866,5866,1136,106
1,25318225,train,333,6535,6535,1140,63
1,25318226,train,383,5405,5405,1048,100
1,25318227,train,542,5719,5719,1078,193
1,25318228,train,468,7458,7458,1070,103
1,25318229,train,388,6220,6220,1114,98
1,25318230,train,457,5233,5233,1122,126
1,25318231,train,341,4933,4933,1096,107
1,25318232,train,427,4916,4916,1088,174
1,25318233,train,502,5214,5214,1170,155
1,25318234,train,372,5242,5242,1109,88
1,25318235,train,388,6007,6007,1180,110
1,25318236,train,385,4493,4493,1151,118
1,25318237,train,497,5714,5714,1080,106
1,25318238,train,531,6980,6980,1081,133
1,25318239,train,373,4955,4955,998,125
1,25318240,train,371,4261,4261,1009,152
1,25318241,train,335,4613,4613,1038,102
1,25318242,train,437,6257,6257,1092,122
1,25318243,train,424,5098,5098,1018,123
1,25318244,train,383,6838,6838,1139,144
1,25318245,train,413,5395,5395,1146,165
1,25318246,train,561,6479,6479,1193,183
1,25318247,train,429,6677,6677,1183,118
1,25318248,train,551,6588,6588,1153,119
1,25318249,train,430,4876,4876,1097,137
1,25318250,train,514,5267,5267,1179,156
1,25318251,train,332,6487,6487,1142,125
1,25318252,train,391,4530,4530,1069,124
1,25318253,train,524,7548,7548,1140,115
1,25318254,train,388,6356,6356,1105,111
1,25318255,train,388,6827,6827,1197,107
1,25318256,train,332,4642,4642,1165,112
1,25318257,train,483,5488,5488,1207,152
1,25318258,train,460,7618,7618,1265,104
1,25318259,train,423,7383,7383,1199,117
1,25318260,train,368,6042,6042,1173,93
1,25318261,train,446,5180,5180,1124,180
1,25318262,train,395,5443,5443,1126,97
1,25318263,train,395,4582,4582,1049,132
1,25318264,train,552,5120,5120,1098,171
1,25318265,train,406,5232,5232,1077,118
1,25318266,train,374,5182,5182,1069,119
1,25318267,train,399,5183,5183,1114,129
1,25318268,train,435,7633,7633,1133,108
1,25318269,train,471,7258,7258,1104,156
1,25318270,train,414,5698,5698,1091,117
1,25318271,train,372,5824,5824,1108,118
1,25318272,train,457,6284,6284,1093,112
1,25318273,train,554,5857,5857,1189,198
1,25318274,train,559,7627,7627,1249,161
1,25318275,train,613,7235,7235,1254,157
1,25318276,train,378,5897,5897,1204,115
1,25318277,train,487,6290,6290,1266,171
1,25318278,train,539,7819,7819,1279,117
1,25318279,train,433,7684,7684,1219,129
1,25318280,train,354,5226,5226,1214,110
1,25318281,train,457,6005,6005,1185,112
1,25318282,train,487,6412,6412,1207,121
1,25318283,train,493,6111,6111,1139,150
1,25318284,train,553,6931,6931,1132,109
1,25318285,train,430,5570,5570,1136,121
1,25318286,train,411,5486,5486,1144,119
1,25318287,train,436,6393,6393,1158,102
1,25318288,train,519,5860,5860,1098,139
1,25318289,train,430,7310,7310,1138,144
1,25318290,train,409,4955,4955,1102,102
1,25318291,train,471,7071,7071,1199,114
1,25318292,train,398,5095,5095,1084,126
1,25318293,train,339,4827,4827,1028,125
1,25318294,train,348,4347,4347,1016,93
1,25318295,train,328,3938,3938,965,122
1,25318296,train,358,5335,5335,992,86
1,25318297,train,379,4207,4207,1038,127
1,25318298,train,397,5466,5466,1073,96
1,25318299,train,495,7099,7099,1094,125
1,25318300,train,404,5937,5937,1033,141
1,25318301,train,395,4851,4851,1065,99
1,25318302,train,509,4831,4831,1105,160
1,25318303,train,427,4468,4468,1017,124
1,25318304,train,448,5618,5618,1056,82
1,25318305,train,391,6938,6938,1107,116
1,25318306,train,350,4576,4576,1035,137
1,25318307,train,387,5577,5577,1105,113
1,25318308,train,538,5796,5796,1097,162
1,25318309,train,444,6109,6109,1076,137
1,25318310,train,353,4424,4424,1060,112
1,25318311,train,352,5286,5286,1057,116
1,25318312,train,402,4642,4642,1030,128
1,25318313,train,402,4838,4838,1042,130
1,25318314,train,534,7346,7346,1104,112
1,25318315,train,409,7160,7160,1071,80
1,25318316,train,312,5363,5363,1065,96
1,25318317,train,510,4319,4319,1044,207
1,25318318,train,509,5445,5445,1083,121
1,25318319,train,401,6153,6153,1151,116
1,25318320,train,342,5564,5564,1058,92
1,25318321,train,333,4182,4182,1015,129
1,25318322,train,413,4397,4397,995,206
1,25318323,train,364,5200,5200,1014,97
1,25318324,train,362,3907,3907,937,134
1,25318325,train,433,4338,4338,984,129
1,25318326,train,314,4302,4302,1016,122
1,25318327,train,370,5255,5255,1019,131
1,25318328,train,388,4999,4999,1024,100
1,25318329,train,488,6029,6029,1062,106
1,25318330,train,565,6911,6911,1033,123
1,25318331,train,403,6367,6367,1023,96
1,25318332,train,436,6345,6345,1064,120
1,25318333,train,420,6743,6743,1145,130
1,25318334,train,337,5478,5478,1076,88
1,25318335,train,375,5411,5411,1115,92
1,25318336,train,469,5249,5249,1092,152
1,25318337,train,392,5740,5740,1107,131
1,25318338,train,433,5105,5105,1094,141
1,25318339,train,442,6214,6214,1068,127
1,25318340,train,378,5204,5204,1137,136
1,25318341,train,413,5435,5435,1177,131
1,25318342,train,353,6006,6006,1191,107
1,25318343,train,424,5544,5544,1161,122
1,25318344,train,395,5328,5328,1116,131
1,25318345,train,473,6796,6796,1180,151
1,25318346,train,368,5735,5735,1107,80
1,25318347,train,483,5998,5998,1084,143
1,25318348,train,547,6258,6258,1153,108
1,25318349,train,443,6806,6806,1169,126
1,25318350,train,415,7235,7235,1216,119
1,25318351,train,371,5269,5269,1067,131
1,25318352,train,412,5307,5307,1064,120
1,25318353,train,406,5281,5281,1058,121
1,25318354,train,372,4871,4871,1059,100
1,25318355,train,323,4807,4807,1039,102
1,25318356,train,424,5341,5341,1031,127
1,25318357,train,402,5949,5949,1128,100
1,25318358,train,423,5404,5404,1087,162
1,25318359,train,445,7023,7023,1113,112
1,25318360,train,394,6128,6128,1073,83
1,25318361,train,491,7695,7695,1116,100
1,25318362,train,398,5570,5570,1070,129
1,25318363,train,454,6116,6116,1099,108
1,25318364,train,406,6338,6338,1150,130
1,25318365,train,423,6330,6330,1173,112
1,25318366,train,376,6293,6293,1141,79
1,25318367,train,384,5633,5633,1131,92
1,25318368,train,358,7266,7266,1160,94
1,25318369,train,405,5955,5955,1116,122
1,25318370,train,450,5048,5048,1100,104
1,25318371,train,367,5473,5473,1149,106
1,25318372,train,433,5646,5646,1112,109
1,25318373,train,449,4717,4717,1103,159
1,25318374,train,361,5516,5516,1094,103
1,25318375,train,379,5807,5807,1101,94
1,25318376,train,429,6459,6459,1052,126
1,25318377,train,409,6784,6784,1122,99
1,25318378,train,508,5810,5810,1117,133
1,25318379,train,458,6256,6256,1095,105
1,25318380,train,329,3891,3891,1030,139
1,25318381,train,341,4526,4526,1023,116
1,25318382,train,331,4317,4317,1024,107
1,25318383,train,293,3795,3795,991,112
1,25318384,train,298,3196,3196,920,124
1,25318385,train,231,3162,3162,885,84
1,25318386,train,225,3449,3449,911,75
1,25318387,train,208,2816,2816,858,83
1,25318388,train,260,3390,3390,842,76
1,25318389,train,272,3755,3755,907,105
1,25318390,train,325,4334,4334,961,178
1,25318391,train,309,5144,5144,980,78
1,25318392,train,302,4948,4948,950,106
1,25318393,train,298,3145,3145,935,102
1,25318394,train,312,3631,3631,938,106
1,25318395,train,259,3899,3899,907,107
1,25318396,train,280,4324,4324,916,80
1,25318397,train,318,4685,4685,985,93
1,25318398,train,448,3919,3919,935,140
1,25318399,train,488,4334,4334,1008,135
1,25318400,train,341,4633,4633,1038,140
1,25318401,train,297,3237,3237,948,111
1,25318402,train,376,2817,2817,936,193
1,25318403,train,244,2741,2741,923,102
1,25318404,train,266,3550,3550,854,103
1,25318405,train,296,2480,2480,897,118
1,25318406,train,313,3650,3650,935,72
1,25318407,train,400,4308,4308,867,121
1,25318408,train,384,6156,6156,1012,113
1,25318409,train,339,5259,5259,1045,105
1,25318410,train,38,3672,3672,875,12
1,25318411,train,29,472,472,167,17
1,25318412,train,24,571,571,165,11
1,25318413,train,31,378,378,124,10
1,25318414,train,18,274,274,100,10
1,25318415,train,12,268,268,82,6
1,25318416,train,12,119,119,61,6
1,25318417,train,10,102,102,56,7
1,25318418,train,9,269,269,81,2
1,25318419,train,9,80,80,36,3
1,25318420,train,7,74,74,34,5
1,25318421,train,6,101,101,26,3
1,25318422,train,7,57,57,32,3
1,25318423,train,4,76,76,35,1
1,25318424,train,6,46,46,27,5
1,25318425,train,5,112,112,33,6
1,25318426,train,6,134,134,28,1
1,25318427,train,4,58,58,30,3
1,25318428,train,6,49,49,29,2
1,25318429,train,10,88,88,28,6
1,25318430,train,9,32,32,26,5
1,25318431,train,6,58,58,25,2
1,25318432,train,7,83,83,34,3
1,25318433,train,5,38,38,24,3
1,25318434,train,6,145,145,37,3
1,25318435,train,7,50,50,26,0
1,25318436,train,6,69,69,33,3
1,25318437,train,4,78,78,31,2
1,25318438,train,7,51,51,31,7
1,25318439,train,8,93,93,40,5
1,25318440,train,9,89,89,27,2
1,25318441,train,7,98,98,33,1
1,25318442,train,12,57,57,26,5
1,25318443,train,6,106,106,36,4
1,25318444,train,5,62,62,27,1
1,25318445,train,7,53,53,26,2
1,25318446,train,11,83,83,31,4
1,25318447,train,4,58,58,27,1
1,25318448,train,7,152,152,37,7
1,25318449,train,5,81,81,36,2
1,25318450,train,4,40,40,33,5
1,25318451,train,6,50,50,22,1
1,25318452,train,5,50,50,19,3
1,25318453,train,4,41,41,19,3
1,25318454,train,3,35,35,20,1
1,25318455,train,2,37,37,18,2
1,25318456,train,4,35,35,20,4
1,25318457,train,3,27,27,17,3
1,25318458,train,4,32,32,15,3
1,25318459,train,3,38,38,19,0
1,25318460,train,4,28,28,16,3
1,25318461,train,3,31,31,19,3
1,25318462,train,3,29,29,17,2
1,25318463,train,3,34,34,15,0
1,25318464,train,2,47,47,20,2
1,25318465,train,4,30,30,24,3
1,25318466,train,4,26,26,17,1
1,25318467,train,2,33,33,16,1
1,25318468,train,3,35,35,16,2
1,25318469,train,4,42,42,24,2
1,25318470,train,2,22,22,17,2
1,25318471,train,3,42,42,19,0
1,25318472,train,4,25,25,13,2
1,25318473,train,3,23,23,14,1
1,25318474,train,2,28,28,15,1
1,25318475,train,3,26,26,16,1
1,25318476,train,2,23,23,13,1
1,25318477,train,3,30,30,21,3
1,25318478,train,3,25,25,16,3
1,25318479,train,3,29,29,22,3
1,25318480,train,3,31,31,16,2
1,25318481,train,3,13,13,17,1
1,25318482,train,2,26,26,15,0
1,25318483,train,3,26,26,16,0
1,25318484,train,2,20,20,16,2
1,25318485,train,4,18,18,19,4
1,25318486,train,2,22,22,18,2
1,25318487,train,3,16,16,17,2
1,25318488,train,3,8,8,12,6
1,25318489,train,4,14,14,17,3
1,25318490,train,3,14,14,15,4
1,25318491,train,3,23,23,17,2
1,25318492,train,2,16,16,12,2
1,25318493,train,3,20,20,15,4
1,25318494,train,3,15,15,14,4
1,25318495,train,2,22,22,17,1
1,25318496,train,4,12,12,15,6
1,25318497,train,2,25,25,22,0
1,25318498,train,3,22,22,18,2
1,25318499,train,3,40,40,21,1
1,25318500,train,3,18,18,14,3
1,25318501,train,3,31,31,19,1
1,25318502,train,3,24,24,19,3
1,25318503,train,3,17,17,12,1
1,25318504,train,2,28,28,14,1
1,25318505,train,2,28,28,19,2
1,25318506,train,2,16,16,10,2
1,25318507,train,3,20,20,15,3
1,25318508,train,2,26,26,17,2
1,25318509,train,2,18,18,15,3
1,25318510,train,2,19,19,10,0
1,25318511,train,2,37,37,20,1
1,25318512,train,2,6,6,10,3
1,25318513,train,2,25,25,12,0
1,25318514,train,2,14,14,14,3
1,25318515,train,2,7,7,7,2
1,25318516,train,3,9,9,12,2
1,25318517,train,2,10,10,9,2
1,25318518,train,2,16,16,15,3
1,25318519,train,3,11,11,13,4
1,25318520,train,2,7,7,9,4
1,25318521,train,2,24,24,18,3
1,25318522,train,2,11,11,8,1
1,25318523,train,2,20,20,16,1
1,25318524,train,2,21,21,15,2
1,25318525,train,2,6,6,10,1
1,25318526,train,3,13,13,16,5
1,25318527,train,2,12,12,15,2
1,25318528,train,2,24,24,14,2
1,25318529,train,3,25,25,17,1
1,25318530,train,2,21,21,16,1
1,25318531,train,2,27,27,18,3
1,25318532,train,2,13,13,13,2
1,25318533,train,2,21,21,10,2
1,25318534,train,2,20,20,17,1
1,25318535,train,2,15,15,13,2
1,25318536,train,2,10,10,10,1
1,25318537,train,2,13,13,15,2
1,25318538,train,2,14,14,8,1
1,25318539,train,2,32,32,19,3
1,25318540,train,2,24,24,15,3
1,25318541,train,1,21,21,15,2
1,25318542,train,3,20,20,16,3
1,25318543,train,1,17,17,11,0
1,25318544,train,1,19,19,10,1
1,25318545,train,1,5,5,8,1
1,25318546,train,2,12,12,10,1
1,25318547,train,2,7,7,8,3
1,25318548,train,2,10,10,12,2
1,25318549,train,2,6,6,11,3
1,25318550,train,2,23,23,14,1
1,25318551,train,2,17,17,14,2
1,25318552,train,2,35,35,16,1
1,25318553,train,1,10,10,9,0
1,25318554,train,1,13,13,8,0
1,25318555,train,2,16,16,10,2
1,25318556,train,1,12,12,8,1
1,25318557,train,2,12,12,8,1
1,25318558,train,1,11,11,7,1
1,25318559,train,2,28,28,16,2
1,25318560,train,2,32,32,14,2
1,25318561,train,2,19,19,8,2
1,25318562,train,1,12,12,7,1
1,25318563,train,1,30,30,12,1
1,25318564,train,1,12,12,8,1
1,25318565,train,1,15,15,8,0
1,25318566,train,2,25,25,14,2
1,25318567,train,1,8,8,6,0
1,25318568,train,1,8,8,7,1
1,25318569,train,1,6,6,6,1
1,25318570,train,1,19,19,9,0
1,25318571,train,1,10,10,8,1
1,25318572,train,1,9,9,6,1
1,25318573,train,1,9,9,8,1
1,25318574,train,1,18,18,9,1
1,25318575,train,2,0,0,4,4
1,25318576,train,1,7,7,7,1
1,25318577,train,1,13,13,9,1
1,25318578,train,1,3,3,5,2
1,25318579,train,2,13,13,8,2
1,25318580,train,1,11,11,8,1
1,25318581,train,1,12,12,8,1
1,25318582,train,1,8,8,7,1
1,25318583,train,1,3,3,2,0
1,25318584,train,1,1,1,3,1
1,25318585,train,1,3,3,5,1
1,25318586,train,1,1,1,3,1
1,25318587,train,1,7,7,4,0
1,25318588,train,749,2908,2908,461,870
1,25318589,train,1041,11393,8192,1071,792
1,25318590,train,345,4787,4787,1183,115
1,25318591,train,556,5071,5071,1213,161
1,25318592,train,565,6797,6797,1203,160
1,25318593,train,492,5666,5666,1074,124
1,25318594,train,483,6480,6480,1098,126
1,25318595,train,408,5047,5047,1159,110
1,25318596,train,369,6263,6263,1113,113
1,25318597,train,486,5650,5650,1219,173
1,25318598,train,665,7239,7239,1179,217
1,25318599,train,474,8122,8122,1212,125
1,25318600,train,377,4674,4674,1180,130
1,25318601,train,483,4826,4826,1133,186
1,25318602,train,590,5896,5896,1123,170
1,25318603,train,427,6021,6021,1164,130
1,25318604,train,468,6356,6356,1160,129
1,25318605,train,355,5400,5400,1185,99
1,25318606,train,401,5894,5894,1148,142
1,25318607,train,417,5015,5015,1121,100
1,25318608,train,349,4382,4382,1101,123
1,25318609,train,486,5819,5819,1253,116
1,25318610,train,378,4911,4911,1125,116
1,25318611,train,360,4161,4161,1023,115
1,25318612,train,387,5760,5760,1165,140
1,25318613,train,381,4910,4910,1129,111
1,25318614,train,333,5376,5376,1136,136
1,25318615,train,549,6289,6289,1219,137
1,25318616,train,544,8810,8192,1318,153
1,25318617,train,333,5522,5522,1252,105
1,25318618,train,489,5484,5484,1082,105
1,25318619,train,589,7097,7097,1023,113
1,25318620,train,442,6474,6474,1132,130
1,25318621,train,419,5588,5588,1154,155
1,25318622,train,436,5581,5581,1141,142
1,25318623,train,337,7611,7611,1158,89
1,25318624,train,509,6712,6712,1151,198
1,25318625,train,411,5837,5837,1202,128
1,25318626,train,345,5651,5651,1147,112
1,25318627,train,328,5057,5057,1145,97
1,25318628,train,468,5727,5727,1114,143
1,25318629,train,504,6354,6354,1204,166
1,25318630,train,391,7090,7090,1301,104
1,25318631,train,461,4853,4853,1267,150
1,25318632,train,356,5817,5817,1268,108
1,25318633,train,545,4112,4112,1154,144
1,25318634,train,472,6219,6219,1217,115
1,25318635,train,433,6318,6318,1164,118
1,25318636,train,421,4961,4961,1133,160
1,25318637,train,394,4660,4660,1139,114
1,25318638,train,431,6073,6073,1169,119
1,25318639,train,389,7473,7473,1265,121
1,25318640,train,319,4410,4410,1147,124
1,25318641,train,321,3966,3966,1162,109
1,25318642,train,585,5525,5525,1207,170
1,25318643,train,515,6354,6354,1234,177
1,25318644,train,331,5083,5083,1119,113
1,25318645,train,320,4800,4800,1208,114
1,25318646,train,240,4144,4144,1033,97
1,25318647,train,419,4281,4281,1035,191
1,25318648,train,530,5785,5785,1112,133
1,25318649,train,553,7288,7288,1188,138
1,25318650,train,541,8358,8192,1236,104
1,25318651,train,616,7644,7644,1210,141
1,25318652,train,497,6347,6347,1223,128
1,25318653,train,421,6674,6674,1226,128
1,25318654,train,381,5467,5467,1132,88
1,25318655,train,493,6497,6497,1180,129
1,25318656,train,539,6286,6286,1235,117
1,25318657,train,393,8274,8192,1289,104
1,25318658,train,446,6062,6062,1234,137
1,25318659,train,468,5944,5944,1215,127
1,25318660,train,477,6185,6185,1207,99
1,25318661,train,472,6759,6759,1237,121
1,25318662,train,447,5505,5505,1170,129
1,25318663,train,479,5822,5822,1209,139
1,25318664,train,481,5076,5076,1151,148
1,25318665,train,646,8164,8164,1198,141
1,25318666,train,414,7056,7056,1170,91
1,25318667,train,399,5590,5590,1181,118
1,25318668,train,491,6074,6074,1205,132
1,25318669,train,577,6038,6038,1139,165
1,25318670,train,529,5911,5911,1183,144
1,25318671,train,411,4402,4402,1123,108
1,25318672,train,401,5177,5177,1161,129
1,25318673,train,423,6525,6525,1175,90
1,25318674,train,392,4783,4783,1051,106
1,25318675,train,498,5116,5116,1063,182
1,25318676,train,432,4871,4871,1124,162
1,25318677,train,510,6880,6880,1173,126
1,25318678,train,707,7810,7810,1163,146
1,25318679,train,543,7874,7874,1186,126
1,25318680,train,533,6826,6826,1232,109
1,25318681,train,457,7084,7084,1117,93
1,25318682,train,559,6818,6818,1152,136
1,25318683,train,482,8284,8192,1218,129
1,25318684,train,334,5860,5860,1186,112
1,25318685,train,513,5284,5284,1234,134
1,25318686,train,353,5488,5488,1167,111
1,25318687,train,447,5569,5569,1159,137
1,25318688,train,435,5786,5786,1142,151
1,25318689,train,341,5573,5573,1145,84
1,25318690,train,359,4851,4851,1147,116
1,25318691,train,386,6134,6134,1162,78
1,25318692,train,456,5936,5936,1192,127
1,25318693,train,407,6379,6379,1194,132
1,25318694,train,660,8013,8013,1195,110
1,25318695,train,652,7704,7704,1170,89
1,25318696,train,909,10942,8192,1055,127
1,25318697,train,758,9785,8192,1112,135
1,25318698,train,741,8961,8192,1110,116
1,25318699,train,726,9942,8192,1127,127
1,25318700,train,757,7860,7860,1133,151
1,25318701,train,698,8795,8192,1134,160
1,25318702,train,621,9168,8192,1084,84
1,25318703,train,797,7355,7355,1007,144
1,25318704,train,715,8474,8192,1008,167
1,25318705,train,714,6712,6712,1051,133
1,25318706,train,652,8337,8192,1147,103
1,25318707,train,833,9094,8192,1036,128
1,25318708,train,917,9984,8192,1065,145
1,25318709,train,860,11278,8192,1061,122
1,25318710,validation,3804,11234,8192,1406,707
1,25318711,validation,3512,11539,8192,1332,765
1,25318712,validation,3106,10207,8192,1305,457
1,25318713,validation,2713,8636,8192,1376,506
1,25318714,validation,3044,10671,8192,1264,490
1,25318715,validation,2732,8015,8015,1306,549
1,25318716,validation,2677,8865,8192,1294,453
1,25318717,validation,2931,9213,8192,1309,493
1,25318718,validation,3230,8594,8192,1324,523
1,25318719,validation,2872,10326,8192,1299,512
1,25318720,validation,2663,10106,8192,1322,522
1,25318721,validation,2770,8943,8192,1397,584
1,25318722,validation,2637,8239,8192,1351,448
1,25318723,validation,2839,8252,8192,1295,448
1,25318724,validation,2727,10057,8192,1259,526
1,25318725,validation,2690,9013,8192,1382,431
1,25318726,validation,2978,9326,8192,1388,467
1,25318727,validation,2906,10173,8192,1270,441
1,25318728,validation,3191,11222,8192,1357,494
1,25318729,validation,2705,10197,8192,1318,480
1,25318730,validation,2691,9464,8192,1324,547
1,25318731,validation,2574,9607,8192,1229,423
1,25318732,validation,2848,9087,8192,1224,419
1,25318733,validation,2986,9047,8192,1308,516
1,25318734,validation,2871,7858,7858,1283,533
1,25318735,validation,2954,9353,8192,1321,446
1,25318736,validation,2990,7718,7718,1329,632
1,25318737,validation,3684,12411,8192,1326,598
1,25318738,validation,3403,13297,8192,1335,507
1,25318739,validation,3054,9294,8192,1346,436
1,25318740,test,2679,11217,8192,1289,502
1,25318741,test,3223,9169,8192,1340,514
1,25318742,test,3059,8693,8192,1281,449
1,25318743,test,2889,9724,8192,1282,565
1,25318744,test,2766,8307,8192,1320,473
1,25318745,test,2392,8787,8192,1264,407
1,25318746,test,3020,9230,8192,1348,549
1,25318747,test,2826,9577,8192,1325,596
1,25318748,test,3029,9372,8192,1334,435
1,25318749,test,2985,7833,7833,1381,510
1,25318750,test,3399,9518,8192,1371,544
1,25318751,test,3102,9908,8192,1386,642
1,25318752,test,2700,9473,8192,1353,465
1,25318753,test,3316,8905,8192,1426,628
1,25318754,test,2800,8350,8192,1441,548
1,25318755,test,2687,10265,8192,1315,503
1,25318756,test,1682,8899,8192,1364,421
1,25318757,test,1933,5962,5962,1380,570
1,25318758,test,1774,8084,8084,1396,443
1,25318759,test,1852,5815,5815,1331,646
1,25318760,test,1632,5321,5321,1298,516
1,25318761,test,1924,4981,4981,1356,627
1,25318762,test,1772,4830,4830,1323,608
1,25318763,test,1817,5483,5483,1348,516
1,25318764,test,2027,6828,6828,1375,612
1,25318765,test,1418,5636,5636,1282,459
1,25318766,test,1932,5498,5498,1375,623
1,25318767,test,2011,9075,8192,1391,680
1,25318768,test,3258,9560,8192,1511,861
1,25318769,test,2074,8287,8192,1526,569
1,25318770,test,2317,5575,5575,1576,794
1,25318771,test,2616,7314,7314,1568,653
1,25318772,test,2280,5833,5833,1466,602
1,25318773,test,2339,9887,8192,1421,461
1,25318774,test,1527,7024,7024,1450,557
1,25318775,test,1483,5281,5281,1441,492
1,25318776,test,1642,4754,4754,1343,512
1,25318777,test,1855,5696,5696,1327,560
1,25318778,test,1787,6685,6685,1430,544
1,25318779,test,1692,6491,6491,1416,504
1,25318780,test,1865,5887,5887,1431,851
1,25318781,test,1608,5369,5369,1378,484
1,25318782,test,2009,7488,7488,1458,540
1,25318783,test,1601,6027,6027,1408,714
1,25318784,test,1815,5251,5251,1425,506
1,25318785,test,1724,6594,6594,1542,621
1,25318786,test,2235,6164,6164,1545,613
1,25318787,test,1504,5626,5626,1380,390
1,25318788,test,1953,6665,6665,1281,592
1,25318789,test,1504,6798,6798,1216,462
1,25318790,test,1522,3865,3865,1205,471
1,25318791,test,2208,7476,7476,1441,788
1,25318792,test,1772,6769,6769,1399,611
1,25318793,test,1766,7514,7514,1415,453
1,25318794,test,2348,6693,6693,1402,624
1,25318795,test,2190,6107,6107,1423,705
1,25318796,test,1258,4399,4399,1232,405
1,25318797,test,2488,5430,5430,1350,586
1,25318798,test,2786,9073,8192,1419,637
1,25318799,test,2106,6861,6861,1397,618
1,25318800,test,2252,8130,8130,1572,509
1,25318801,test,1313,6382,6382,1429,392
1,25318802,test,1611,4146,4146,1331,502
1,25318803,test,1711,4653,4653,1304,506
1,25318804,test,2161,6838,6838,1349,532
1,25318805,test,1239,4463,4463,1240,417
1,25318806,test,1218,4548,4548,1251,502
1,25318807,test,1530,3869,3869,1261,464
1,25318808,test,1454,4287,4287,1237,520
1,25318809,test,1191,3998,3998,1180,466
1,25318810,test,1250,3454,3454,1209,490
1,25318811,test,1463,3590,3590,1186,475
1,25318812,test,1303,4671,4671,1241,413
1,25318813,test,1946,3937,3937,1276,742
1,25318814,test,1337,5854,5854,1340,473
1,25318815,test,1195,4187,4187,1234,395
1,25318816,test,1335,4617,4617,1153,475
1,25318817,test,1125,4072,4072,1127,447
1,25318818,test,1683,4592,4592,1269,522
1,25318819,test,1612,6416,6416,1210,349
1,25318820,test,1470,4546,4546,1251,506
1,25318821,test,851,4470,4470,1218,316
1,25318822,test,1435,4022,4022,1239,512
1,25318823,test,1018,3230,3230,1138,401
1,25318824,test,1294,4328,4328,1226,559
1,25318825,test,1367,3698,3698,1246,481
1,25318826,test,1169,3407,3407,1168,542
1,25318827,test,2147,7300,7300,1398,544
1,25318828,test,1670,6610,6610,1361,520
1,25318829,test,1401,6609,6609,1365,435
1,25318830,test,1283,5574,5574,1338,381
1,25318831,test,1400,5528,5528,1305,426
1,25318832,test,1229,4439,4439,1271,397
1,25318833,test,1045,4742,4742,1197,334
1,25318834,test,1460,5007,5007,1219,420
1,25318835,test,1213,5361,5361,1139,385
1,25318836,test,1123,5150,5150,1200,417
1,25318837,test,1102,3296,3296,1102,317
1,25318838,test,1433,3759,3759,1169,386
1,25318839,test,905,4033,4033,1126,331
1,25318840,test,1502,5188,5188,1210,529
1,25318841,test,981,5697,5697,1155,266
1,25318842,test,1207,4365,4365,1189,454
1,25318843,test,1021,4346,4346,1210,333
1,25318844,test,1093,3703,3703,1131,401
1,25318845,test,1074,3823,3823,1089,397
1,25318846,test,1335,3907,3907,1139,554
1,25318847,test,1063,3677,3677,1165,426
1,25318848,test,1093,5908,5908,1247,290
1,25318849,test,1818,4844,4844,1328,438
1,25318850,test,1513,6113,6113,1241,350
1,25318851,test,1208,4816,4816,1171,392
1,25318852,test,925,4719,4719,1255,325
1,25318853,test,997,3302,3302,1131,514
1,25318854,test,1135,3872,3872,1170,489
1,25318855,test,983,3831,3831,1116,336
1,25318856,test,1026,4677,4677,1172,399
1,25318857,test,1614,3872,3872,1287,549
1,25318858,test,2085,5412,5412,1310,506
1,25318859,test,1196,5817,5817,1181,367
5,25318140,train,354,4694,4694,1059,125
5,25318141,train,304,14063,8192,1364,61
5,25318142,train,356,23157,8192,1435,38
5,25318143,train,275,33805,8192,1382,32
5,25318144,train,306,43639,8192,1377,21
5,25318145,train,448,5441,5441,1015,127
5,25318146,train,366,16789,8192,1233,56
5,25318147,train,381,26377,8192,1414,44
5,25318148,train,481,39495,8192,1252,36
5,25318149,train,413,53411,8192,1298,36
5,25318150,train,381,5275,5275,1079,115
5,25318151,train,460,16224,8192,1368,77
5,25318152,train,298,30145,8192,1416,54
5,25318153,train,317,40759,8192,1432,28
5,25318154,train,334,51278,8192,1261,31
5,25318155,train,332,4399,4399,1014,99
5,25318156,train,417,14904,8192,1303,87
5,25318157,train,418,28394,8192,1299,37
5,25318158,train,394,41100,8192,1330,41
5,25318159,train,417,55082,8192,1295,17
5,25318160,train,452,5726,5726,1106,106
5,25318161,train,445,21299,8192,1144,75
5,25318162,train,388,33954,8192,1308,45
5,25318163,train,357,46358,8192,1376,17
5,25318164,train,417,58242,8192,1321,24
5,25318165,train,468,5454,5454,1091,120
5,25318166,train,430,16918,8192,1295,72
5,25318167,train,466,30361,8192,1345,61
5,25318168,train,529,45724,8192,1258,40
5,25318169,train,443,62245,8192,1283,29
5,25318170,train,416,6926,6926,1157,101
5,25318171,train,444,20169,8192,1290,72
5,25318172,train,330,33189,8192,1349,32
5,25318173,train,410,44424,8192,1479,34
5,25318174,train,486,57574,8192,1422,35
5,25318175,train,470,5887,5887,1140,105
5,25318176,train,525,19865,8192,1240,71
5,25318177,train,434,35236,8192,1393,49
5,25318178,train,423,48486,8192,1410,34
5,25318179,train,580,63593,8192,1345,36
5,25318180,train,405,6777,6777,1268,123
5,25318181,train,326,18267,8192,1456,60
5,25318182,train,362,28865,8192,1393,43
5,25318183,train,483,40285,8192,1385,39
5,25318184,train,430,54529,8192,1322,33
5,25318185,train,502,5220,5220,1086,160
5,25318186,train,463,18704,8192,1202,78
5,25318187,train,468,32518,8192,1338,56
5,25318188,train,626,49188,8192,1278,55
5,25318189,train,456,66903,8192,1332,28
5,25318190,train,489,5599,5599,1099,130
5,25318191,train,531,19396,8192,1229,70
5,25318192,train,668,36105,8192,1272,68
5,25318193,train,466,54194,8192,1369,43
5,25318194,train,402,67990,8192,1406,32
5,25318195,train,540,5694,5694,1169,153
5,25318196,train,364,18276,8192,1389,48
5,25318197,train,464,31880,8192,1362,46
5,25318198,train,521,50376,8192,1307,23
5,25318199,train,451,66851,8192,1411,37
5,25318200,train,409,5979,5979,1257,96
5,25318201,train,451,19020,8192,1318,73
5,25318202,train,388,32225,8192,1408,49
5,25318203,train,426,44223,8192,1429,36
5,25318204,train,455,57820,8192,1373,33
5,25318205,train,426,6327,6327,1256,102
5,25318206,train,449,18367,8192,1329,77
5,25318207,train,602,33285,8192,1230,46
5,25318208,train,435,49513,8192,1410,32
5,25318209,train,386,63605,8192,1435,27
5,25318210,train,415,4607,4607,1014,118
5,25318211,train,390,14387,8192,1337,81
5,25318212,train,389,25708,8192,1380,51
5,25318213,train,446,37044,8192,1339,37
5,25318214,train,368,50961,8192,1269,26
5,25318215,train,446,5631,5631,1095,153
5,25318216,train,413,18108,8192,1262,70
5,25318217,train,465,30493,8192,1313,37
5,25318218,train,405,44518,8192,1199,28
5,25318219,train,457,57646,8192,1282,28
5,25318220,train,376,6207,6207,1066,106
5,25318221,train,476,17219,8192,1299,94
5,25318222,train,555,31771,8192,1301,77
5,25318223,train,507,48576,8192,1225,38
5,25318224,train,380,63538,8192,1322,22
5,25318225,train,333,6535,6535,1140,63
5,25318226,train,383,17304,8192,1267,59
5,25318227,train,542,29926,8192,1309,65
5,25318228,train,468,46640,8192,1164,41
5,25318229,train,388,61381,8192,1295,28
5,25318230,train,457,5233,5233,1122,126
5,25318231,train,341,16906,8192,1295,78
5,25318232,train,427,28028,8192,1407,53
5,25318233,train,502,40895,8192,1400,40
5,25318234,train,372,55027,8192,1353,23
5,25318235,train,388,6007,6007,1180,110
5,25318236,train,385,16401,8192,1419,77
5,25318237,train,497,29259,8192,1333,35
5,25318238,train,531,45069,8192,1210,59
5,25318239,train,373,59158,8192,1323,24
5,25318240,train,371,4261,4261,1009,152
5,25318241,train,335,14427,8192,1323,71
5,25318242,train,437,26548,8192,1278,43
5,25318243,train,424,39866,8192,1249,30
5,25318244,train,383,54542,8192,1294,26
5,25318245,train,413,5395,5395,1146,165
5,25318246,train,561,18231,8192,1290,115
5,25318247,train,429,33972,8192,1294,50
5,25318248,train,551,48602,8192,1310,33
5,25318249,train,430,63643,8192,1333,33
5,25318250,train,514,5267,5267,1179,156
5,25318251,train,332,19366,8192,1277,66
5,25318252,train,391,30089,8192,1441,28
5,25318253,train,524,45321,8192,1215,44
5,25318254,train,388,60859,8192,1279,25
5,25318255,train,388,6827,6827,1197,107
5,25318256,train,332,17261,8192,1501,65
5,25318257,train,483,29251,8192,1425,57
5,25318258,train,460,45401,8192,1344,32
5,25318259,train,423,61128,8192,1303,24
5,25318260,train,368,6042,6042,1173,93
5,25318261,train,446,16871,8192,1386,64
5,25318262,train,395,29961,8192,1370,29
5,25318263,train,395,41883,8192,1319,32
5,25318264,train,552,54299,8192,1351,33
5,25318265,train,406,5232,5232,1077,118
5,25318266,train,374,16528,8192,1309,75
5,25318267,train,399,28068,8192,1354,48
5,25318268,train,435,43237,8192,1202,29
5,25318269,train,471,58849,8192,1209,27
5,25318270,train,414,5698,5698,1091,117
5,25318271,train,372,17789,8192,1261,86
5,25318272,train,457,30677,8192,1224,50
5,25318273,train,554,44838,8192,1380,67
5,25318274,train,559,62187,8192,1311,33
5,25318275,train,613,7235,7235,1254,157
5,25318276,train,378,22277,8192,1329,64
5,25318277,train,487,35768,8192,1441,57
5,25318278,train,539,52481,8192,1316,32
5,25318279,train,433,69715,8192,1295,33
5,25318280,train,354,5226,5226,1214,110
5,25318281,train,457,16615,8192,1338,70
5,25318282,train,487,30722,8192,1347,63
5,25318283,train,493,45637,8192,1342,39
5,25318284,train,553,61717,8192,1248,30
5,25318285,train,430,5570,5570,1136,121
5,25318286,train,411,17366,8192,1326,72
5,25318287,train,436,31089,8192,1341,30
5,25318288,train,519,45379,8192,1310,47
5,25318289,train,430,62166,8192,1251,31
5,25318290,train,409,4955,4955,1102,102
5,25318291,train,471,18080,8192,1254,76
5,25318292,train,398,31184,8192,1332,50
5,25318293,train,339,43858,8192,1385,15
5,25318294,train,348,55126,8192,1382,28
5,25318295,train,328,3938,3938,965,122
5,25318296,train,358,14246,8192,1238,52
5,25318297,train,379,24986,8192,1334,44
5,25318298,train,397,37592,8192,1269,31
5,25318299,train,495,52121,8192,1185,31
5,25318300,train,404,5937,5937,1033,141
5,25318301,train,395,16818,8192,1275,51
5,25318302,train,509,28751,8192,1347,43
5,25318303,train,427,42086,8192,1290,17
5,25318304,train,448,55521,8192,1233,22
5,25318305,train,391,6938,6938,1107,116
5,25318306,train,350,17571,8192,1294,65
5,25318307,train,387,29792,8192,1317,52
5,25318308,train,538,42884,8192,1273,45
5,25318309,train,444,58313,8192,1283,31
5,25318310,train,353,4424,4424,1060,112
5,25318311,train,352,14978,8192,1289,89
5,25318312,train,402,25740,8192,1301,49
5,25318313,train,402,37915,8192,1270,41
5,25318314,train,534,52480,8192,1203,22
5,25318315,train,409,7160,7160,1071,80
5,25318316,train,312,18981,8192,1207,67
5,25318317,train,510,28959,8192,1371,59
5,25318318,train,509,43136,8192,1308,30
5,25318319,train,401,58720,8192,1277,24
5,25318320,train,342,5564,5564,1058,92
5,25318321,train,333,14909,8192,1302,83
5,25318322,train,413,25519,8192,1410,68
5,25318323,train,364,38342,8192,1237,24
5,25318324,train,362,48981,8192,1247,25
5,25318325,train,433,4338,4338,984,129
5,25318326,train,314,15093,8192,1325,53
5,25318327,train,370,26730,8192,1227,32
5,25318328,train,388,38537,8192,1223,25
5,25318329,train,488,51578,8192,1219,26
5,25318330,train,565,6911,6911,1033,123
5,25318331,train,403,21763,8192,1113,64
5,25318332,train,436,35301,8192,1210,47
5,25318333,train,420,50217,8192,1267,32
5,25318334,train,337,63540,8192,1240,23
5,25318335,train,375,5411,5411,1115,92
5,25318336,train,469,16349,8192,1307,65
5,25318337,train,392,29938,8192,1300,42
5,25318338,train,433,42289,8192,1326,32
5,25318339,train,442,56699,8192,1245,36
5,25318340,train,378,5204,5204,1137,136
5,25318341,train,413,16274,8192,1317,94
5,25318342,train,353,29513,8192,1341,29
5,25318343,train,424,42004,8192,1353,49
5,25318344,train,395,55359,8192,1358,25
5,25318345,train,473,6796,6796,1180,151
5,25318346,train,368,19698,8192,1259,39
5,25318347,train,483,32376,8192,1303,60
5,25318348,train,547,47113,8192,1323,46
5,25318349,train,443,63883,8192,1299,38
5,25318350,train,415,7235,7235,1216,119
5,25318351,train,371,19137,8192,1311,77
5,25318352,train,412,31075,8192,1293,45
5,25318353,train,406,44214,8192,1290,32
5,25318354,train,372,56512,8192,1342,21
5,25318355,train,323,4807,4807,1039,102
5,25318356,train,424,14997,8192,1200,87
5,25318357,train,402,28231,8192,1266,43
5,25318358,train,423,41030,8192,1299,34
5,25318359,train,445,56058,8192,1216,35
5,25318360,train,394,6128,6128,1073,83
5,25318361,train,491,19905,8192,1144,63
5,25318362,train,398,33896,8192,1240,37
5,25318363,train,454,47203,8192,1267,34
5,25318364,train,406,61760,8192,1304,30
5,25318365,train,423,6330,6330,1173,112
5,25318366,train,376,19074,8192,1255,55
5,25318367,train,384,31820,8192,1347,46
5,25318368,train,358,46187,8192,1247,34
5,25318369,train,405,59044,8192,1351,30
5,25318370,train,450,5048,5048,1100,104
5,25318371,train,367,17187,8192,1299,68
5,25318372,train,433,29326,8192,1343,46
5,25318373,train,449,42058,8192,1396,34
5,25318374,train,361,55710,8192,1334,18
5,25318375,train,379,5807,5807,1101,94
5,25318376,train,429,18095,8192,1174,76
5,25318377,train,409,32560,8192,1257,39
5,25318378,train,508,45997,8192,1342,34
5,25318379,train,458,61617,8192,1334,29
5,25318380,train,329,3891,3891,1030,139
5,25318381,train,341,13481,8192,1275,71
5,25318382,train,331,23548,8192,1299,39
5,25318383,train,293,33717,8192,1313,26
5,25318384,train,298,42443,8192,1326,32
5,25318385,train,231,3162,3162,885,84
5,25318386,train,225,10125,8192,1291,53
5,25318387,train,208,17032,8192,1305,18
5,25318388,train,260,24546,8192,1224,19
5,25318389,train,272,33313,8192,1210,30
5,25318390,train,325,4334,4334,961,178
5,25318391,train,309,14314,8192,1222,56
5,25318392,train,302,25001,8192,1193,28
5,25318393,train,298,33959,8192,1275,15
5,25318394,train,312,42919,8192,1212,24
5,25318395,train,259,3899,3899,907,107
5,25318396,train,280,12158,8192,1198,44
5,25318397,train,318,21915,8192,1217,39
5,25318398,train,448,31820,8192,1245,44
5,25318399,train,488,43934,8192,1291,52
5,25318400,train,341,4633,4633,1038,140
5,25318401,train,297,13071,8192,1381,70
5,25318402,train,376,21365,8192,1448,42
5,25318403,train,244,30611,8192,1380,28
5,25318404,train,266,38864,8192,1292,13
5,25318405,train,296,2480,2480,897,118
5,25318406,train,313,10638,8192,1276,48
5,25318407,train,400,20816,8192,1246,37
5,25318408,train,384,33745,8192,1138,34
5,25318409,train,339,45965,8192,1267,35
5,25318410,train,38,3672,3672,875,12
5,25318411,train,29,4818,4818,1005,12
5,25318412,train,24,6027,6027,1136,4
5,25318413,train,31,6888,6888,1171,1
5,25318414,train,18,7748,7748,1203,1
5,25318415,train,12,268,268,82,6
5,25318416,train,12,579,579,136,4
5,25318417,train,10,903,903,187,5
5,25318418,train,9,1389,1389,238,1
5,25318419,train,9,1621,1621,257,1
5,25318420,train,7,74,74,34,5
5,25318421,train,6,274,274,58,1
5,25318422,train,7,435,435,95,1
5,25318423,train,4,667,667,123,0
5,25318424,train,6,787,787,130,1
5,25318425,train,5,112,112,33,6
5,25318426,train,6,336,336,58,1
5,25318427,train,4,526,526,98,0
5,25318428,train,6,659,659,118,1
5,25318429,train,10,865,865,134,3
5,25318430,train,9,32,32,26,5
5,25318431,train,6,213,213,54,1
5,25318432,train,7,383,383,81,3
5,25318433,train,5,552,552,111,2
5,25318434,train,6,785,785,127,0
5,25318435,train,7,50,50,26,0
5,25318436,train,6,213,213,60,3
5,25318437,train,4,398,398,90,2
5,25318438,train,7,538,538,110,2
5,25318439,train,8,764,764,136,3
5,25318440,train,9,89,89,27,2
5,25318441,train,7,307,307,61,1
5,25318442,train,12,492,492,104,3
5,25318443,train,6,824,824,140,2
5,25318444,train,5,1011,1011,159,0
5,25318445,train,7,53,53,26,2
5,25318446,train,11,229,229,55,3
5,25318447,train,4,456,456,90,0
5,25318448,train,7,712,712,132,3
5,25318449,train,5,905,905,154,2
5,25318450,train,4,40,40,33,5
5,25318451,train,6,145,145,53,1
5,25318452,train,5,287,287,75,3
5,25318453,train,4,410,410,95,3
5,25318454,train,3,523,523,105,0
5,25318455,train,2,37,37,18,2
5,25318456,train,4,104,104,38,4
5,25318457,train,3,192,192,57,2
5,25318458,train,4,284,284,73,2
5,25318459,train,3,389,389,87,0
5,25318460,train,4,28,28,16,3
5,25318461,train,3,109,109,38,3
5,25318462,train,3,187,187,51,1
5,25318463,train,3,272,272,62,0
5,25318464,train,2,361,361,73,1
5,25318465,train,4,30,30,24,3
5,25318466,train,4,108,108,37,1
5,25318467,train,2,198,198,54,1
5,25318468,train,3,280,280,68,0
5,25318469,train,4,370,370,79,0
5,25318470,train,2,22,22,17,2
5,25318471,train,3,93,93,30,0
5,25318472,train,4,169,169,47,0
5,25318473,train,3,254,254,61,0
5,25318474,train,2,335,335,74,0
5,25318475,train,3,26,26,16,1
5,25318476,train,2,87,87,29,0
5,25318477,train,3,155,155,47,2
5,25318478,train,3,233,233,61,0
5,25318479,train,3,310,310,68,0
5,25318480,train,3,31,31,16,2
5,25318481,train,3,81,81,31,0
5,25318482,train,2,153,153,51,0
5,25318483,train,3,220,220,61,0
5,25318484,train,2,299,299,73,0
5,25318485,train,4,18,18,19,4
5,25318486,train,2,94,94,34,2
5,25318487,train,3,158,158,50,0
5,25318488,train,3,217,217,62,1
5,25318489,train,4,269,269,68,1
5,25318490,train,3,14,14,15,4
5,25318491,train,3,73,73,33,1
5,25318492,train,2,130,130,46,1
5,25318493,train,3,196,196,58,0
5,25318494,train,3,258,258,71,1
5,25318495,train,2,22,22,17,1
5,25318496,train,4,61,61,32,1
5,25318497,train,2,152,152,51,0
5,25318498,train,3,219,219,70,2
5,25318499,train,3,306,306,78,1
5,25318500,train,3,18,18,14,3
5,25318501,train,3,89,89,36,0
5,25318502,train,3,162,162,53,2
5,25318503,train,3,226,226,63,0
5,25318504,train,2,305,305,72,1
5,25318505,train,2,28,28,19,2
5,25318506,train,2,71,71,26,0
5,25318507,train,3,121,121,43,2
5,25318508,train,2,199,199,58,2
5,25318509,train,2,258,258,70,1
5,25318510,train,2,19,19,10,0
5,25318511,train,2,80,80,31,1
5,25318512,train,2,118,118,46,0
5,25318513,train,2,179,179,57,0
5,25318514,train,2,234,234,67,1
5,25318515,train,2,7,7,7,2
5,25318516,train,3,38,38,19,1
5,25318517,train,2,91,91,38,1
5,25318518,train,2,141,141,49,0
5,25318519,train,3,184,184,58,3
5,25318520,train,2,7,7,9,4
5,25318521,train,2,57,57,32,2
5,25318522,train,2,98,98,40,0
5,25318523,train,2,150,150,54,0
5,25318524,train,2,206,206,62,1
5,25318525,train,2,6,6,10,1
5,25318526,train,3,44,44,29,4
5,25318527,train,2,98,98,42,0
5,25318528,train,2,161,161,52,0
5,25318529,train,3,224,224,64,0
5,25318530,train,2,21,21,16,1
5,25318531,train,2,83,83,38,1
5,25318532,train,2,128,128,51,1
5,25318533,train,2,175,175,63,1
5,25318534,train,2,226,226,68,1
5,25318535,train,2,15,15,13,2
5,25318536,train,2,56,56,25,1
5,25318537,train,2,99,99,40,1
5,25318538,train,2,140,140,50,1
5,25318539,train,2,209,209,61,1
5,25318540,train,2,24,24,15,3
5,25318541,train,1,69,69,34,2
5,25318542,train,3,110,110,50,2
5,25318543,train,1,176,176,62,0
5,25318544,train,1,219,219,67,0
5,25318545,train,1,5,5,8,1
5,25318546,train,2,32,32,19,1
5,25318547,train,2,65,65,36,2
5,25318548,train,2,109,109,46,0
5,25318549,train,2,147,147,56,2
5,25318550,train,2,23,23,14,1
5,25318551,train,2,61,61,31,2
5,25318552,train,2,121,121,49,1
5,25318553,train,1,158,158,53,0
5,25318554,train,1,192,192,61,0
5,25318555,train,2,16,16,10,2
5,25318556,train,1,43,43,19,1
5,25318557,train,2,68,68,30,1
5,25318558,train,1,107,107,40,1
5,25318559,train,2,153,153,49,1
5,25318560,train,2,32,32,14,2
5,25318561,train,2,65,65,22,2
5,25318562,train,1,100,100,34,1
5,25318563,train,1,151,151,49,1
5,25318564,train,1,178,178,52,0
5,25318565,train,1,15,15,8,0
5,25318566,train,2,57,57,24,2
5,25318567,train,1,102,102,37,0
5,25318568,train,1,115,115,42,0
5,25318569,train,1,140,140,50,1
5,25318570,train,1,19,19,9,0
5,25318571,train,1,41,41,17,1
5,25318572,train,1,61,61,27,1
5,25318573,train,1,79,79,36,1
5,25318574,train,1,118,118,42,0
5,25318575,train,2,0,0,4,4
5,25318576,train,1,25,25,15,0
5,25318577,train,1,51,51,27,1
5,25318578,train,1,70,70,36,0
5,25318579,train,2,90,90,42,2
5,25318580,train,1,11,11,8,1
5,25318581,train,1,34,34,16,1
5,25318582,train,1,55,55,26,0
5,25318583,train,1,65,65,30,0
5,25318584,train,1,71,71,33,1
5,25318585,train,1,3,3,5,1
5,25318586,train,1,10,10,8,1
5,25318587,train,1,24,24,12,0
5,25318588,train,749,2941,2941,471,858
5,25318589,train,1041,24220,8192,1082,737
5,25318590,train,345,4787,4787,1183,115
5,25318591,train,556,15309,8192,1483,108
5,25318592,train,565,31456,8192,1281,68
5,25318593,train,492,46738,8192,1254,47
5,25318594,train,483,61869,8192,1246,24
5,25318595,train,408,5047,5047,1159,110
5,25318596,train,369,17212,8192,1246,64
5,25318597,train,486,29843,8192,1399,74
5,25318598,train,665,45625,8192,1289,58
5,25318599,train,474,64907,8192,1247,33
5,25318600,train,377,4674,4674,1180,130
5,25318601,train,483,15128,8192,1413,86
5,25318602,train,590,28869,8192,1340,84
5,25318603,train,427,44727,8192,1327,40
5,25318604,train,468,59625,8192,1351,20
5,25318605,train,355,5400,5400,1185,99
5,25318606,train,401,16638,8192,1366,99
5,25318607,train,417,28600,8192,1388,56
5,25318608,train,349,40712,8192,1468,30
5,25318609,train,486,53287,8192,1444,34
5,25318610,train,378,4911,4911,1125,116
5,25318611,train,360,14735,8192,1385,75
5,25318612,train,387,26687,8192,1394,55
5,25318613,train,381,38582,8192,1431,49
5,25318614,train,333,51099,8192,1398,16
5,25318615,train,549,6289,6289,1219,137
5,25318616,train,544,23027,8192,1338,101
5,25318617,train,333,39303,8192,1645,36
5,25318618,train,489,52193,8192,1456,35
5,25318619,train,589,67439,8192,1108,27
5,25318620,train,442,6474,6474,1132,130
5,25318621,train,419,18557,8192,1334,80
5,25318622,train,436,31417,8192,1311,62
5,25318623,train,337,47111,8192,1220,30
5,25318624,train,509,60528,8192,1254,37
5,25318625,train,411,5837,5837,1202,128
5,25318626,train,345,17660,8192,1377,66
5,25318627,train,328,28807,8192,1418,50
5,25318628,train,468,40913,8192,1325,52
5,25318629,train,504,55171,8192,1359,53
5,25318630,train,391,7090,7090,1301,104
5,25318631,train,461,17811,8192,1506,95
5,25318632,train,356,31613,8192,1530,48
5,25318633,train,545,42689,8192,1522,47
5,25318634,train,472,58504,8192,1386,30
5,25318635,train,433,6318,6318,1164,118
5,25318636,train,421,17881,8192,1395,96
5,25318637,train,394,29941,8192,1435,52
5,25318638,train,431,43128,8192,1363,38
5,25318639,train,389,58697,8192,1362,25
5,25318640,train,319,4410,4410,1147,124
5,25318641,train,321,13076,8192,1504,58
5,25318642,train,585,24261,8192,1434,77
5,25318643,train,515,40158,8192,1417,61
5,25318644,train,331,54399,8192,1426,30
5,25318645,train,320,4800,4800,1208,114
5,25318646,train,240,14022,8192,1555,43
5,25318647,train,419,22630,8192,1369,54
5,25318648,train,530,35483,8192,1285,55
5,25318649,train,553,51811,8192,1262,47
5,25318650,train,541,8358,8192,1236,104
5,25318651,train,616,24399,8192,1237,104
5,25318652,train,497,40885,8192,1345,48
5,25318653,train,421,56862,8192,1331,34
5,25318654,train,381,70501,8192,1372,22
5,25318655,train,493,6497,6497,1180,129
5,25318656,train,539,20084,8192,1334,87
5,25318657,train,393,37361,8192,1324,33
5,25318658,train,446,51246,8192,1394,40
5,25318659,train,468,66163,8192,1391,16
5,25318660,train,477,6185,6185,1207,99
5,25318661,train,472,20058,8192,1312,77
5,25318662,train,447,33681,8192,1419,47
5,25318663,train,479,48060,8192,1430,51
5,25318664,train,481,61865,8192,1385,24
5,25318665,train,646,8164,8164,1198,141
5,25318666,train,414,24926,8192,1245,51
5,25318667,train,399,38146,8192,1394,53
5,25318668,train,491,51863,8192,1413,31
5,25318669,train,577,66538,8192,1351,36
5,25318670,train,529,5911,5911,1183,144
5,25318671,train,411,17927,8192,1398,78
5,25318672,train,401,30411,8192,1422,45
5,25318673,train,423,44646,8192,1347,37
5,25318674,train,392,57867,8192,1428,17
5,25318675,train,498,5116,5116,1063,182
5,25318676,train,432,17341,8192,1353,96
5,25318677,train,510,31759,8192,1273,36
5,25318678,train,707,48940,8192,1205,33
5,25318679,train,543,69108,8192,1266,30
5,25318680,train,533,6826,6826,1232,109
5,25318681,train,457,22100,8192,1180,56
5,25318682,train,559,36971,8192,1263,47
5,25318683,train,482,54726,8192,1246,43
5,25318684,train,334,69769,8192,1361,21
5,25318685,train,513,5284,5284,1234,134
5,25318686,train,353,18302,8192,1376,64
5,25318687,train,447,30328,8192,1404,43
5,25318688,train,435,44440,8192,1338,30
5,25318689,train,341,57942,8192,1391,22
5,25318690,train,359,4851,4851,1147,116
5,25318691,train,386,16214,8192,1299,55
5,25318692,train,456,28904,8192,1341,56
5,25318693,train,407,43891,8192,1362,43
5,25318694,train,660,59685,8192,1271,28
5,25318695,train,652,7704,7704,1170,89
5,25318696,train,909,30672,8192,1039,85
5,25318697,train,758,56725,8192,1113,52
5,25318698,train,741,80481,8192,1164,36
5,25318699,train,726,105557,8192,1112,30
5,25318700,train,757,7860,7860,1133,151
5,25318701,train,698,29843,8192,1093,99
5,25318702,train,621,53420,8192,1141,37
5,25318703,train,797,73307,8192,1081,41
5,25318704,train,715,97101,8192,1018,40
5,25318705,train,714,6712,6712,1051,133
5,25318706,train,652,27299,8192,1139,69
5,25318707,train,833,49130,8192,996,46
5,25318708,train,917,74458,8192,1102,64
5,25318709,train,860,103011,8192,1049,43
5,25318710,validation,3804,11234,8192,1406,707
5,25318711,validation,3512,38403,8192,1304,380
5,25318712,validation,3106,65686,8192,1334,147
5,25318713,validation,2713,89625,8192,1359,117
5,25318714,validation,3044,113894,8192,1261,129
5,25318715,validation,2732,8015,8015,1306,549
5,25318716,validation,2677,28793,8192,1250,288
5,25318717,validation,2931,50880,8192,1301,208
5,25318718,validation,3230,73545,8192,1344,151
5,25318719,validation,2872,99060,8192,1277,111
5,25318720,validation,2663,10106,8192,1322,522
5,25318721,validation,2770,30830,8192,1349,324
5,25318722,validation,2637,52698,8192,1340,146
5,25318723,validation,2839,74215,8192,1278,120
5,25318724,validation,2727,97575,8192,1289,126
5,25318725,validation,2690,9013,8192,1382,431
5,25318726,validation,2978,29898,8192,1337,264
5,25318727,validation,2906,54511,8192,1274,125
5,25318728,validation,3191,80542,8192,1367,174
5,25318729,validation,2705,105549,8192,1353,115
5,25318730,validation,2691,9464,8192,1324,547
5,25318731,validation,2574,30752,8192,1268,242
5,25318732,validation,2848,52587,8192,1274,172
5,25318733,validation,2986,75464,8192,1299,154
5,25318734,validation,2871,97155,8192,1298,145
5,25318735,validation,2954,9353,8192,1321,446
5,25318736,validation,2990,29441,8192,1294,341
5,25318737,validation,3684,56042,8192,1318,312
5,25318738,validation,3403,86087,8192,1335,143
5,25318739,validation,3054,111977,8192,1358,101
5,25318740,test,2679,11217,8192,1289,502
5,25318741,test,3223,32041,8192,1313,307
5,25318742,test,3059,55624,8192,1304,210
5,25318743,test,2889,80530,8192,1299,155
5,25318744,test,2766,102891,8192,1308,123
5,25318745,test,2392,8787,8192,1264,407
5,25318746,test,3020,28496,8192,1317,312
5,25318747,test,2826,52225,8192,1330,300
5,25318748,test,3029,74922,8192,1334,153
5,25318749,test,2985,97489,8192,1385,100
5,25318750,test,3399,9518,8192,1371,544
5,25318751,test,3102,33775,8192,1330,387
5,25318752,test,2700,57490,8192,1337,203
5,25318753,test,3316,80854,8192,1387,169
5,25318754,test,2800,104617,8192,1432,129
5,25318755,test,2687,10265,8192,1315,503
5,25318756,test,1682,30834,8192,1325,259
5,25318757,test,1933,44734,8192,1573,169
5,25318758,test,1774,61742,8192,1474,107
5,25318759,test,1852,75945,8192,1611,128
5,25318760,test,1632,5321,5321,1298,516
5,25318761,test,1924,16540,8192,1572,374
5,25318762,test,1772,29424,8192,1569,177
5,25318763,test,1817,43037,8192,1510,147
5,25318764,test,2027,58190,8192,1463,143
5,25318765,test,1418,5636,5636,1282,459
5,25318766,test,1932,16598,8192,1531,359
5,25318767,test,2011,33683,8192,1415,227
5,25318768,test,3258,52155,8192,1545,241
5,25318769,test,2074,74472,8192,1582,150
5,25318770,test,2317,5575,5575,1576,794
5,25318771,test,2616,21314,8192,1608,425
5,25318772,test,2280,38106,8192,1642,231
5,25318773,test,2339,58440,8192,1483,158
5,25318774,test,1527,76457,8192,1560,99
5,25318775,test,1483,5281,5281,1441,492
5,25318776,test,1642,15578,8192,1635,270
5,25318777,test,1855,28460,8192,1525,244
5,25318778,test,1787,43137,8192,1567,216
5,25318779,test,1692,57753,8192,1547,142
5,25318780,test,1865,5887,5887,1431,851
5,25318781,test,1608,18197,8192,1610,330
5,25318782,test,2009,32747,8192,1543,229
5,25318783,test,1601,47754,8192,1588,124
5,25318784,test,1815,60875,8192,1649,126
5,25318785,test,1724,6594,6594,1542,621
5,25318786,test,2235,19367,8192,1659,385
5,25318787,test,1504,35152,8192,1773,154
5,25318788,test,1953,49246,8192,1504,146
5,25318789,test,1504,64544,8192,1366,115
5,25318790,test,1522,3865,3865,1205,471
5,25318791,test,2208,16923,8192,1487,416
5,25318792,test,1772,32908,8192,1502,161
5,25318793,test,1766,49039,8192,1477,132
5,25318794,test,2348,64500,8192,1493,120
5,25318795,test,2190,6107,6107,1423,705
5,25318796,test,1258,18598,8192,1471,243
5,25318797,test,2488,30045,8192,1549,212
5,25318798,test,2786,49569,8192,1437,220
5,25318799,test,2106,68211,8192,1500,117
5,25318800,test,2252,8130,8130,1572,509
5,25318801,test,1313,22891,8192,1519,252
5,25318802,test,1611,33650,8192,1651,190
5,25318803,test,1711,46154,8192,1554,122
5,25318804,test,2161,60512,8192,1453,162
5,25318805,test,1239,4463,4463,1240,417
5,25318806,test,1218,13689,8192,1526,314
5,25318807,test,1530,22930,8192,1617,211
5,25318808,test,1454,34049,8192,1529,146
5,25318809,test,1191,44371,8192,1568,129
5,25318810,test,1250,3454,3454,1209,490
5,25318811,test,1463,11687,8192,1510,302
5,25318812,test,1303,22398,8192,1455,172
5,25318813,test,1946,32206,8192,1639,238
5,25318814,test,1337,46706,8192,1476,136
5,25318815,test,1195,4187,4187,1234,395
5,25318816,test,1335,13411,8192,1515,339
5,25318817,test,1125,23229,8192,1402,165
5,25318818,test,1683,33190,8192,1536,203
5,25318819,test,1612,47102,8192,1351,98
5,25318820,test,1470,4546,4546,1251,506
5,25318821,test,851,14376,8192,1441,198
5,25318822,test,1435,22532,8192,1604,199
5,25318823,test,1018,32291,8192,1525,119
5,25318824,test,1294,41587,8192,1590,131
5,25318825,test,1367,3698,3698,1246,481
5,25318826,test,1169,12109,8192,1534,352
5,25318827,test,2147,24590,8192,1496,243
5,25318828,test,1670,40468,8192,1456,142
5,25318829,test,1401,55045,8192,1512,122
5,25318830,test,1283,5574,5574,1338,381
5,25318831,test,1400,16091,8192,1529,251
5,25318832,test,1229,26641,8192,1530,182
5,25318833,test,1045,37424,8192,1489,114
5,25318834,test,1460,47688,8192,1512,121
5,25318835,test,1213,5361,5361,1139,385
5,25318836,test,1123,15206,8192,1386,296
5,25318837,test,1102,23585,8192,1479,109
5,25318838,test,1433,32613,8192,1533,136
5,25318839,test,905,43257,8192,1425,89
5,25318840,test,1502,5188,5188,1210,529
5,25318841,test,981,16694,8192,1333,175
5,25318842,test,1207,25987,8192,1536,152
5,25318843,test,1021,36237,8192,1531,97
5,25318844,test,1093,44989,8192,1571,158
5,25318845,test,1074,3823,3823,1089,397
5,25318846,test,1335,11836,8192,1460,384
5,25318847,test,1063,21279,8192,1524,143
5,25318848,test,1093,32521,8192,1395,86
5,25318849,test,1818,42751,8192,1567,155
5,25318850,test,1513,6113,6113,1241,350
5,25318851,test,1208,16878,8192,1348,271
5,25318852,test,925,27168,8192,1487,140
5,25318853,test,997,35164,8192,1505,101
5,25318854,test,1135,43821,8192,1519,84
5,25318855,test,983,3831,3831,1116,336
5,25318856,test,1026,12387,8192,1457,245
5,25318857,test,1614,20765,8192,1585,213
5,25318858,test,2085,33296,8192,1524,195
5,25318859,test,1196,47935,8192,1372,93
10,25318140,train,354,4694,4694,1059,125
10,25318141,train,304,14063,8192,1364,61
10,25318142,train,356,23157,8192,1435,38
10,25318143,train,275,33805,8192,1382,32
10,25318144,train,306,43639,8192,1377,21
10,25318145,train,448,54873,8192,1205,26
10,25318146,train,366,67275,8192,1309,21
10,25318147,train,381,77145,8192,1431,26
10,25318148,train,481,90263,8192,1252,23
10,25318149,train,413,104179,8192,1298,22
10,25318150,train,381,5275,5275,1079,115
10,25318151,train,460,16224,8192,1368,77
10,25318152,train,298,30145,8192,1416,54
10,25318153,train,317,40759,8192,1432,28
10,25318154,train,334,51278,8192,1261,31
10,25318155,train,332,61725,8192,1307,21
10,25318156,train,417,73414,8192,1317,18
10,25318157,train,418,87304,8192,1300,22
10,25318158,train,394,100010,8192,1330,26
10,25318159,train,417,113992,8192,1295,13
10,25318160,train,452,5726,5726,1106,106
10,25318161,train,445,21299,8192,1144,75
10,25318162,train,388,33954,8192,1308,45
10,25318163,train,357,46358,8192,1376,17
10,25318164,train,417,58242,8192,1321,24
10,25318165,train,468,71260,8192,1304,23
10,25318166,train,430,84159,8192,1347,22
10,25318167,train,466,98161,8192,1350,25
10,25318168,train,529,113524,8192,1258,27
10,25318169,train,443,130045,8192,1283,19
10,25318170,train,416,6926,6926,1157,101
10,25318171,train,444,20169,8192,1290,72
10,25318172,train,330,33189,8192,1349,32
10,25318173,train,410,44424,8192,1479,34
10,25318174,train,486,57574,8192,1422,35
10,25318175,train,470,71965,8192,1345,22
10,25318176,train,525,87600,8192,1299,25
10,25318177,train,434,103604,8192,1393,27
10,25318178,train,423,116854,8192,1410,21
10,25318179,train,580,131961,8192,1345,25
10,25318180,train,405,6777,6777,1268,123
10,25318181,train,326,18267,8192,1456,60
10,25318182,train,362,28865,8192,1393,43
10,25318183,train,483,40285,8192,1385,39
10,25318184,train,430,54529,8192,1322,33
10,25318185,train,502,67437,8192,1320,31
10,25318186,train,463,82869,8192,1237,32
10,25318187,train,468,97228,8192,1340,26
10,25318188,train,626,113898,8192,1278,34
10,25318189,train,456,131613,8192,1332,23
10,25318190,train,489,5599,5599,1099,130
10,25318191,train,531,19396,8192,1229,70
10,25318192,train,668,36105,8192,1272,68
10,25318193,train,466,54194,8192,1369,43
10,25318194,train,402,67990,8192,1406,32
10,25318195,train,540,81601,8192,1423,35
10,25318196,train,364,95792,8192,1446,14
10,25318197,train,464,109789,8192,1362,25
10,25318198,train,521,128285,8192,1307,19
10,25318199,train,451,144760,8192,1411,28
10,25318200,train,409,5979,5979,1257,96
10,25318201,train,451,19020,8192,1318,73
10,25318202,train,388,32225,8192,1408,49
10,25318203,train,426,44223,8192,1429,36
10,25318204,train,455,57820,8192,1373,33
10,25318205,train,426,72226,8192,1389,17
10,25318206,train,449,85843,8192,1381,23
10,25318207,train,602,101326,8192,1230,22
10,25318208,train,435,117554,8192,1410,21
10,25318209,train,386,131646,8192,1435,19
10,25318210,train,415,4607,4607,1014,118
10,25318211,train,390,14387,8192,1337,81
10,25318212,train,389,25708,8192,1380,51
10,25318213,train,446,37044,8192,1339,37
10,25318214,train,368,50961,8192,1269,26
10,25318215,train,446,63482,8192,1306,39
10,25318216,train,413,77611,8192,1304,22
10,25318217,train,465,90410,8192,1316,19
10,25318218,train,405,104435,8192,1199,19
10,25318219,train,457,117563,8192,1282,22
10,25318220,train,376,6207,6207,1066,106
10,25318221,train,476,17219,8192,1299,94
10,25318222,train,555,31771,8192,1301,77
10,25318223,train,507,48576,8192,1225,38
10,25318224,train,380,63538,8192,1322,22
10,25318225,train,333,77408,8192,1267,21
10,25318226,train,383,89668,8192,1303,19
10,25318227,train,542,102672,8192,1307,30
10,25318228,train,468,119386,8192,1164,29
10,25318229,train,388,134127,8192,1295,22
10,25318230,train,457,5233,5233,1122,126
10,25318231,train,341,16906,8192,1295,78
10,25318232,train,427,28028,8192,1407,53
10,25318233,train,502,40895,8192,1400,40
10,25318234,train,372,55027,8192,1353,23
10,25318235,train,388,68457,8192,1384,22
10,25318236,train,385,80359,8192,1451,23
10,25318237,train,497,93656,8192,1336,15
10,25318238,train,531,109466,8192,1210,38
10,25318239,train,373,123555,8192,1323,15
10,25318240,train,371,4261,4261,1009,152
10,25318241,train,335,14427,8192,1323,71
10,25318242,train,437,26548,8192,1278,43
10,25318243,train,424,39866,8192,1249,30
10,25318244,train,383,54542,8192,1294,26
10,25318245,train,413,67233,8192,1353,30
10,25318246,train,561,82003,8192,1344,42
10,25318247,train,429,98084,8192,1293,31
10,25318248,train,551,112714,8192,1310,25
10,25318249,train,430,127755,8192,1333,26
10,25318250,train,514,5267,5267,1179,156
10,25318251,train,332,19366,8192,1277,66
10,25318252,train,391,30089,8192,1441,28
10,25318253,train,524,45321,8192,1215,44
10,25318254,train,388,60859,8192,1279,25
10,25318255,train,388,74938,8192,1365,31
10,25318256,train,332,86973,8192,1553,22
10,25318257,train,483,99453,8192,1424,30
10,25318258,train,460,115603,8192,1344,25
10,25318259,train,423,131330,8192,1303,19
10,25318260,train,368,6042,6042,1173,93
10,25318261,train,446,16871,8192,1386,64
10,25318262,train,395,29961,8192,1370,29
10,25318263,train,395,41883,8192,1319,32
10,25318264,train,552,54299,8192,1351,33
10,25318265,train,406,69424,8192,1406,29
10,25318266,train,374,82270,8192,1365,26
10,25318267,train,399,94160,8192,1355,31
10,25318268,train,435,109329,8192,1202,18
10,25318269,train,471,124941,8192,1209,20
10,25318270,train,414,5698,5698,1091,117
10,25318271,train,372,17789,8192,1261,86
10,25318272,train,457,30677,8192,1224,50
10,25318273,train,554,44838,8192,1380,67
10,25318274,train,559,62187,8192,1311,33
10,25318275,train,613,79369,8192,1341,44
10,25318276,train,378,96633,8192,1379,19
10,25318277,train,487,110726,8192,1441,34
10,25318278,train,539,127439,8192,1316,20
10,25318279,train,433,144673,8192,1295,26
10,25318280,train,354,5226,5226,1214,110
10,25318281,train,457,16615,8192,1338,70
10,25318282,train,487,30722,8192,1347,63
10,25318283,train,493,45637,8192,1342,39
10,25318284,train,553,61717,8192,1248,30
10,25318285,train,430,77324,8192,1372,26
10,25318286,train,411,90857,8192,1370,26
10,25318287,train,436,105189,8192,1340,13
10,25318288,train,519,119479,8192,1310,33
10,25318289,train,430,136266,8192,1251,17
10,25318290,train,409,4955,4955,1102,102
10,25318291,train,471,18080,8192,1254,76
10,25318292,train,398,31184,8192,1332,50
10,25318293,train,339,43858,8192,1385,15
10,25318294,train,348,55126,8192,1382,28
10,25318295,train,328,65588,8192,1321,23
10,25318296,train,358,77225,8192,1238,23
10,25318297,train,379,88279,8192,1338,21
10,25318298,train,397,100885,8192,1269,18
10,25318299,train,495,115414,8192,1185,23
10,25318300,train,404,5937,5937,1033,141
10,25318301,train,395,16818,8192,1275,51
10,25318302,train,509,28751,8192,1347,43
10,25318303,train,427,42086,8192,1290,17
10,25318304,train,448,55521,8192,1233,22
10,25318305,train,391,70626,8192,1194,36
10,25318306,train,350,82819,8192,1327,24
10,25318307,train,387,95501,8192,1317,32
10,25318308,train,538,108593,8192,1273,28
10,25318309,train,444,124022,8192,1283,21
10,25318310,train,353,4424,4424,1060,112
10,25318311,train,352,14978,8192,1289,89
10,25318312,train,402,25740,8192,1301,49
10,25318313,train,402,37915,8192,1270,41
10,25318314,train,534,52480,8192,1203,22
10,25318315,train,409,69193,8192,1173,17
10,25318316,train,312,82853,8192,1252,11
10,25318317,train,510,93348,8192,1360,36
10,25318318,train,509,107525,8192,1308,20
10,25318319,train,401,123109,8192,1277,17
10,25318320,train,342,5564,5564,1058,92
10,25318321,train,333,14909,8192,1302,83
10,25318322,train,413,25519,8192,1410,68
10,25318323,train,364,38342,8192,1237,24
10,25318324,train,362,48981,8192,1247,25
10,25318325,train,433,60446,8192,1247,26
10,25318326,train,314,72574,8192,1337,15
10,25318327,train,370,84605,8192,1221,16
10,25318328,train,388,96412,8192,1223,16
10,25318329,train,488,109453,8192,1219,12
10,25318330,train,565,6911,6911,1033,123
10,25318331,train,403,21763,8192,1113,64
10,25318332,train,436,35301,8192,1210,47
10,25318333,train,420,50217,8192,1267,32
10,25318334,train,337,63540,8192,1240,23
10,25318335,train,375,75534,8192,1352,28
10,25318336,train,469,88142,8192,1324,28
10,25318337,train,392,102134,8192,1302,18
10,25318338,train,433,114485,8192,1326,23
10,25318339,train,442,128895,8192,1245,28
10,25318340,train,378,5204,5204,1137,136
10,25318341,train,413,16274,8192,1317,94
10,25318342,train,353,29513,8192,1341,29
10,25318343,train,424,42004,8192,1353,49
10,25318344,train,395,55359,8192,1358,25
10,25318345,train,473,69479,8192,1319,41
10,25318346,train,368,83815,8192,1282,17
10,25318347,train,483,96997,8192,1310,37
10,25318348,train,547,111734,8192,1323,31
10,25318349,train,443,128504,8192,1299,29
10,25318350,train,415,7235,7235,1216,119
10,25318351,train,371,19137,8192,1311,77
10,25318352,train,412,31075,8192,1293,45
10,25318353,train,406,44214,8192,1290,32
10,25318354,train,372,56512,8192,1342,21
10,25318355,train,323,68256,8192,1306,21
10,25318356,train,424,79787,8192,1227,18
10,25318357,train,402,93500,8192,1267,23
10,25318358,train,423,106299,8192,1299,16
10,25318359,train,445,121327,8192,1216,22
10,25318360,train,394,6128,6128,1073,83
10,25318361,train,491,19905,8192,1144,63
10,25318362,train,398,33896,8192,1240,37
10,25318363,train,454,47203,8192,1267,34
10,25318364,train,406,61760,8192,1304,30
10,25318365,train,423,75921,8192,1318,24
10,25318366,train,376,90426,8192,1304,11
10,25318367,train,384,103575,8192,1345,21
10,25318368,train,358,117942,8192,1247,22
10,25318369,train,405,130799,8192,1351,25
10,25318370,train,450,5048,5048,1100,104
10,25318371,train,367,17187,8192,1299,68
10,25318372,train,433,29326,8192,1343,46
10,25318373,train,449,42058,8192,1396,34
10,25318374,train,361,55710,8192,1334,18
10,25318375,train,379,68776,8192,1269,27
10,25318376,train,429,82842,8192,1219,24
10,25318377,train,409,97673,8192,1258,21
10,25318378,train,508,111110,8192,1342,26
10,25318379,train,458,126730,8192,1334,23
10,25318380,train,329,3891,3891,1030,139
10,25318381,train,341,13481,8192,1275,71
10,25318382,train,331,23548,8192,1299,39
10,25318383,train,293,33717,8192,1313,26
10,25318384,train,298,42443,8192,1326,32
10,25318385,train,231,50984,8192,1315,25
10,25318386,train,225,59003,8192,1306,21
10,25318387,train,208,66195,8192,1302,8
10,25318388,train,260,73709,8192,1224,9
10,25318389,train,272,82476,8192,1210,22
10,25318390,train,325,4334,4334,961,178
10,25318391,train,309,14314,8192,1222,56
10,25318392,train,302,25001,8192,1193,28
10,25318393,train,298,33959,8192,1275,15
10,25318394,train,312,42919,8192,1212,24
10,25318395,train,259,52277,8192,1216,26
10,25318396,train,280,61610,8192,1216,11
10,25318397,train,318,71673,8192,1225,12
10,25318398,train,448,81578,8192,1245,33
10,25318399,train,488,93692,8192,1291,29
10,25318400,train,341,4633,4633,1038,140
10,25318401,train,297,13071,8192,1381,70
10,25318402,train,376,21365,8192,1448,42
10,25318403,train,244,30611,8192,1380,28
10,25318404,train,266,38864,8192,1292,13
10,25318405,train,296,46449,8192,1395,25
10,25318406,train,313,55691,8192,1292,19
10,25318407,train,400,66135,8192,1248,24
10,25318408,train,384,79064,8192,1138,17
10,25318409,train,339,91284,8192,1267,27
10,25318410,train,38,3672,3672,875,12
10,25318411,train,29,4818,4818,1005,12
10,25318412,train,24,6027,6027,1136,4
10,25318413,train,31,6888,6888,1171,1
10,25318414,train,18,7748,7748,1203,1
10,25318415,train,12,8414,8192,1212,1
10,25318416,train,12,8775,8192,1193,1
10,25318417,train,10,9117,8192,1144,1
10,25318418,train,9,9603,8192,1054,0
10,25318419,train,9,9835,8192,1006,1
10,25318420,train,7,74,74,34,5
10,25318421,train,6,274,274,58,1
10,25318422,train,7,435,435,95,1
10,25318423,train,4,667,667,123,0
10,25318424,train,6,787,787,130,1
10,25318425,train,5,1024,1024,148,3
10,25318426,train,6,1258,1258,159,1
10,25318427,train,4,1455,1455,176,0
10,25318428,train,6,1588,1588,187,1
10,25318429,train,10,1794,1794,200,3
10,25318430,train,9,32,32,26,5
10,25318431,train,6,213,213,54,1
10,25318432,train,7,383,383,81,3
10,25318433,train,5,552,552,111,2
10,25318434,train,6,785,785,127,0
10,25318435,train,7,947,947,139,0
10,25318436,train,6,1126,1126,151,1
10,25318437,train,4,1324,1324,164,0
10,25318438,train,7,1464,1464,175,2
10,25318439,train,8,1690,1690,194,3
10,25318440,train,9,89,89,27,2
10,25318441,train,7,307,307,61,1
10,25318442,train,12,492,492,104,3
10,25318443,train,6,824,824,140,2
10,25318444,train,5,1011,1011,159,0
10,25318445,train,7,1160,1160,172,0
10,25318446,train,11,1362,1362,187,3
10,25318447,train,4,1600,1600,204,0
10,25318448,train,7,1856,1856,225,2
10,25318449,train,5,2049,2049,240,2
10,25318450,train,4,40,40,33,5
10,25318451,train,6,145,145,53,1
10,25318452,train,5,287,287,75,3
10,25318453,train,4,410,410,95,3
10,25318454,train,3,523,523,105,0
10,25318455,train,2,623,623,109,0
10,25318456,train,4,699,699,118,3
10,25318457,train,3,796,796,125,2
10,25318458,train,4,888,888,135,2
10,25318459,train,3,993,993,144,0
10,25318460,train,4,28,28,16,3
10,25318461,train,3,109,109,38,3
10,25318462,train,3,187,187,51,1
10,25318463,train,3,272,272,62,0
10,25318464,train,2,361,361,73,1
10,25318465,train,4,442,442,87,1
10,25318466,train,4,529,529,93,1
10,25318467,train,2,622,622,100,1
10,25318468,train,3,704,704,106,0
10,25318469,train,4,794,794,113,0
10,25318470,train,2,22,22,17,2
10,25318471,train,3,93,93,30,0
10,25318472,train,4,169,169,47,0
10,25318473,train,3,254,254,61,0
10,25318474,train,2,335,335,74,0
10,25318475,train,3,400,400,82,0
10,25318476,train,2,472,472,87,0
10,25318477,train,3,545,545,92,0
10,25318478,train,3,623,623,97,0
10,25318479,train,3,700,700,102,0
10,25318480,train,3,31,31,16,2
10,25318481,train,3,81,81,31,0
10,25318482,train,2,153,153,51,0
10,25318483,train,3,220,220,61,0
10,25318484,train,2,299,299,73,0
10,25318485,train,4,361,361,84,1
10,25318486,train,2,448,448,90,1
10,25318487,train,3,513,513,92,0
10,25318488,train,3,572,572,99,0
10,25318489,train,4,624,624,102,1
10,25318490,train,3,14,14,15,4
10,25318491,train,3,73,73,33,1
10,25318492,train,2,130,130,46,1
10,25318493,train,3,196,196,58,0
10,25318494,train,3,258,258,71,1
10,25318495,train,2,326,326,79,0
10,25318496,train,4,375,375,84,1
10,25318497,train,2,472,472,94,0
10,25318498,train,3,539,539,105,2
10,25318499,train,3,626,626,111,1
10,25318500,train,3,18,18,14,3
10,25318501,train,3,89,89,36,0
10,25318502,train,3,162,162,53,2
10,25318503,train,3,226,226,63,0
10,25318504,train,2,305,305,72,1
10,25318505,train,2,375,375,80,1
10,25318506,train,2,431,431,82,0
10,25318507,train,3,484,484,92,2
10,25318508,train,2,562,562,99,1
10,25318509,train,2,621,621,104,1
10,25318510,train,2,19,19,10,0
10,25318511,train,2,80,80,31,1
10,25318512,train,2,118,118,46,0
10,25318513,train,2,179,179,57,0
10,25318514,train,2,234,234,67,1
10,25318515,train,2,268,268,72,1
10,25318516,train,3,307,307,75,0
10,25318517,train,2,361,361,82,1
10,25318518,train,2,411,411,85,0
10,25318519,train,3,454,454,91,3
10,25318520,train,2,7,7,9,4
10,25318521,train,2,57,57,32,2
10,25318522,train,2,98,98,40,0
10,25318523,train,2,150,150,54,0
10,25318524,train,2,206,206,62,1
10,25318525,train,2,249,249,67,0
10,25318526,train,3,298,298,74,1
10,25318527,train,2,356,356,80,0
10,25318528,train,2,419,419,85,0
10,25318529,train,3,482,482,93,0
10,25318530,train,2,21,21,16,1
10,25318531,train,2,83,83,38,1
10,25318532,train,2,128,128,51,1
10,25318533,train,2,175,175,63,1
10,25318534,train,2,226,226,68,1
10,25318535,train,2,276,276,73,1
10,25318536,train,2,326,326,78,0
10,25318537,train,2,372,372,82,0
10,25318538,train,2,413,413,87,1
10,25318539,train,2,482,482,92,0
10,25318540,train,2,24,24,15,3
10,25318541,train,1,69,69,34,2
10,25318542,train,3,110,110,50,2
10,25318543,train,1,176,176,62,0
10,25318544,train,1,219,219,67,0
10,25318545,train,1,243,243,73,1
10,25318546,train,2,279,279,74,0
10,25318547,train,2,313,313,82,2
10,25318548,train,2,357,357,86,0
10,25318549,train,2,395,395,90,2
10,25318550,train,2,23,23,14,1
10,25318551,train,2,61,61,31,2
10,25318552,train,2,121,121,49,1
10,25318553,train,1,158,158,53,0
10,25318554,train,1,192,192,61,0
10,25318555,train,2,227,227,67,1
10,25318556,train,1,256,256,71,1
10,25318557,train,2,284,284,76,1
10,25318558,train,1,323,323,82,1
10,25318559,train,2,369,369,89,1
10,25318560,train,2,32,32,14,2
10,25318561,train,2,65,65,22,2
10,25318562,train,1,100,100,34,1
10,25318563,train,1,151,151,49,1
10,25318564,train,1,178,178,52,0
10,25318565,train,1,211,211,56,0
10,25318566,train,2,256,256,65,1
10,25318567,train,1,303,303,74,0
10,25318568,train,1,316,316,75,0
10,25318569,train,1,341,341,77,0
10,25318570,train,1,19,19,9,0
10,25318571,train,1,41,41,17,1
10,25318572,train,1,61,61,27,1
10,25318573,train,1,79,79,36,1
10,25318574,train,1,118,118,42,0
10,25318575,train,2,133,133,48,1
10,25318576,train,1,162,162,55,0
10,25318577,train,1,189,189,60,0
10,25318578,train,1,208,208,62,0
10,25318579,train,2,228,228,66,1
10,25318580,train,1,11,11,8,1
10,25318581,train,1,34,34,16,1
10,25318582,train,1,55,55,26,0
10,25318583,train,1,65,65,30,0
10,25318584,train,1,71,71,33,1
10,25318585,train,1,88,88,38,0
10,25318586,train,1,96,96,40,1
10,25318587,train,1,110,110,42,0
10,25318588,train,749,3027,3027,492,853
10,25318589,train,1041,24306,8192,1082,732
10,25318590,train,345,4787,4787,1183,115
10,25318591,train,556,15309,8192,1483,108
10,25318592,train,565,31456,8192,1281,68
10,25318593,train,492,46738,8192,1254,47
10,25318594,train,483,61869,8192,1246,24
10,25318595,train,408,75871,8192,1368,28
10,25318596,train,369,89736,8192,1266,16
10,25318597,train,486,102789,8192,1406,55
10,25318598,train,665,118571,8192,1289,40
10,25318599,train,474,137853,8192,1247,21
10,25318600,train,377,4674,4674,1180,130
10,25318601,train,483,15128,8192,1413,86
10,25318602,train,590,28869,8192,1340,84
10,25318603,train,427,44727,8192,1327,40
10,25318604,train,468,59625,8192,1351,20
10,25318605,train,355,73979,8192,1373,25
10,25318606,train,401,86702,8192,1368,20
10,25318607,train,417,99039,8192,1387,35
10,25318608,train,349,111151,8192,1468,19
10,25318609,train,486,123726,8192,1444,24
10,25318610,train,378,4911,4911,1125,116
10,25318611,train,360,14735,8192,1385,75
10,25318612,train,387,26687,8192,1394,55
10,25318613,train,381,38582,8192,1431,49
10,25318614,train,333,51099,8192,1398,16
10,25318615,train,549,63989,8192,1399,53
10,25318616,train,544,82301,8192,1373,53
10,25318617,train,333,98898,8192,1645,25
10,25318618,train,489,111788,8192,1456,29
10,25318619,train,589,127034,8192,1108,17
10,25318620,train,442,6474,6474,1132,130
10,25318621,train,419,18557,8192,1334,80
10,25318622,train,436,31417,8192,1311,62
10,25318623,train,337,47111,8192,1220,30
10,25318624,train,509,60528,8192,1254,37
10,25318625,train,411,75147,8192,1358,34
10,25318626,train,345,88458,8192,1380,21
10,25318627,train,328,100275,8192,1419,28
10,25318628,train,468,112381,8192,1325,29
10,25318629,train,504,126639,8192,1359,38
10,25318630,train,391,7090,7090,1301,104
10,25318631,train,461,17811,8192,1506,95
10,25318632,train,356,31613,8192,1530,48
10,25318633,train,545,42689,8192,1522,47
10,25318634,train,472,58504,8192,1386,30
10,25318635,train,433,73329,8192,1317,28
10,25318636,train,421,86583,8192,1428,27
10,25318637,train,394,99073,8192,1432,24
10,25318638,train,431,112260,8192,1363,26
10,25318639,train,389,127829,8192,1362,18
10,25318640,train,319,4410,4410,1147,124
10,25318641,train,321,13076,8192,1504,58
10,25318642,train,585,24261,8192,1434,77
10,25318643,train,515,40158,8192,1417,61
10,25318644,train,331,54399,8192,1426,30
10,25318645,train,320,66757,8192,1559,29
10,25318646,train,240,77599,8192,1555,14
10,25318647,train,419,86381,8192,1368,28
10,25318648,train,530,99234,8192,1285,29
10,25318649,train,553,115562,8192,1262,31
10,25318650,train,541,8358,8192,1236,104
10,25318651,train,616,24399,8192,1237,104
10,25318652,train,497,40885,8192,1345,48
10,25318653,train,421,56862,8192,1331,34
10,25318654,train,381,70501,8192,1372,22
10,25318655,train,493,84363,8192,1316,32
10,25318656,train,539,99291,8192,1351,41
10,25318657,train,393,116976,8192,1324,20
10,25318658,train,446,130861,8192,1394,28
10,25318659,train,468,145778,8192,1391,13
10,25318660,train,477,6185,6185,1207,99
10,25318661,train,472,20058,8192,1312,77
10,25318662,train,447,33681,8192,1419,47
10,25318663,train,479,48060,8192,1430,51
10,25318664,train,481,61865,8192,1385,24
10,25318665,train,646,78680,8192,1265,37
10,25318666,train,414,97246,8192,1273,11
10,25318667,train,399,111049,8192,1396,24
10,25318668,train,491,124766,8192,1413,20
10,25318669,train,577,139441,8192,1351,22
10,25318670,train,529,5911,5911,1183,144
10,25318671,train,411,17927,8192,1398,78
10,25318672,train,401,30411,8192,1422,45
10,25318673,train,423,44646,8192,1347,37
10,25318674,train,392,57867,8192,1428,17
10,25318675,train,498,70227,8192,1359,36
10,25318676,train,432,83633,8192,1366,38
10,25318677,train,510,98454,8192,1273,23
10,25318678,train,707,115635,8192,1205,22
10,25318679,train,543,135803,8192,1266,19
10,25318680,train,533,6826,6826,1232,109
10,25318681,train,457,22100,8192,1180,56
10,25318682,train,559,36971,8192,1263,47
10,25318683,train,482,54726,8192,1246,43
10,25318684,train,334,69769,8192,1361,21
10,25318685,train,513,82240,8192,1542,26
10,25318686,train,353,96828,8192,1406,18
10,25318687,train,447,109154,8192,1405,20
10,25318688,train,435,123266,8192,1338,18
10,25318689,train,341,136768,8192,1391,16
10,25318690,train,359,4851,4851,1147,116
10,25318691,train,386,16214,8192,1299,55
10,25318692,train,456,28904,8192,1341,56
10,25318693,train,407,43891,8192,1362,43
10,25318694,train,660,59685,8192,1271,28
10,25318695,train,652,77511,8192,1248,18
10,25318696,train,909,106276,8192,1075,32
10,25318697,train,758,132714,8192,1113,36
10,25318698,train,741,156470,8192,1164,27
10,25318699,train,726,181546,8192,1112,19
10,25318700,train,757,7860,7860,1133,151
10,25318701,train,698,29843,8192,1093,99
10,25318702,train,621,53420,8192,1141,37
10,25318703,train,797,73307,8192,1081,41
10,25318704,train,715,97101,8192,1018,40
10,25318705,train,714,116953,8192,1121,29
10,25318706,train,652,139420,8192,1157,20
10,25318707,train,833,161838,8192,996,22
10,25318708,train,917,187166,8192,1102,43
10,25318709,train,860,215719,8192,1049,35
10,25318710,validation,3804,11234,8192,1406,707
10,25318711,validation,3512,38403,8192,1304,380
10,25318712,validation,3106,65686,8192,1334,147
10,25318713,validation,2713,89625,8192,1359,117
10,25318714,validation,3044,113894,8192,1261,129
10,25318715,validation,2732,136971,8192,1310,80
10,25318716,validation,2677,159374,8192,1284,79
10,25318717,validation,2931,181932,8192,1301,114
10,25318718,validation,3230,204597,8192,1344,99
10,25318719,validation,2872,230112,8192,1277,66
10,25318720,validation,2663,10106,8192,1322,522
10,25318721,validation,2770,30830,8192,1349,324
10,25318722,validation,2637,52698,8192,1340,146
10,25318723,validation,2839,74215,8192,1278,120
10,25318724,validation,2727,97575,8192,1289,126
10,25318725,validation,2690,120010,8192,1373,97
10,25318726,validation,2978,143087,8192,1424,98
10,25318727,validation,2906,168216,8192,1274,73
10,25318728,validation,3191,194247,8192,1367,113
10,25318729,validation,2705,219254,8192,1353,74
10,25318730,validation,2691,9464,8192,1324,547
10,25318731,validation,2574,30752,8192,1268,242
10,25318732,validation,2848,52587,8192,1274,172
10,25318733,validation,2986,75464,8192,1299,154
10,25318734,validation,2871,97155,8192,1298,145
10,25318735,validation,2954,121403,8192,1264,74
10,25318736,validation,2990,143153,8192,1307,127
10,25318737,validation,3684,170249,8192,1318,151
10,25318738,validation,3403,200294,8192,1335,94
10,25318739,validation,3054,226184,8192,1358,79
10,25318740,test,2679,11217,8192,1289,502
10,25318741,test,3223,32041,8192,1313,307
10,25318742,test,3059,55624,8192,1304,210
10,25318743,test,2889,80530,8192,1299,155
10,25318744,test,2766,102891,8192,1308,123
10,25318745,test,2392,125600,8192,1255,91
10,25318746,test,3020,147033,8192,1377,94
10,25318747,test,2826,171183,8192,1330,235
10,25318748,test,3029,193880,8192,1334,93
10,25318749,test,2985,216447,8192,1385,75
10,25318750,test,3399,9518,8192,1371,544
10,25318751,test,3102,33775,8192,1330,387
10,25318752,test,2700,57490,8192,1337,203
10,25318753,test,3316,80854,8192,1387,169
10,25318754,test,2800,104617,8192,1432,129
10,25318755,test,2687,128993,8192,1330,134
10,25318756,test,1682,151422,8192,1355,85
10,25318757,test,1933,165751,8192,1569,99
10,25318758,test,1774,182759,8192,1474,71
10,25318759,test,1852,196962,8192,1611,77
10,25318760,test,1632,5321,5321,1298,516
10,25318761,test,1924,16540,8192,1572,374
10,25318762,test,1772,29424,8192,1569,177
10,25318763,test,1817,43037,8192,1510,147
10,25318764,test,2027,58190,8192,1463,143
10,25318765,test,1418,72994,8192,1443,97
10,25318766,test,1932,85889,8192,1547,119
10,25318767,test,2011,103476,8192,1415,121
10,25318768,test,3258,121948,8192,1545,160
10,25318769,test,2074,144265,8192,1582,100
10,25318770,test,2317,5575,5575,1576,794
10,25318771,test,2616,21314,8192,1608,425
10,25318772,test,2280,38106,8192,1642,231
10,25318773,test,2339,58440,8192,1483,158
10,25318774,test,1527,76457,8192,1560,99
10,25318775,test,1483,89532,8192,1672,97
10,25318776,test,1642,101378,8192,1630,80
10,25318777,test,1855,114739,8192,1530,108
10,25318778,test,1787,129416,8192,1567,122
10,25318779,test,1692,144032,8192,1547,92
10,25318780,test,1865,5887,5887,1431,851
10,25318781,test,1608,18197,8192,1610,330
10,25318782,test,2009,32747,8192,1543,229
10,25318783,test,1601,47754,8192,1588,124
10,25318784,test,1815,60875,8192,1649,126
10,25318785,test,1724,75955,8192,1672,138
10,25318786,test,2235,90355,8192,1690,131
10,25318787,test,1504,106727,8192,1773,95
10,25318788,test,1953,120821,8192,1504,89
10,25318789,test,1504,136119,8192,1366,71
10,25318790,test,1522,3865,3865,1205,471
10,25318791,test,2208,16923,8192,1487,416
10,25318792,test,1772,32908,8192,1502,161
10,25318793,test,1766,49039,8192,1477,132
10,25318794,test,2348,64500,8192,1493,120
10,25318795,test,2190,80705,8192,1557,138
10,25318796,test,1258,94738,8192,1480,81
10,25318797,test,2488,106940,8192,1553,94
10,25318798,test,2786,126464,8192,1437,135
10,25318799,test,2106,145106,8192,1500,88
10,25318800,test,2252,8130,8130,1572,509
10,25318801,test,1313,22891,8192,1519,252
10,25318802,test,1611,33650,8192,1651,190
10,25318803,test,1711,46154,8192,1554,122
10,25318804,test,2161,60512,8192,1453,162
10,25318805,test,1239,74225,8192,1467,95
10,25318806,test,1218,84938,8192,1536,89
10,25318807,test,1530,94719,8192,1619,109
10,25318808,test,1454,105838,8192,1529,86
10,25318809,test,1191,116160,8192,1568,84
10,25318810,test,1250,3454,3454,1209,490
10,25318811,test,1463,11687,8192,1510,302
10,25318812,test,1303,22398,8192,1455,172
10,25318813,test,1946,32206,8192,1639,238
10,25318814,test,1337,46706,8192,1476,136
10,25318815,test,1195,57687,8192,1691,100
10,25318816,test,1335,68357,8192,1558,79
10,25318817,test,1125,78322,8192,1404,80
10,25318818,test,1683,88283,8192,1536,92
10,25318819,test,1612,102195,8192,1351,72
10,25318820,test,1470,4546,4546,1251,506
10,25318821,test,851,14376,8192,1441,198
10,25318822,test,1435,22532,8192,1604,199
10,25318823,test,1018,32291,8192,1525,119
10,25318824,test,1294,41587,8192,1590,131
10,25318825,test,1367,51142,8192,1565,122
10,25318826,test,1169,60519,8192,1545,93
10,25318827,test,2147,73401,8192,1496,138
10,25318828,test,1670,89279,8192,1456,101
10,25318829,test,1401,103856,8192,1512,64
10,25318830,test,1283,5574,5574,1338,381
10,25318831,test,1400,16091,8192,1529,251
10,25318832,test,1229,26641,8192,1530,182
10,25318833,test,1045,37424,8192,1489,114
10,25318834,test,1460,47688,8192,1512,121
10,25318835,test,1213,59609,8192,1393,97
10,25318836,test,1123,70471,8192,1412,88
10,25318837,test,1102,79093,8192,1475,59
10,25318838,test,1433,88121,8192,1533,81
10,25318839,test,905,98765,8192,1425,59
10,25318840,test,1502,5188,5188,1210,529
10,25318841,test,981,16694,8192,1333,175
10,25318842,test,1207,25987,8192,1536,152
10,25318843,test,1021,36237,8192,1531,97
10,25318844,test,1093,44989,8192,1571,158
10,25318845,test,1074,53477,8192,1369,95
10,25318846,test,1335,62090,8192,1453,112
10,25318847,test,1063,71892,8192,1537,69
10,25318848,test,1093,83134,8192,1395,59
10,25318849,test,1818,93364,8192,1567,93
10,25318850,test,1513,6113,6113,1241,350
10,25318851,test,1208,16878,8192,1348,271
10,25318852,test,925,27168,8192,1487,140
10,25318853,test,997,35164,8192,1505,101
10,25318854,test,1135,43821,8192,1519,84
10,25318855,test,983,52647,8192,1448,66
10,25318856,test,1026,62326,8192,1480,74
10,25318857,test,1614,71034,8192,1580,126
10,25318858,test,2085,83565,8192,1524,109
10,25318859,test,1196,98204,8192,1372,73
