window_minutes,window_start,partition,nodes,edges,weak_connected_components,strong_connected_components,isolated_nodes,unique_directed_pairs,repeated_directed_pairs,extra_parallel_edges,density,benign,malicious
1,2018-02-20 01:00:00,train,1618,11337,7,842,0,4874,1345,6463,0.0018629319353317235,11337,0
1,2018-02-20 01:01:00,train,1548,9504,7,848,0,4420,1152,5084,0.0018456995201181247,9504,0
1,2018-02-20 01:02:00,train,1561,9965,7,864,0,4472,1203,5493,0.0018364296391202221,9965,0
1,2018-02-20 01:03:00,train,1466,9534,8,780,0,4373,1120,5161,0.0020361411563121308,9534,0
1,2018-02-20 01:04:00,train,1529,10428,9,837,0,4402,1232,6026,0.0018841661558901379,10428,0
1,2018-02-20 01:05:00,train,1512,13331,3,819,0,4613,1409,8718,0.00201914356447778,13331,0
1,2018-02-20 01:06:00,train,1521,10922,7,841,0,4112,1245,6810,0.0017786082563410498,10922,0
1,2018-02-20 01:07:00,train,1551,10279,10,878,0,4292,1269,5987,0.0017853206048127118,10279,0
1,2018-02-20 01:08:00,train,1712,15300,8,927,0,5274,1756,10026,0.0018004719325748183,15300,0
1,2018-02-20 01:09:00,train,1711,13156,5,984,0,4962,1534,8194,0.0016959406113178914,13156,0
1,2018-02-20 01:10:00,train,1646,12422,8,883,0,5461,1499,6961,0.0020168632071116497,12422,0
1,2018-02-20 01:11:00,train,1756,13587,13,937,0,5148,1602,8439,0.0016704631738800305,13587,0
1,2018-02-20 01:12:00,train,1606,11472,8,876,0,4900,1356,6572,0.0019009710470470936,11472,0
1,2018-02-20 01:13:00,train,1487,10489,3,819,0,4504,1420,5985,0.002038302343957185,10489,0
1,2018-02-20 01:14:00,train,1372,10940,6,722,0,5050,1291,5890,0.002684725030993954,10875,65
1,2018-02-20 01:15:00,train,1526,10700,6,838,0,4813,1323,5887,0.0020681950024708335,10665,35
1,2018-02-20 01:16:00,train,1666,13385,7,860,0,5728,1436,7657,0.002064970132197023,13321,64
1,2018-02-20 01:17:00,train,1643,14500,7,798,0,5886,1686,8614,0.0021817728924911576,14464,36
1,2018-02-20 01:18:00,train,1616,12078,9,820,0,4828,1534,7250,0.001849921834288692,12014,64
1,2018-02-20 01:19:00,train,1698,14231,8,852,0,5565,1690,8666,0.0019312817672425462,14195,36
1,2018-02-20 01:20:00,train,1571,13968,5,813,0,5286,1720,8682,0.002143143845252527,13904,64
1,2018-02-20 01:21:00,train,1798,17085,6,904,0,5512,1723,11573,0.0017059702148494926,17049,36
1,2018-02-20 01:22:00,train,1613,12025,8,814,0,4780,1382,7245,0.0018383512373872952,11961,64
1,2018-02-20 01:23:00,train,1573,11694,5,783,0,5468,1436,6226,0.0022112978393339254,11658,36
1,2018-02-20 01:24:00,train,1685,13028,9,817,0,5617,1571,7411,0.0019795315660748394,12964,64
1,2018-02-20 01:25:00,train,1627,14090,6,848,0,6025,1615,8065,0.0022774505556979355,14054,36
1,2018-02-20 01:26:00,train,1642,12378,7,876,0,5702,1417,6676,0.0021161452754885654,12314,64
1,2018-02-20 01:27:00,train,1720,14561,9,839,0,6125,1624,8436,0.0020715802859964556,14525,36
1,2018-02-20 01:28:00,train,1612,16480,6,779,0,7214,1948,9266,0.0027778932987078597,16416,64
1,2018-02-20 01:29:00,train,1631,14838,7,815,0,6646,1982,8192,0.002499877751990762,14805,33
1,2018-02-20 01:30:00,train,1756,14903,5,883,0,6097,1971,8806,0.001978402092297309,14903,0
1,2018-02-20 01:31:00,train,1840,15533,6,952,0,5978,1778,9555,0.0017666737593682767,15533,0
1,2018-02-20 01:32:00,train,1626,11416,7,849,0,5131,1363,6285,0.001941905572901883,11416,0
1,2018-02-20 01:33:00,train,1680,11844,7,845,0,5178,1436,6666,0.0018357015230154002,11844,0
1,2018-02-20 01:34:00,train,1811,14672,5,896,0,6277,1686,8395,0.0019149397024323426,14672,0
1,2018-02-20 01:35:00,train,1804,14722,6,958,0,5425,1884,9297,0.0016678902986276875,14722,0
1,2018-02-20 01:36:00,train,1766,16634,5,887,0,5885,1751,10749,0.0018880394226481318,16634,0
1,2018-02-20 01:37:00,train,1871,14130,10,975,0,5378,1625,8752,0.0015371116135098905,14130,0
1,2018-02-20 01:38:00,train,1769,12955,7,891,0,5169,1594,7786,0.0016527091769003117,12955,0
1,2018-02-20 01:39:00,train,1968,17950,11,1010,0,6137,1976,11813,0.001585355520560798,17950,0
1,2018-02-20 01:40:00,train,1940,14459,7,1042,0,5810,1756,8649,0.0015445308720086345,14459,0
1,2018-02-20 01:41:00,train,1569,11402,7,831,0,4808,1345,6594,0.0019543190124998375,11402,0
1,2018-02-20 01:42:00,train,1516,11492,3,805,0,4829,1354,6663,0.0021025453468829732,11492,0
1,2018-02-20 01:43:00,train,1641,13258,6,859,0,5268,1553,7990,0.0019574619877825833,13258,0
1,2018-02-20 01:44:00,train,1711,14099,6,899,0,5672,1697,8427,0.001938608453727344,14099,0
1,2018-02-20 01:45:00,train,1588,14468,6,762,0,6132,1752,8336,0.00243318270773714,14468,0
1,2018-02-20 01:46:00,train,1632,14718,6,742,0,6095,1646,8623,0.0022898107740950456,14718,0
1,2018-02-20 01:47:00,train,1697,14118,5,779,0,5910,1649,8208,0.0020534294704306157,14118,0
1,2018-02-20 01:48:00,train,1894,19166,6,906,0,7121,2192,12045,0.001986142465628105,19166,0
1,2018-02-20 01:49:00,train,1743,15164,2,839,0,6089,1773,9075,0.002005397347961635,15164,0
1,2018-02-20 01:50:00,train,1649,14465,5,804,0,5683,1755,8782,0.0020912203335943526,14465,0
1,2018-02-20 01:51:00,train,1708,16087,7,778,0,5458,1671,10629,0.0018720271536543972,16087,0
1,2018-02-20 01:52:00,train,1939,19427,7,980,0,6405,1969,13022,0.0017044628985928402,19427,0
1,2018-02-20 01:53:00,train,1873,15283,7,986,0,6616,1843,8667,0.0018869129920918496,15283,0
1,2018-02-20 01:54:00,train,1793,12647,6,881,0,5886,1558,6761,0.0018319008445542187,12647,0
1,2018-02-20 01:55:00,train,1895,15435,5,929,0,6395,1811,9040,0.0017817688409168795,15435,0
1,2018-02-20 01:56:00,train,1762,11304,5,936,0,5114,1455,6190,0.001648145176000892,11304,0
1,2018-02-20 01:57:00,train,2012,16135,6,1026,0,6234,1863,9901,0.0015407307522344797,16135,0
1,2018-02-20 01:58:00,train,2111,19899,6,1108,0,7831,2194,12068,0.0017581119884334147,19899,0
1,2018-02-20 01:59:00,train,1860,15003,5,954,0,6135,1716,8868,0.001774280310260459,15003,0
1,2018-02-20 02:00:00,train,1807,13452,8,882,0,6504,1767,6948,0.0019929877718065773,13452,0
1,2018-02-20 02:01:00,train,1830,15389,7,839,0,7198,2162,8191,0.002150537634408602,15389,0
1,2018-02-20 02:02:00,train,1795,12865,8,910,0,5566,1616,7299,0.0017284479680022855,12865,0
1,2018-02-20 02:03:00,train,1719,12203,6,923,0,5736,1430,6467,0.0019422722553722317,12203,0
1,2018-02-20 02:04:00,train,1832,14132,5,970,0,6312,1803,7820,0.0018817120956644304,14132,0
1,2018-02-20 02:05:00,train,1871,14249,4,1008,0,6293,2019,7956,0.0017986320907061625,14249,0
1,2018-02-20 02:06:00,train,1662,13772,7,868,0,5812,1814,7960,0.002105353146546634,13772,0
1,2018-02-20 02:07:00,train,1824,17881,4,941,0,6063,1824,11818,0.001823375292317464,17881,0
1,2018-02-20 02:08:00,train,1810,13935,7,987,0,5881,1628,8054,0.0017961145775114604,13935,0
1,2018-02-20 02:09:00,train,1610,12254,7,842,0,5082,1514,7172,0.0019617910125111467,12254,0
1,2018-02-20 02:10:00,train,1560,12240,6,834,0,4973,1497,7267,0.0020447854476077698,12240,0
1,2018-02-20 02:11:00,train,1520,10506,6,869,0,4413,1342,6093,0.0019113163092061953,10506,0
1,2018-02-20 02:12:00,train,1548,11786,4,790,0,4869,1525,6917,0.002033192525668586,11786,0
1,2018-02-20 02:13:00,train,1508,12284,6,718,0,5453,1415,6831,0.002399500826382276,12284,0
1,2018-02-20 02:14:00,train,1558,13101,6,744,0,5541,1656,7560,0.0022841892550352337,13101,0
1,2018-02-20 02:15:00,train,1589,13830,7,777,0,5448,1828,8382,0.0021590500179920835,13830,0
1,2018-02-20 02:16:00,train,1548,13408,7,723,0,5378,1538,8030,0.002245740275836035,13408,0
1,2018-02-20 02:17:00,train,1553,13305,6,762,0,5198,1540,8107,0.0021566173883604063,13305,0
1,2018-02-20 02:18:00,train,1482,13081,7,697,0,5108,1446,7973,0.0023272745828629123,13081,0
1,2018-02-20 02:19:00,train,1623,14044,3,813,0,5540,1621,8504,0.0021044586413098395,14044,0
1,2018-02-20 02:20:00,train,1536,13335,9,745,0,5157,1799,8178,0.0021872455211726385,13335,0
1,2018-02-20 02:21:00,train,1677,13822,8,855,0,5135,1497,8687,0.0018269782242696711,13822,0
1,2018-02-20 02:22:00,train,1734,16495,4,803,0,6092,1689,10403,0.0020272730116451727,16495,0
1,2018-02-20 02:23:00,train,1691,16128,4,816,0,5929,1807,10199,0.0020746800849607565,16128,0
1,2018-02-20 02:24:00,train,1662,12966,4,764,0,5396,1591,7570,0.0019546602854035853,12966,0
1,2018-02-20 02:25:00,train,1612,13161,4,719,0,5486,1727,7675,0.002112492741434893,13161,0
1,2018-02-20 02:26:00,train,1517,12443,5,657,0,5294,1488,7149,0.0023019673254566107,12443,0
1,2018-02-20 02:27:00,train,1643,15471,6,733,0,5523,1954,9948,0.002047219110640276,15471,0
1,2018-02-20 02:28:00,train,1609,16088,6,797,0,6419,1993,9669,0.0024809915617685346,16088,0
1,2018-02-20 02:29:00,train,1639,13515,7,814,0,5737,1649,7778,0.0021369383785491167,13515,0
1,2018-02-20 02:30:00,train,1746,13564,6,902,0,6163,1539,7401,0.0020227979138563133,13564,0
1,2018-02-20 02:31:00,train,1626,11273,7,857,0,5451,1360,5822,0.0020630144762986092,11273,0
1,2018-02-20 02:32:00,train,1717,12836,8,916,0,5229,1583,7607,0.0017747249838105982,12836,0
1,2018-02-20 02:33:00,train,1861,14513,8,981,0,6026,1836,8487,0.0017408839044796127,14513,0
1,2018-02-20 02:34:00,train,1721,12211,6,847,0,5492,1705,6719,0.0018553301893166492,12211,0
1,2018-02-20 02:35:00,train,1870,13535,7,947,0,5749,1723,7786,0.0016449071967908717,13535,0
1,2018-02-20 02:36:00,train,1664,11491,5,864,0,5507,1437,5984,0.0019900752810028217,11491,0
1,2018-02-20 02:37:00,train,1617,14552,6,860,0,5351,1541,9201,0.002047781308743119,14552,0
1,2018-02-20 02:38:00,train,1712,16556,4,916,0,5707,1755,10849,0.0019482922486167022,16556,0
1,2018-02-20 02:39:00,train,1529,11756,7,881,0,5225,1399,6531,0.0022364307506874083,11756,0
1,2018-02-20 02:40:00,train,1556,11148,3,807,0,4792,1315,6356,0.0019805090139611006,11148,0
1,2018-02-20 02:41:00,train,1514,10899,5,782,0,4680,1318,6219,0.0020430596652001457,10899,0
1,2018-02-20 02:42:00,train,1740,14757,5,908,0,5930,2065,8827,0.0019597734197880933,14757,0
1,2018-02-20 02:43:00,train,1586,12822,6,828,0,5218,1662,7604,0.0020757336473321373,12822,0
1,2018-02-20 02:44:00,train,1733,14486,7,894,0,5807,1695,8679,0.0019346632213425303,14486,0
1,2018-02-20 02:45:00,train,1601,12955,6,747,0,5552,1497,7403,0.0021673953778888195,12955,0
1,2018-02-20 02:46:00,train,1927,16715,5,1007,0,6064,1884,10651,0.0016338839069440605,16715,0
1,2018-02-20 02:47:00,train,1772,14683,7,911,0,5922,1614,8761,0.0018870618046199555,14683,0
1,2018-02-20 02:48:00,train,1813,16517,5,967,0,6408,1721,10109,0.0019505923006396043,16517,0
1,2018-02-20 02:49:00,train,1666,12536,7,861,0,5983,1644,6553,0.002156898795554258,12536,0
1,2018-02-20 02:50:00,train,1835,14592,4,1003,0,5822,1778,8770,0.0017299629463450002,14592,0
1,2018-02-20 02:51:00,train,1699,13009,6,847,0,5467,1618,7542,0.0018950383756536618,13009,0
1,2018-02-20 02:52:00,train,1585,11668,7,863,0,5204,1489,6464,0.0020727782557435556,11668,0
1,2018-02-20 02:53:00,train,1760,17243,6,870,0,6000,1912,11243,0.001938084655537754,17243,0
1,2018-02-20 02:54:00,train,1724,13690,5,916,0,5329,1578,8361,0.0017940030675466226,13690,0
1,2018-02-20 02:55:00,train,1922,14498,8,1050,0,5534,1768,8964,0.001498850808821498,14498,0
1,2018-02-20 02:56:00,train,1733,10922,8,911,0,5267,1397,5655,0.0017547565329449125,10922,0
1,2018-02-20 02:57:00,train,1861,14335,5,964,0,6063,1616,8272,0.0017515730356554749,14335,0
1,2018-02-20 02:58:00,train,1863,16324,5,955,0,6605,1985,9719,0.0019040585129721014,16324,0
1,2018-02-20 02:59:00,train,1842,15546,8,1011,0,6623,1946,8923,0.0019530409109433397,15546,0
1,2018-02-20 03:00:00,train,1720,13113,7,828,0,5779,1916,7334,0.0019545571384120028,13113,0
1,2018-02-20 03:01:00,train,1767,13364,6,909,0,5588,1669,7776,0.0017907260387845366,13364,0
1,2018-02-20 03:02:00,train,1688,12801,8,860,0,5790,1620,7011,0.002033251207308748,12801,0
1,2018-02-20 03:03:00,train,1607,11773,6,868,0,5425,1566,6348,0.00210202716787777,11773,0
1,2018-02-20 03:04:00,train,1767,15041,6,896,0,6504,1986,8537,0.0020842666707685444,15041,0
1,2018-02-20 03:05:00,train,1619,12585,5,874,0,5668,1770,6917,0.0021637370196774855,12585,0
1,2018-02-20 03:06:00,train,1573,12204,6,862,0,4795,1456,7409,0.0019391318836148815,12204,0
1,2018-02-20 03:07:00,train,1777,12702,10,1012,0,4738,1631,7964,0.0015012902604348863,12702,0
1,2018-02-20 03:08:00,train,1704,16012,6,917,0,5028,1628,10984,0.0017326507488855624,16012,0
1,2018-02-20 03:09:00,train,1668,16035,11,878,0,5115,1666,10920,0.0018395601455248518,16035,0
1,2018-02-20 03:10:00,train,1659,13484,7,856,0,5114,1592,8370,0.0018592158428166429,13484,0
1,2018-02-20 03:11:00,train,1586,12845,3,797,0,5120,1522,7725,0.0020367489985321087,12845,0
1,2018-02-20 03:12:00,train,1641,14748,3,796,0,5590,1585,9158,0.002077109436542263,14748,0
1,2018-02-20 03:13:00,train,1835,15811,8,883,0,6079,1758,9732,0.001806328538445767,15811,0
1,2018-02-20 03:14:00,train,1839,18070,8,797,0,6912,2120,11158,0.0020449208036964783,18070,0
1,2018-02-20 03:15:00,train,1961,18508,6,1041,0,7104,2031,11404,0.0018482864844050829,18508,0
1,2018-02-20 03:16:00,train,1771,12995,9,873,0,5661,1597,7334,0.0018059317248705605,12995,0
1,2018-02-20 03:17:00,train,1896,15168,8,977,0,5870,1875,9298,0.001633768633868831,15168,0
1,2018-02-20 03:18:00,train,1922,17887,7,926,0,6749,2215,11138,0.001827926293591668,17887,0
1,2018-02-20 03:19:00,train,1846,16086,7,994,0,6077,2247,10009,0.0017842724472748519,16086,0
1,2018-02-20 03:20:00,train,1722,11931,7,857,0,5287,1656,6644,0.0017840018194321564,11931,0
1,2018-02-20 03:21:00,train,1806,14454,6,906,0,5949,1675,8505,0.001824941791443112,14454,0
1,2018-02-20 03:22:00,train,1845,15554,5,935,0,5877,1730,9677,0.001727421829532829,15554,0
1,2018-02-20 03:23:00,train,1716,15174,5,903,0,5912,1635,9262,0.0020088754782632335,15174,0
1,2018-02-20 03:24:00,train,1744,16987,4,864,0,6153,1702,10834,0.0020241516524814856,16987,0
1,2018-02-20 03:25:00,train,1740,13603,9,894,0,5346,1589,8257,0.001766770438817394,13603,0
1,2018-02-20 03:26:00,train,1743,13330,7,892,0,5958,1500,7372,0.001962252816415737,13330,0
1,2018-02-20 03:27:00,train,1793,14788,6,933,0,6424,1618,8364,0.001999342681858019,14788,0
1,2018-02-20 03:28:00,train,1621,15343,4,792,0,6500,1636,8843,0.0024752286730489485,15343,0
1,2018-02-20 03:29:00,train,1731,15481,4,843,0,6470,1755,9011,0.002160534022567062,15481,0
1,2018-02-20 03:30:00,train,1666,12530,7,865,0,5617,1439,6913,0.002024954125794462,12530,0
1,2018-02-20 03:31:00,train,1831,16143,7,975,0,6507,1730,9636,0.0019419648852638082,16143,0
1,2018-02-20 03:32:00,train,1665,12523,4,860,0,5309,1465,7214,0.0019162191037191037,12523,0
1,2018-02-20 03:33:00,train,1547,11272,7,843,0,4841,1467,6431,0.0020241154477513962,11272,0
1,2018-02-20 03:34:00,train,1469,10825,5,745,0,4754,1501,6071,0.0022045062073033426,10825,0
1,2018-02-20 03:35:00,train,1482,10202,5,803,0,4354,1321,5848,0.0019837418821035866,10202,0
1,2018-02-20 03:36:00,train,1478,12365,5,816,0,5138,1489,7227,0.0023536353083775307,12365,0
1,2018-02-20 03:37:00,train,1508,11280,6,784,0,4758,1448,6522,0.0020936777795574676,11280,0
1,2018-02-20 03:38:00,train,1531,13024,7,757,0,4737,1590,8287,0.0020222589362328862,13024,0
1,2018-02-20 03:39:00,train,1539,16078,5,739,0,5130,1607,10948,0.002167316861725184,16078,0
1,2018-02-20 03:40:00,train,1534,13621,9,725,0,4765,1499,8856,0.002026261023242681,13621,0
1,2018-02-20 03:41:00,train,1584,12185,6,789,0,4896,1425,7289,0.0019525641761902028,12185,0
1,2018-02-20 03:42:00,train,1658,13966,6,839,0,5420,1551,8546,0.0019728417584353544,13966,0
1,2018-02-20 03:43:00,train,1504,12112,6,779,0,5281,1309,6831,0.002336196401523195,12112,0
1,2018-02-20 03:44:00,train,1543,13825,8,788,0,5400,1574,8425,0.002269569361822313,13825,0
1,2018-02-20 03:45:00,train,1664,14710,4,797,0,5397,1762,9313,0.0019503243674545538,14710,0
1,2018-02-20 03:46:00,train,1536,11253,9,816,0,4352,1409,6901,0.0018458197611292075,11253,0
1,2018-02-20 03:47:00,train,1611,12878,7,815,0,5461,1489,7417,0.002105478253158603,12878,0
1,2018-02-20 03:48:00,train,1684,15513,5,866,0,5623,1799,9890,0.0019840009710066996,15513,0
1,2018-02-20 03:49:00,train,1677,14360,6,906,0,5333,1810,9027,0.0018974245121772457,14360,0
1,2018-02-20 03:50:00,train,1567,10908,7,821,0,4948,1406,5960,0.0020163640083099626,10908,0
1,2018-02-20 03:51:00,train,1501,11876,6,794,0,5390,1432,6486,0.0023939595825005554,11876,0
1,2018-02-20 03:52:00,train,1515,12092,7,752,0,5512,1384,6580,0.0024030936779278985,12092,0
1,2018-02-20 03:53:00,train,1531,12226,4,852,0,5187,1422,7039,0.0022143671315684992,12226,0
1,2018-02-20 03:54:00,train,1670,17287,6,871,0,6086,1879,11201,0.002183529884508993,17287,0
1,2018-02-20 03:55:00,train,1525,14838,5,788,0,5691,1846,9147,0.0024486898154124177,14838,0
1,2018-02-20 03:56:00,train,1534,11438,7,804,0,5034,1427,6404,0.0021406501555096863,11438,0
1,2018-02-20 03:57:00,train,1653,13943,3,884,0,5223,1548,8720,0.0019126571542825504,13943,0
1,2018-02-20 03:58:00,train,1639,14693,7,841,0,6078,1545,8615,0.002263955284089512,14693,0
1,2018-02-20 03:59:00,train,1655,14048,6,812,0,5671,1574,8377,0.0020716965554528617,14048,0
1,2018-02-20 04:00:00,train,1546,12125,5,709,0,5656,1462,6469,0.002367943999966507,12125,0
1,2018-02-20 04:01:00,train,1515,10713,3,738,0,4862,1302,5851,0.002119709989493005,10713,0
1,2018-02-20 04:02:00,train,1556,12025,6,825,0,5140,1396,6885,0.0021243356284975077,12025,0
1,2018-02-20 04:03:00,train,1451,12413,6,782,0,5277,1588,7136,0.0025081394519831744,12413,0
1,2018-02-20 04:04:00,train,1461,10599,6,827,0,4654,1393,5945,0.0021818420485124656,10599,0
1,2018-02-20 04:05:00,train,1546,12729,6,836,0,5142,1444,7587,0.0021527524837036387,12729,0
1,2018-02-20 04:06:00,train,1419,10330,5,724,0,4626,1317,5704,0.0022990425129041587,10330,0
1,2018-02-20 04:07:00,train,1494,12209,7,766,0,5234,1474,6975,0.002346514882929799,12209,0
1,2018-02-20 04:08:00,train,1493,12112,3,784,0,4558,1423,7554,0.0020461887377915527,12112,0
1,2018-02-20 04:09:00,train,1494,14892,7,768,0,5620,1636,9272,0.002519566993134404,14892,0
1,2018-02-20 04:10:00,train,1535,17088,7,737,0,5456,1706,11632,0.002317077831901439,17088,0
1,2018-02-20 04:11:00,train,1522,13992,7,732,0,5099,1836,8893,0.0022026279481045475,13992,0
1,2018-02-20 04:12:00,train,1584,14579,6,777,0,5300,1771,9279,0.0021136826253692963,14579,0
1,2018-02-20 04:13:00,train,1664,14623,5,783,0,5517,1724,9106,0.0019936890004163006,14623,0
1,2018-02-20 04:14:00,train,1509,11914,4,764,0,4750,1581,7164,0.0020873872591155103,11914,0
1,2018-02-20 04:15:00,train,1630,12512,8,822,0,5448,1539,7064,0.0020517687466811286,12512,0
1,2018-02-20 04:16:00,train,1588,13805,6,746,0,5309,1562,8496,0.0021066156222075143,13805,0
1,2018-02-20 04:17:00,train,1667,13167,9,900,0,5187,1536,7980,0.0018676936881531258,13167,0
1,2018-02-20 04:18:00,train,1612,13066,5,817,0,5126,1540,7940,0.0019738676253363585,13066,0
1,2018-02-20 04:19:00,train,1709,14477,7,846,0,5128,1619,9349,0.0017567828673930412,14477,0
1,2018-02-20 04:20:00,train,1673,12330,4,848,0,4915,1511,7415,0.0017570790803558916,12330,0
1,2018-02-20 04:21:00,train,1751,13173,7,898,0,5766,1562,7407,0.0018817002529167006,13173,0
1,2018-02-20 04:22:00,train,1646,12899,6,829,0,5771,1556,7128,0.0021313527867132995,12899,0
1,2018-02-20 04:23:00,train,1760,13493,6,904,0,6019,1627,7474,0.0019442219236136234,13493,0
1,2018-02-20 04:24:00,train,1611,12726,7,822,0,5438,1510,7288,0.002096610646525633,12726,0
1,2018-02-20 04:25:00,train,1783,15585,6,950,0,5656,1607,9929,0.0017801244198701667,15585,0
1,2018-02-20 04:26:00,train,1531,12548,5,781,0,5057,1468,7491,0.0021588692084715446,12548,0
1,2018-02-20 04:27:00,train,1767,15082,6,922,0,5776,1926,9306,0.0018509723693664072,15082,0
1,2018-02-20 04:28:00,train,1762,16175,6,925,0,7233,1666,8942,0.0023310586738393532,16175,0
1,2018-02-20 04:29:00,train,1774,15077,8,908,0,6845,1799,8232,0.002176261611762559,15077,0
1,2018-02-20 04:30:00,train,1781,15219,4,860,0,6245,1755,8974,0.001969919689102827,15219,0
1,2018-02-20 04:31:00,train,1504,12324,8,807,0,5121,1463,7203,0.0022654159765575234,12324,0
1,2018-02-20 04:32:00,train,1564,13007,6,798,0,5311,1750,7696,0.002172603999456747,13007,0
1,2018-02-20 04:33:00,train,1619,12867,8,859,0,5408,1679,7459,0.0020644830279491606,12867,0
1,2018-02-20 04:34:00,train,1571,11852,7,852,0,4853,1405,6999,0.0019675893077961623,11852,0
1,2018-02-20 04:35:00,train,1482,10953,6,768,0,4623,1352,6330,0.0021063019570429216,10953,0
1,2018-02-20 04:36:00,train,1547,13182,6,808,0,5393,1469,7789,0.002254917291824681,13182,0
1,2018-02-20 04:37:00,train,1641,13566,4,811,0,5311,1595,8255,0.0019734397526790623,13566,0
1,2018-02-20 04:38:00,train,1575,13238,9,793,0,5150,1491,8088,0.0020774086847784434,13238,0
1,2018-02-20 04:39:00,train,1636,15537,5,800,0,5644,1667,9893,0.0021100169728509154,15537,0
1,2018-02-20 04:40:00,train,1465,13533,6,700,0,4932,1431,8601,0.0022995579925026576,13533,0
1,2018-02-20 04:41:00,train,1622,16606,6,850,0,5649,1560,10957,0.002148511635584434,16606,0
1,2018-02-20 04:42:00,train,1535,12941,6,748,0,5496,1388,7445,0.002334065206035614,12941,0
1,2018-02-20 04:43:00,train,1632,14506,7,839,0,5566,1649,8940,0.0020910724804943438,14506,0
1,2018-02-20 04:44:00,train,1628,14169,7,761,0,5688,1777,8481,0.0021474231677058968,14169,0
1,2018-02-20 04:45:00,train,1709,14504,5,878,0,5871,1843,8633,0.0020113245348019784,14504,0
1,2018-02-20 04:46:00,train,1681,13556,7,812,0,5640,1651,7916,0.001997110563440129,13556,0
1,2018-02-20 04:47:00,train,1684,12820,4,862,0,5041,1623,7779,0.0017786499901911387,12820,0
1,2018-02-20 04:48:00,train,1735,14389,12,843,0,4985,1772,9404,0.0016569774205664636,14389,0
1,2018-02-20 04:49:00,train,1635,13538,5,842,0,5163,1604,8375,0.0019325570166080874,13538,0
1,2018-02-20 04:50:00,train,1673,13342,6,855,0,5764,1501,7578,0.00206059080756284,13342,0
1,2018-02-20 04:51:00,train,1604,12405,7,809,0,4899,1455,7506,0.0019053271375522516,12405,0
1,2018-02-20 04:52:00,train,1733,13727,6,937,0,5649,1524,8078,0.0018820238569595236,13727,0
1,2018-02-20 04:53:00,train,1656,12991,8,827,0,5062,1508,7929,0.0018469868791686735,12991,0
1,2018-02-20 04:54:00,train,1615,12648,6,797,0,5280,1534,7368,0.0020256194827764796,12648,0
1,2018-02-20 04:55:00,train,1575,13003,6,764,0,5452,1464,7551,0.0021992295435751597,13003,0
1,2018-02-20 04:56:00,train,1549,14545,7,755,0,5258,1464,9287,0.002192795885650991,14545,0
1,2018-02-20 04:57:00,train,1671,14654,6,883,0,5364,1576,9290,0.0019221879400982596,14654,0
1,2018-02-20 04:58:00,train,1722,15052,4,929,0,5995,1630,9057,0.002022903519480949,15052,0
1,2018-02-20 04:59:00,train,1640,14848,8,863,0,6654,1515,8194,0.0024754832661200315,14848,0
1,2018-02-20 05:00:00,train,1444,9903,7,756,0,4685,1173,5218,0.002248412913232858,9903,0
1,2018-02-20 05:01:00,train,1531,10937,7,850,0,4932,1281,6005,0.0021055058208783186,10937,0
1,2018-02-20 05:02:00,train,1489,10517,7,798,0,4538,1450,5979,0.0020481740650071852,10517,0
1,2018-02-20 05:03:00,train,1357,9107,7,737,0,4465,1199,4642,0.0024265091093271423,9107,0
1,2018-02-20 05:04:00,train,1356,8699,6,720,0,4058,1146,4641,0.002208579607919973,8699,0
1,2018-02-20 05:05:00,train,1228,7509,4,674,0,4043,904,3466,0.0026832479844115437,7509,0
1,2018-02-20 05:06:00,train,1268,7846,8,684,0,3359,1008,4487,0.002090807914570049,7846,0
1,2018-02-20 05:07:00,train,1189,6909,8,679,0,3804,823,3105,0.0026930363347520622,6909,0
1,2018-02-20 05:08:00,train,1190,8240,6,691,0,3718,1172,4522,0.0026277289721607735,8240,0
1,2018-02-20 05:09:00,train,1286,8819,9,732,0,3574,1159,5245,0.0021627705732491787,8819,0
1,2018-02-20 05:10:00,train,1546,10469,6,921,0,3951,1210,6518,0.0016541277835692486,10469,0
1,2018-02-20 05:11:00,train,1368,10867,4,814,0,3564,1158,7303,0.0019058252800985638,10867,0
1,2018-02-20 05:12:00,train,1352,10499,2,789,0,4679,1027,5820,0.0025616571551206864,10499,0
1,2018-02-20 05:13:00,train,1290,8526,7,737,0,4398,941,4128,0.0026449203456799034,8526,0
1,2018-02-20 05:14:00,train,1363,9397,5,781,0,4136,1358,5261,0.002227960909413135,9397,0
1,2018-02-20 05:15:00,train,1331,8923,6,786,0,3639,1020,5284,0.0020556650830683017,8923,0
1,2018-02-20 05:16:00,train,1364,9753,4,806,0,4015,1060,5738,0.0021596099685229453,9753,0
1,2018-02-20 05:17:00,train,1423,10690,3,797,0,4632,1242,6058,0.0022890962517531453,10690,0
1,2018-02-20 05:18:00,train,1493,11792,5,890,0,5001,1488,6791,0.0022450614036190336,11792,0
1,2018-02-20 05:19:00,train,1623,12934,6,933,0,4917,1641,8017,0.0018678020107076678,12934,0
1,2018-02-20 05:20:00,train,1643,11092,6,940,0,4678,1298,6414,0.0017340016294722452,11092,0
1,2018-02-20 05:21:00,train,1457,8702,6,826,0,4126,1146,4576,0.0019449493540090658,8702,0
1,2018-02-20 05:22:00,train,1565,9485,7,870,0,4228,1177,5257,0.0017273640946863535,9485,0
1,2018-02-20 05:23:00,train,1339,7272,6,801,0,3622,932,3650,0.0020216769313377786,7272,0
1,2018-02-20 05:24:00,train,1387,8768,8,881,0,3773,1087,4995,0.001962669230153008,8768,0
1,2018-02-20 05:25:00,train,1339,7840,3,826,0,4262,924,3578,0.0023789031146774194,7840,0
1,2018-02-20 05:26:00,train,1351,9487,4,827,0,3946,999,5541,0.0021635551169229927,9487,0
1,2018-02-20 05:27:00,train,1310,11410,6,783,0,4114,1015,7296,0.0023991275899672847,11410,0
1,2018-02-20 05:28:00,train,1575,13558,4,975,0,5200,1388,8358,0.0020975777011355157,13558,0
1,2018-02-20 05:29:00,train,1467,11319,5,846,0,5125,1197,6194,0.0023830315136737184,11319,0
1,2018-02-20 05:30:00,train,1003,4497,2,744,0,2185,758,2312,0.0021741163734345864,4497,0
1,2018-02-20 05:31:00,train,291,1047,2,206,0,605,118,442,0.007169095864438915,1047,0
1,2018-02-20 05:32:00,train,245,1049,2,159,0,470,121,579,0.007862161257945801,1049,0
1,2018-02-20 05:33:00,train,216,988,2,139,0,361,112,627,0.007773471145564169,988,0
1,2018-02-20 05:34:00,train,177,633,3,135,0,306,76,327,0.009822804314329739,633,0
1,2018-02-20 05:35:00,train,129,506,2,95,0,220,64,286,0.013323643410852713,506,0
1,2018-02-20 05:36:00,train,115,357,2,89,0,206,45,151,0.015713196033562166,357,0
1,2018-02-20 05:37:00,train,99,299,2,77,0,175,40,124,0.018037518037518036,299,0
1,2018-02-20 05:38:00,train,110,413,3,80,0,169,47,244,0.014095079232693911,413,0
1,2018-02-20 05:39:00,train,66,237,2,53,0,109,28,128,0.025407925407925407,237,0
1,2018-02-20 05:40:00,train,67,204,2,55,0,102,22,102,0.023066485753052916,204,0
1,2018-02-20 05:41:00,train,58,207,4,48,0,77,18,130,0.023290986085904415,207,0
1,2018-02-20 05:42:00,train,80,199,2,65,0,127,22,72,0.02009493670886076,199,0
1,2018-02-20 05:43:00,train,56,159,2,49,0,87,18,72,0.028246753246753246,159,0
1,2018-02-20 05:44:00,train,59,160,3,49,0,92,17,68,0.026884862653419054,160,0
1,2018-02-20 05:45:00,train,63,235,2,44,0,101,31,134,0.025857654889912953,235,0
1,2018-02-20 05:46:00,train,65,262,2,51,0,89,36,173,0.02139423076923077,262,0
1,2018-02-20 05:47:00,train,59,146,2,44,0,88,20,58,0.02571595558153127,146,0
1,2018-02-20 05:48:00,train,64,157,2,54,0,89,21,68,0.0220734126984127,157,0
1,2018-02-20 05:49:00,train,61,267,3,41,0,88,28,179,0.024043715846994537,267,0
1,2018-02-20 05:50:00,train,57,180,3,43,0,78,23,102,0.02443609022556391,180,0
1,2018-02-20 05:51:00,train,57,162,2,42,0,80,21,82,0.02506265664160401,162,0
1,2018-02-20 05:52:00,train,69,203,2,50,0,105,26,98,0.02237851662404092,203,0
1,2018-02-20 05:53:00,train,53,129,2,46,0,76,18,53,0.027576197387518143,129,0
1,2018-02-20 05:54:00,train,61,252,2,46,0,90,25,162,0.02459016393442623,252,0
1,2018-02-20 05:55:00,train,61,165,2,47,0,80,20,85,0.02185792349726776,165,0
1,2018-02-20 05:56:00,train,65,187,2,52,0,100,28,87,0.02403846153846154,187,0
1,2018-02-20 05:57:00,train,62,166,2,51,0,87,21,79,0.023003701745108407,166,0
1,2018-02-20 05:58:00,train,74,175,2,61,0,108,18,67,0.01999259533506109,175,0
1,2018-02-20 05:59:00,train,75,244,2,62,0,117,31,127,0.02108108108108108,244,0
1,2018-02-20 06:00:00,train,70,247,2,49,0,98,28,149,0.020289855072463767,247,0
1,2018-02-20 06:01:00,train,78,235,2,61,0,113,29,122,0.018814518814518816,235,0
1,2018-02-20 06:02:00,train,77,283,2,59,0,121,38,162,0.020676691729323307,283,0
1,2018-02-20 06:03:00,train,63,217,2,47,0,91,27,126,0.023297491039426525,217,0
1,2018-02-20 06:04:00,train,66,162,2,55,0,87,16,75,0.02027972027972028,162,0
1,2018-02-20 06:05:00,train,60,175,2,47,0,87,18,88,0.02457627118644068,175,0
1,2018-02-20 06:06:00,train,89,280,2,65,0,132,29,148,0.016853932584269662,280,0
1,2018-02-20 06:07:00,train,54,128,2,48,0,67,15,61,0.023410202655485674,128,0
1,2018-02-20 06:08:00,train,86,276,3,65,0,106,30,170,0.014500683994528044,276,0
1,2018-02-20 06:09:00,train,62,167,2,43,0,92,24,75,0.024325753569539928,167,0
1,2018-02-20 06:10:00,train,51,111,2,42,0,67,20,44,0.02627450980392157,111,0
1,2018-02-20 06:11:00,train,52,164,2,42,0,75,19,89,0.02828054298642534,164,0
1,2018-02-20 06:12:00,train,45,131,2,29,0,68,18,63,0.03434343434343434,131,0
1,2018-02-20 06:13:00,train,40,108,2,32,0,57,15,51,0.03653846153846154,108,0
1,2018-02-20 06:14:00,train,41,90,2,32,0,57,14,33,0.03475609756097561,90,0
1,2018-02-20 06:15:00,train,34,80,2,29,0,45,13,35,0.040106951871657755,80,0
1,2018-02-20 06:16:00,train,45,103,2,38,0,57,16,46,0.02878787878787879,103,0
1,2018-02-20 06:17:00,train,41,89,2,36,0,55,8,34,0.03353658536585366,89,0
1,2018-02-20 06:18:00,train,38,96,2,32,0,51,12,45,0.03627311522048364,96,0
1,2018-02-20 06:19:00,train,40,99,2,34,0,53,16,46,0.03397435897435897,99,0
1,2018-02-20 06:20:00,train,37,89,2,34,0,49,11,40,0.03678678678678678,89,0
1,2018-02-20 06:21:00,train,35,91,2,31,0,47,13,44,0.03949579831932773,91,0
1,2018-02-20 06:22:00,train,29,73,2,24,0,39,12,34,0.0480295566502463,73,0
1,2018-02-20 06:23:00,train,33,80,2,28,0,44,6,36,0.041666666666666664,80,0
1,2018-02-20 06:24:00,train,36,91,2,28,0,48,12,43,0.0380952380952381,91,0
1,2018-02-20 06:25:00,train,40,94,2,32,0,58,13,36,0.03717948717948718,94,0
1,2018-02-20 06:26:00,train,40,90,2,32,0,53,12,37,0.03397435897435897,90,0
1,2018-02-20 06:27:00,train,35,77,2,33,0,42,8,35,0.03529411764705882,77,0
1,2018-02-20 06:28:00,train,31,84,3,24,0,43,13,41,0.046236559139784944,84,0
1,2018-02-20 06:29:00,train,40,108,2,36,0,62,17,46,0.03974358974358974,108,0
1,2018-02-20 06:30:00,train,28,60,3,25,0,36,12,24,0.047619047619047616,60,0
1,2018-02-20 06:31:00,train,44,102,2,35,0,58,15,44,0.0306553911205074,102,0
1,2018-02-20 06:32:00,train,31,86,2,26,0,39,16,47,0.041935483870967745,86,0
1,2018-02-20 06:33:00,train,38,74,2,34,0,42,10,32,0.029871977240398292,74,0
1,2018-02-20 06:34:00,train,30,68,2,26,0,37,11,31,0.04252873563218391,68,0
1,2018-02-20 06:35:00,train,35,71,2,34,0,41,10,30,0.034453781512605045,71,0
1,2018-02-20 06:36:00,train,33,69,2,31,0,44,10,25,0.041666666666666664,69,0
1,2018-02-20 06:37:00,train,39,84,3,36,0,50,9,34,0.033738191632928474,84,0
1,2018-02-20 06:38:00,train,33,72,2,29,0,43,9,29,0.04071969696969697,72,0
1,2018-02-20 06:39:00,train,43,87,2,36,0,54,13,33,0.029900332225913623,87,0
1,2018-02-20 06:40:00,train,35,78,2,28,0,47,14,31,0.03949579831932773,78,0
1,2018-02-20 06:41:00,train,38,60,2,36,0,44,8,16,0.031294452347083924,60,0
1,2018-02-20 06:42:00,train,34,71,2,29,0,45,10,26,0.040106951871657755,71,0
1,2018-02-20 06:43:00,train,39,84,2,31,0,52,16,32,0.03508771929824561,84,0
1,2018-02-20 06:44:00,train,32,62,2,29,0,42,10,20,0.04233870967741935,62,0
1,2018-02-20 06:45:00,train,38,84,2,32,0,55,14,29,0.03911806543385491,84,0
1,2018-02-20 06:46:00,train,31,65,2,25,0,46,11,19,0.04946236559139785,65,0
1,2018-02-20 06:47:00,train,37,72,2,31,0,47,15,25,0.03528528528528529,72,0
1,2018-02-20 06:48:00,train,28,49,2,25,0,32,11,17,0.042328042328042326,49,0
1,2018-02-20 06:49:00,train,30,73,2,24,0,39,13,34,0.04482758620689655,73,0
1,2018-02-20 06:50:00,train,31,55,2,26,0,39,8,16,0.041935483870967745,55,0
1,2018-02-20 06:51:00,train,36,75,2,29,0,51,10,24,0.04047619047619048,75,0
1,2018-02-20 06:52:00,train,33,56,2,30,0,38,11,18,0.03598484848484849,56,0
1,2018-02-20 06:53:00,train,31,72,2,27,0,42,11,30,0.04516129032258064,72,0
1,2018-02-20 06:54:00,train,29,62,3,23,0,37,10,25,0.04556650246305419,62,0
1,2018-02-20 06:55:00,train,33,57,2,29,0,44,7,13,0.041666666666666664,57,0
1,2018-02-20 06:56:00,train,37,84,2,32,0,53,9,31,0.03978978978978979,84,0
1,2018-02-20 06:57:00,train,35,67,2,30,0,50,8,17,0.04201680672268908,67,0
1,2018-02-20 06:58:00,train,40,70,3,37,0,48,9,22,0.03076923076923077,70,0
1,2018-02-20 06:59:00,train,37,91,2,30,0,57,18,34,0.04279279279279279,91,0
1,2018-02-20 07:00:00,train,36,67,2,33,0,42,9,25,0.03333333333333333,67,0
1,2018-02-20 07:01:00,train,41,84,2,36,0,50,14,34,0.03048780487804878,84,0
1,2018-02-20 07:02:00,train,37,71,2,32,0,49,12,22,0.03678678678678678,71,0
1,2018-02-20 07:03:00,train,37,65,2,33,0,45,10,20,0.033783783783783786,65,0
1,2018-02-20 07:04:00,train,35,76,2,32,0,48,11,28,0.040336134453781515,76,0
1,2018-02-20 07:05:00,train,32,64,3,29,0,38,13,26,0.038306451612903226,64,0
1,2018-02-20 07:06:00,train,28,49,2,26,0,34,8,15,0.04497354497354497,49,0
1,2018-02-20 07:07:00,train,36,75,2,30,0,46,14,29,0.03650793650793651,75,0
1,2018-02-20 07:08:00,train,40,65,3,37,0,43,10,22,0.027564102564102563,65,0
1,2018-02-20 07:09:00,train,33,61,2,31,0,40,10,21,0.03787878787878788,61,0
1,2018-02-20 07:10:00,train,29,52,2,25,0,32,10,20,0.03940886699507389,52,0
1,2018-02-20 07:11:00,train,32,70,2,28,0,45,12,25,0.04536290322580645,70,0
1,2018-02-20 07:12:00,train,26,41,2,23,0,28,5,13,0.043076923076923075,41,0
1,2018-02-20 07:13:00,train,31,68,2,27,0,42,8,26,0.04516129032258064,68,0
1,2018-02-20 07:14:00,train,27,39,2,26,0,28,6,11,0.039886039886039885,39,0
1,2018-02-20 07:15:00,train,21,36,3,18,0,25,6,11,0.05952380952380952,36,0
1,2018-02-20 07:16:00,train,35,57,2,31,0,43,9,14,0.03613445378151261,57,0
1,2018-02-20 07:17:00,train,22,38,1,22,0,26,5,12,0.05627705627705628,38,0
1,2018-02-20 07:18:00,train,30,53,2,26,0,37,9,16,0.04252873563218391,53,0
1,2018-02-20 07:19:00,train,26,54,2,22,0,32,9,22,0.04923076923076923,54,0
1,2018-02-20 07:20:00,train,26,37,2,24,0,26,8,11,0.04,37,0
1,2018-02-20 07:21:00,train,33,60,2,27,0,44,10,16,0.041666666666666664,60,0
1,2018-02-20 07:22:00,train,25,44,2,24,0,29,6,15,0.04833333333333333,44,0
1,2018-02-20 07:23:00,train,28,55,2,23,0,36,9,19,0.047619047619047616,55,0
1,2018-02-20 07:24:00,train,30,62,2,25,0,39,8,23,0.04482758620689655,62,0
1,2018-02-20 07:25:00,train,28,35,3,27,0,26,4,9,0.03439153439153439,35,0
1,2018-02-20 07:26:00,train,34,61,2,29,0,42,8,19,0.0374331550802139,61,0
1,2018-02-20 07:27:00,train,30,52,2,29,0,36,9,16,0.041379310344827586,52,0
1,2018-02-20 07:28:00,train,32,65,2,31,0,41,7,24,0.04133064516129032,65,0
1,2018-02-20 07:29:00,train,34,78,2,31,0,52,10,26,0.04634581105169341,78,0
1,2018-02-20 07:30:00,train,39,63,2,36,0,48,9,15,0.032388663967611336,63,0
1,2018-02-20 07:31:00,train,30,58,3,26,0,37,8,21,0.04252873563218391,58,0
1,2018-02-20 07:32:00,train,29,42,2,28,0,36,6,6,0.04433497536945813,42,0
1,2018-02-20 07:33:00,train,25,55,2,22,0,31,8,24,0.051666666666666666,55,0
1,2018-02-20 07:34:00,train,30,55,2,27,0,38,8,17,0.04367816091954023,55,0
1,2018-02-20 07:35:00,train,28,53,2,26,0,34,10,19,0.04497354497354497,53,0
1,2018-02-20 07:36:00,train,30,42,2,29,0,31,8,11,0.035632183908045977,42,0
1,2018-02-20 07:37:00,train,26,37,2,24,0,29,7,8,0.04461538461538461,37,0
1,2018-02-20 07:38:00,train,28,57,2,26,0,33,10,24,0.04365079365079365,57,0
1,2018-02-20 07:39:00,train,36,62,2,33,0,41,9,21,0.03253968253968254,62,0
1,2018-02-20 07:40:00,train,33,55,2,29,0,39,7,16,0.036931818181818184,55,0
1,2018-02-20 07:41:00,train,30,45,2,27,0,33,6,12,0.03793103448275862,45,0
1,2018-02-20 07:42:00,train,30,64,2,21,0,42,13,22,0.04827586206896552,64,0
1,2018-02-20 07:43:00,train,30,45,2,28,0,31,6,14,0.035632183908045977,45,0
1,2018-02-20 07:44:00,train,23,39,2,22,0,24,4,15,0.04743083003952569,39,0
1,2018-02-20 07:45:00,train,23,25,3,22,0,21,4,4,0.041501976284584984,25,0
1,2018-02-20 07:46:00,train,25,42,2,23,0,29,6,13,0.04833333333333333,42,0
1,2018-02-20 07:47:00,train,23,39,2,18,0,26,8,13,0.05138339920948617,39,0
1,2018-02-20 07:48:00,train,24,41,1,18,0,31,7,10,0.05615942028985507,41,0
1,2018-02-20 07:49:00,train,25,41,3,22,0,26,6,15,0.043333333333333335,41,0
1,2018-02-20 07:50:00,train,29,50,2,25,0,33,9,17,0.04064039408866995,50,0
1,2018-02-20 07:51:00,train,30,43,2,27,0,33,6,10,0.03793103448275862,43,0
1,2018-02-20 07:52:00,train,29,64,2,24,0,32,12,32,0.03940886699507389,64,0
1,2018-02-20 07:53:00,train,21,27,3,19,0,20,5,7,0.047619047619047616,27,0
1,2018-02-20 07:54:00,train,19,32,2,15,0,21,7,11,0.06140350877192982,32,0
1,2018-02-20 07:55:00,train,24,38,2,22,0,26,5,12,0.04710144927536232,38,0
1,2018-02-20 07:56:00,train,17,23,2,16,0,17,5,6,0.0625,23,0
1,2018-02-20 07:57:00,train,24,42,2,20,0,29,5,13,0.05253623188405797,42,0
1,2018-02-20 07:58:00,train,16,28,2,15,0,15,5,13,0.0625,28,0
1,2018-02-20 07:59:00,train,31,59,2,23,0,43,10,16,0.046236559139784944,59,0
1,2018-02-20 08:00:00,train,23,51,2,19,0,26,10,25,0.05138339920948617,51,0
1,2018-02-20 08:01:00,train,23,47,1,18,0,28,7,19,0.05533596837944664,47,0
1,2018-02-20 08:02:00,train,19,29,2,16,0,21,4,8,0.06140350877192982,29,0
1,2018-02-20 08:03:00,train,23,51,2,18,0,29,9,22,0.05731225296442688,51,0
1,2018-02-20 08:04:00,train,17,23,2,16,0,18,2,5,0.0661764705882353,23,0
1,2018-02-20 08:05:00,train,20,36,1,16,0,25,6,11,0.06578947368421052,36,0
1,2018-02-20 08:06:00,train,29,62,2,25,0,33,9,29,0.04064039408866995,62,0
1,2018-02-20 08:07:00,train,11,15,3,9,0,10,3,5,0.09090909090909091,15,0
1,2018-02-20 08:08:00,train,17,26,1,16,0,18,3,8,0.0661764705882353,26,0
1,2018-02-20 08:09:00,train,12,13,2,12,0,10,3,3,0.07575757575757576,13,0
1,2018-02-20 08:10:00,train,18,34,2,13,0,21,6,13,0.06862745098039216,34,0
1,2018-02-20 08:11:00,train,16,21,2,14,0,16,4,5,0.06666666666666667,21,0
1,2018-02-20 08:12:00,train,17,21,3,16,0,15,3,6,0.05514705882352941,21,0
1,2018-02-20 08:13:00,train,19,28,2,17,0,20,3,8,0.05847953216374269,28,0
1,2018-02-20 08:14:00,train,18,34,2,15,0,20,6,14,0.06535947712418301,34,0
1,2018-02-20 08:15:00,train,14,21,2,12,0,14,4,7,0.07692307692307693,21,0
1,2018-02-20 08:16:00,train,17,20,3,14,0,17,2,3,0.0625,20,0
1,2018-02-20 08:17:00,train,20,30,3,16,0,21,4,9,0.05526315789473684,30,0
1,2018-02-20 08:18:00,train,9,11,3,7,0,8,2,3,0.1111111111111111,11,0
1,2018-02-20 08:19:00,train,20,39,1,15,0,24,7,15,0.06315789473684211,39,0
1,2018-02-20 08:20:00,train,16,24,3,13,0,16,5,8,0.06666666666666667,24,0
1,2018-02-20 08:21:00,train,15,26,2,12,0,16,4,10,0.0761904761904762,26,0
1,2018-02-20 08:22:00,train,10,13,2,8,0,10,2,3,0.1111111111111111,13,0
1,2018-02-20 08:23:00,train,9,11,2,9,0,7,1,4,0.09722222222222222,11,0
1,2018-02-20 08:24:00,train,8,12,1,8,0,7,3,5,0.125,12,0
1,2018-02-20 08:25:00,train,8,11,1,8,0,7,3,4,0.125,11,0
1,2018-02-20 08:26:00,train,9,8,2,9,0,7,1,1,0.09722222222222222,8,0
1,2018-02-20 08:27:00,train,11,16,1,10,0,11,3,5,0.1,16,0
1,2018-02-20 08:28:00,train,1171,15680,2,687,0,4140,1596,11540,0.0030217434145700583,15680,0
1,2018-02-20 08:29:00,train,2170,30906,2,1120,0,9120,3332,21786,0.0019376509806171163,30906,0
1,2018-02-20 08:30:00,train,1738,11340,2,927,0,6292,1563,5048,0.002084198713043732,11340,0
1,2018-02-20 08:31:00,train,1814,14880,2,741,0,7927,1978,6953,0.0024103148217181924,14880,0
1,2018-02-20 08:32:00,train,1685,16842,3,700,0,7676,1811,9166,0.002705160103469907,16842,0
1,2018-02-20 08:33:00,train,1546,14486,4,817,0,5387,1708,9099,0.0022553243153853562,14486,0
1,2018-02-20 08:34:00,train,1601,15398,4,801,0,5826,1832,9572,0.0022743597751405374,15398,0
1,2018-02-20 08:35:00,train,1652,12697,5,831,0,5954,1391,6743,0.00218298983813464,12697,0
1,2018-02-20 08:36:00,train,1602,13296,5,826,0,6262,1354,7034,0.0024415140038100405,13296,0
1,2018-02-20 08:37:00,train,1810,14478,7,939,0,5693,1612,8785,0.001738697549697797,14478,0
1,2018-02-20 08:38:00,train,1795,19186,11,885,0,6249,2074,12937,0.0019405446194837015,19186,0
1,2018-02-20 08:39:00,train,1701,16987,7,765,0,6652,1957,10335,0.0023003769408998166,16987,0
1,2018-02-20 08:40:00,train,1665,11557,8,779,0,5743,1438,5814,0.0020728661353661354,11557,0
1,2018-02-20 08:41:00,train,1760,13500,6,927,0,6052,1542,7448,0.001954881389219081,13500,0
1,2018-02-20 08:42:00,train,1869,16465,6,1046,0,6244,1758,10221,0.0017884496627609493,16465,0
1,2018-02-20 08:43:00,train,1825,14113,5,1000,0,5497,1612,8616,0.0016513458303292479,14113,0
1,2018-02-20 08:44:00,train,1707,14804,6,873,0,5994,1588,8810,0.002058278751516925,14804,0
1,2018-02-20 08:45:00,train,1792,12120,7,848,0,5874,1469,6246,0.0018302075855467816,12120,0
1,2018-02-20 08:46:00,train,1767,13582,6,978,0,5929,1550,7653,0.0019000026277654829,13582,0
1,2018-02-20 08:47:00,train,1749,12693,6,985,0,5336,1524,7357,0.0017453582498269688,12693,0
1,2018-02-20 08:48:00,train,1671,10855,6,932,0,4944,1341,5911,0.0017716810544082392,10855,0
1,2018-02-20 08:49:00,train,1848,14617,7,959,0,6365,1817,8252,0.001864788342860893,14617,0
1,2018-02-20 08:50:00,train,1712,11873,5,916,0,5788,1524,6085,0.001975944547922459,11873,0
1,2018-02-20 08:51:00,train,1589,10781,9,892,0,4996,1325,5785,0.0019799217859560294,10781,0
1,2018-02-20 08:52:00,train,1753,13083,8,965,0,5991,1573,7092,0.0019506677398432432,13083,0
1,2018-02-20 08:53:00,train,1733,12017,11,987,0,5162,1469,6855,0.001719774676867598,12017,0
1,2018-02-20 08:54:00,train,1718,11841,7,946,0,5569,1473,6272,0.0018879207649587803,11841,0
1,2018-02-20 08:55:00,train,1940,16333,8,1048,0,6600,2019,9733,0.0017545445361888102,16333,0
1,2018-02-20 08:56:00,train,2193,19551,3,1208,0,7518,2066,12033,0.0015639509920416987,19551,0
1,2018-02-20 08:57:00,train,1769,11843,5,1023,0,6138,1315,5705,0.0019625321972942763,11843,0
1,2018-02-20 08:58:00,train,1577,14451,6,883,0,6118,1597,8333,0.0024616231423154546,14451,0
1,2018-02-20 08:59:00,train,1472,17506,7,757,0,5769,1869,11737,0.002664281175183992,17506,0
1,2018-02-20 09:00:00,train,1607,14425,8,752,0,5726,1846,8699,0.0022186557720309886,14425,0
1,2018-02-20 09:01:00,train,1639,13273,2,808,0,5860,1477,7413,0.0021827538606062095,13273,0
1,2018-02-20 09:02:00,train,1635,13618,6,817,0,5973,1634,7645,0.0022357472516366657,13618,0
1,2018-02-20 09:03:00,train,1637,14193,3,836,0,5889,1607,8304,0.002198920740277178,14193,0
1,2018-02-20 09:04:00,train,1694,15959,8,895,0,5499,1746,10460,0.0019174027926645658,15959,0
1,2018-02-20 09:05:00,train,1761,13280,9,958,0,6414,1410,6866,0.0020694595013164008,13280,0
1,2018-02-20 09:06:00,train,1618,12118,7,887,0,5617,1341,6501,0.0021469201232577535,12118,0
1,2018-02-20 09:07:00,train,1573,11135,9,763,0,5739,1371,5396,0.002320892154341148,11135,0
1,2018-02-20 09:08:00,train,1726,14227,7,898,0,5643,1586,8584,0.001895309587384755,14227,0
1,2018-02-20 09:09:00,train,1967,15896,8,1107,0,6179,1820,9717,0.0015978290832303714,15896,0
1,2018-02-20 09:10:00,train,2059,14734,8,1182,0,6145,1840,8589,0.0014501741860971128,14734,0
1,2018-02-20 09:11:00,train,1905,13173,9,1025,0,5840,1593,7333,0.0016100928560400538,13173,0
1,2018-02-20 09:12:00,train,1819,12642,8,908,0,6027,1603,6615,0.0018225296966200193,12642,0
1,2018-02-20 09:13:00,train,1777,13584,8,954,0,6436,1508,7148,0.002039321257104037,13584,0
1,2018-02-20 09:14:00,train,1761,14999,7,841,0,6184,1618,8815,0.001995250632388622,14999,0
1,2018-02-20 09:15:00,train,1739,14324,7,903,0,5792,1433,8532,0.001916369274300866,14324,0
1,2018-02-20 09:16:00,train,1764,12658,8,960,0,5727,1520,6931,0.0018415193644105402,12658,0
1,2018-02-20 09:17:00,train,1690,11962,8,934,0,5772,1463,6190,0.0020221341713348817,11962,0
1,2018-02-20 09:18:00,train,1866,14260,8,1062,0,5977,1618,8283,0.0017174843179343063,14260,0
1,2018-02-20 09:19:00,train,1920,15010,10,1052,0,5597,1756,9413,0.001519074604828904,15010,0
1,2018-02-20 09:20:00,train,1680,10491,3,923,0,5052,1327,5439,0.0017910320769165319,10491,0
1,2018-02-20 09:21:00,train,1669,9803,6,850,0,4915,1295,4888,0.0017655138920619046,9803,0
1,2018-02-20 09:22:00,train,1965,16124,8,1020,0,6432,1794,9692,0.0016666407549633868,16124,0
1,2018-02-20 09:23:00,train,2039,15950,4,1105,0,6072,1766,9878,0.0014612023346509502,15950,0
1,2018-02-20 09:24:00,train,1700,11383,2,959,0,5492,1376,5891,0.0019014645293078973,11383,0
1,2018-02-20 09:25:00,train,1757,10801,8,974,0,5305,1370,5496,0.0017194482726432376,10801,0
1,2018-02-20 09:26:00,train,1427,8818,15,810,0,3606,1195,5212,0.0017720755102702734,8818,0
1,2018-02-20 09:27:00,train,1581,12007,9,889,0,4625,1490,7382,0.0018514960087750902,12007,0
1,2018-02-20 09:28:00,train,1674,15491,11,844,0,6189,1839,9302,0.002209882018223225,15491,0
1,2018-02-20 09:29:00,train,1761,17542,3,858,0,6770,1917,10772,0.002184321924526354,17542,0
1,2018-02-20 09:30:00,train,1766,18242,7,777,0,6949,1834,11293,0.0022293943836842597,18242,0
1,2018-02-20 09:31:00,train,1852,18805,8,887,0,6643,1894,12162,0.0019378352487068456,18805,0
1,2018-02-20 09:32:00,train,1869,15523,7,943,0,6150,1731,9373,0.0017615255326681354,15523,0
1,2018-02-20 09:33:00,train,1720,14542,5,874,0,5839,1591,8703,0.001974850169785029,14542,0
1,2018-02-20 09:34:00,train,1533,12503,7,698,0,5666,1460,6837,0.002412546262469364,12503,0
1,2018-02-20 09:35:00,train,1783,15600,8,926,0,6068,1682,9532,0.001909794020468913,15600,0
1,2018-02-20 09:36:00,train,1937,16016,6,1039,0,7061,1759,8955,0.0018829172657726654,16016,0
1,2018-02-20 09:37:00,train,1937,16242,7,1071,0,6532,1963,9710,0.0017418518028646155,16242,0
1,2018-02-20 09:38:00,train,1825,14332,7,906,0,5956,1718,8376,0.0017892333573660177,14332,0
1,2018-02-20 09:39:00,train,1769,14438,7,834,0,6332,1776,8106,0.002024560748332903,14438,0
1,2018-02-20 09:40:00,train,1782,14964,7,889,0,6655,2022,8309,0.0020968938243877415,14964,0
1,2018-02-20 09:41:00,train,1883,15652,7,972,0,6730,1828,8922,0.001899088155502869,15652,0
1,2018-02-20 09:42:00,train,1743,13865,5,896,0,6212,1605,7653,0.002045907098955112,13865,0
1,2018-02-20 09:43:00,train,1887,14640,8,974,0,6142,1721,8498,0.0017258228848273138,14640,0
1,2018-02-20 09:44:00,train,1731,13782,6,851,0,5994,1617,7788,0.002001582833271556,13782,0
1,2018-02-20 09:45:00,train,1870,19867,7,885,0,7367,1933,12500,0.002107850290269325,19867,0
1,2018-02-20 09:46:00,train,1783,14796,8,893,0,6068,1554,8728,0.001909794020468913,14796,0
1,2018-02-20 09:47:00,train,1709,12954,5,845,0,6147,1611,6807,0.002105878370878515,12954,0
1,2018-02-20 09:48:00,train,1800,15271,9,880,0,6413,1876,8858,0.001980421221666358,15271,0
1,2018-02-20 09:49:00,train,1882,16420,7,998,0,6407,1873,10013,0.0018098655326688215,16420,0
1,2018-02-20 09:50:00,train,1865,15543,7,988,0,6150,1876,9393,0.00176909180867344,15543,0
1,2018-02-20 09:51:00,train,1700,11985,5,883,0,5787,1474,6198,0.002003600733995776,11985,0
1,2018-02-20 09:52:00,train,1767,12592,5,873,0,5647,1604,6945,0.0018096331318926768,12592,0
1,2018-02-20 09:53:00,train,1725,14514,7,866,0,6758,1628,7756,0.0022724368674131613,14514,0
1,2018-02-20 09:54:00,train,1550,12061,13,789,0,5120,1398,6941,0.0021324892230158896,12061,0
1,2018-02-20 09:55:00,train,1714,14293,8,987,0,5390,1682,8903,0.0018357797908913989,14293,0
1,2018-02-20 09:56:00,train,1678,12882,8,875,0,4938,1588,7944,0.0017547936998002136,12882,0
1,2018-02-20 09:57:00,train,1686,16449,8,792,0,6060,1900,10389,0.0021331193174018185,16449,0
1,2018-02-20 09:58:00,train,1795,20357,7,858,0,7414,2024,12943,0.0023023200206196454,20357,0
1,2018-02-20 09:59:00,train,1859,17902,5,862,0,6822,1892,11080,0.001975088751606099,17902,0
1,2018-02-20 10:00:00,train,1696,16486,8,728,0,6361,1741,10125,0.002212737240496466,16486,0
1,2018-02-20 10:01:00,train,1582,15220,6,693,0,5892,1516,9328,0.00235572390532005,15220,0
1,2018-02-20 10:02:00,train,1764,17083,9,827,0,6484,1884,10599,0.002084933046767582,17083,0
1,2018-02-20 10:03:00,train,1975,17725,6,984,0,7082,1982,10643,0.0018165262334397805,17725,0
1,2018-02-20 10:04:00,train,1751,12312,8,926,0,5243,1516,7069,0.0017110222729868646,12312,0
1,2018-02-20 10:05:00,train,1862,14566,7,930,0,6095,1785,8471,0.0017589263709669506,14566,0
1,2018-02-20 10:06:00,train,1690,12179,7,833,0,5576,1516,6603,0.0019534684926131845,12179,0
1,2018-02-20 10:07:00,train,1779,13924,6,911,0,6460,1606,7464,0.002042324810579116,13924,0
1,2018-02-20 10:08:00,train,1741,13980,8,883,0,5431,1648,8549,0.0017927997517611096,13980,0
1,2018-02-20 10:09:00,train,1649,12246,7,835,0,5020,1473,7226,0.0018472507609789987,12246,0
1,2018-02-20 10:10:00,train,1590,11547,7,764,0,5091,1509,6456,0.002015032594369308,11547,0
1,2018-02-20 10:11:00,train,1705,13641,5,877,0,5389,1556,8252,0.001854873129293847,13641,0
1,2018-02-20 10:12:00,train,1852,14396,8,990,0,5453,1792,8943,0.001590699324280962,14396,0
1,2018-02-20 10:13:00,train,1783,14332,9,942,0,5624,1931,8708,0.0017700529945809437,14202,130
1,2018-02-20 10:14:00,train,1754,22073,6,891,0,5903,1622,16170,0.0019198233879565312,13079,8994
1,2018-02-20 10:15:00,train,1703,21280,11,842,0,4966,1504,16314,0.00171329643616401,12078,9202
1,2018-02-20 10:16:00,train,1823,28076,7,860,0,6337,1838,21739,0.0019078695025690155,18983,9093
1,2018-02-20 10:17:00,train,1846,24789,7,975,0,6001,1645,18788,0.001761958031281288,15669,9120
1,2018-02-20 10:18:00,train,1743,23733,9,937,0,6254,1592,17479,0.0020597396968553235,14529,9204
1,2018-02-20 10:19:00,train,1812,23612,9,921,0,5944,1740,17668,0.0018113490893887367,14438,9174
1,2018-02-20 10:20:00,train,1714,22979,7,837,0,5625,1669,17354,0.0019158184274144932,13689,9290
1,2018-02-20 10:21:00,train,1854,22903,9,983,0,5654,1620,17249,0.001645775735548814,13719,9184
1,2018-02-20 10:22:00,train,1624,21645,10,819,0,5007,1506,16638,0.0018996476147983574,12423,9222
1,2018-02-20 10:23:00,train,1678,22983,10,946,0,5382,1564,17601,0.0019125758793691271,13776,9207
1,2018-02-20 10:24:00,train,1575,22198,9,870,0,5325,1486,16873,0.0021480002420281963,12957,9241
1,2018-02-20 10:25:00,train,1579,20663,9,840,0,5342,1549,15321,0.002143950503720007,11487,9176
1,2018-02-20 10:26:00,train,1661,21209,6,824,0,5845,1415,15364,0.0021198581200176985,12001,9208
1,2018-02-20 10:27:00,train,1600,24811,7,795,0,6457,1762,18354,0.0025238430268918074,15521,9290
1,2018-02-20 10:28:00,train,1676,27846,8,785,0,7610,1864,20236,0.0027107897267837425,18628,9218
1,2018-02-20 10:29:00,train,1755,27645,7,861,0,6727,1864,20918,0.0021853183768805206,18442,9203
1,2018-02-20 10:30:00,validation,2111,29703,9,1061,0,7735,2153,21968,0.0017365593449792443,20561,9142
1,2018-02-20 10:31:00,validation,1944,28626,7,937,0,7173,1844,21453,0.0018990297554373726,19351,9275
1,2018-02-20 10:32:00,validation,1786,24520,7,898,0,6040,1570,18480,0.001894598824972318,15338,9182
1,2018-02-20 10:33:00,validation,1760,22538,6,812,0,6282,1548,16256,0.0020291746343480284,13333,9205
1,2018-02-20 10:34:00,validation,1779,25665,7,907,0,7108,1700,18557,0.002247189590339993,16433,9232
1,2018-02-20 10:35:00,validation,1690,21438,3,918,0,5110,1387,16328,0.001790212338101394,12133,9305
1,2018-02-20 10:36:00,validation,1695,22296,8,901,0,5703,1512,16593,0.0019861875855439813,13125,9171
1,2018-02-20 10:37:00,validation,1774,23379,4,931,0,5965,1544,17414,0.0018964792569998049,14234,9145
1,2018-02-20 10:38:00,validation,1761,24154,6,964,0,5702,1717,18452,0.0018397346548964947,14929,9225
1,2018-02-20 10:39:00,validation,1819,24661,7,938,0,5734,1733,18927,0.0017339282031556646,15407,9254
1,2018-02-20 10:40:00,validation,1877,23711,6,965,0,6320,1708,17391,0.0017948161619787508,14523,9188
1,2018-02-20 10:41:00,validation,1802,22834,7,917,0,6144,1664,16690,0.0018931398945338667,13632,9202
1,2018-02-20 10:42:00,validation,1663,21351,4,838,0,5460,1535,15891,0.0019754651569192294,12089,9262
1,2018-02-20 10:43:00,validation,1616,21642,6,826,0,5372,1511,16270,0.002058363731109953,12450,9192
1,2018-02-20 10:44:00,validation,1894,24167,7,1046,0,5648,1673,18519,0.0015753029975940928,14938,9229
1,2018-02-20 10:45:00,validation,1833,22316,6,973,0,5810,1788,16506,0.0017301676922600456,13102,9214
1,2018-02-20 10:46:00,validation,1820,24258,9,954,0,5931,1712,18327,0.0017915289767956068,15022,9236
1,2018-02-20 10:47:00,validation,1718,24599,7,847,0,5847,1681,18752,0.001982164250801578,15416,9183
1,2018-02-20 10:48:00,validation,2013,26756,7,1045,0,6367,2025,20389,0.0015720382128490854,17528,9228
1,2018-02-20 10:49:00,validation,1842,24104,7,1024,0,5896,1691,18208,0.0017386575888452258,14832,9272
1,2018-02-20 10:50:00,validation,1782,22618,7,951,0,5590,1781,17028,0.0017613277953910558,13482,9136
1,2018-02-20 10:51:00,validation,1670,22885,4,907,0,5331,1651,17554,0.0019126516290367138,13647,9238
1,2018-02-20 10:52:00,validation,1622,23045,5,868,0,5213,1837,17832,0.001982685635741132,13903,9142
1,2018-02-20 10:53:00,validation,1706,23446,8,897,0,5728,1811,17718,0.0019692443093721314,14150,9296
1,2018-02-20 10:54:00,validation,1612,22213,7,793,0,5521,1475,16692,0.002125970183277806,12984,9229
1,2018-02-20 10:55:00,validation,1775,23511,12,851,0,5513,1670,17998,0.0017507979103482223,14261,9250
1,2018-02-20 10:56:00,validation,1696,22275,6,837,0,5933,1465,16342,0.002063853175265765,13080,9195
1,2018-02-20 10:57:00,validation,1991,30061,8,1003,0,7115,2072,22946,0.0017957694045314468,20887,9174
1,2018-02-20 10:58:00,validation,1983,30156,9,978,0,7868,2115,22288,0.0020018797518564714,20880,9276
1,2018-02-20 10:59:00,validation,1806,24330,6,913,0,6262,1657,18068,0.0019209590684176783,15143,9187
1,2018-02-20 11:00:00,test,1811,24457,6,793,0,6668,1780,17789,0.002034223026257585,15273,9184
1,2018-02-20 11:01:00,test,1789,24943,7,852,0,5965,1784,18978,0.0018648014275656729,15726,9217
1,2018-02-20 11:02:00,test,1651,23377,7,805,0,5280,1522,18097,0.0019382192610539067,14199,9178
1,2018-02-20 11:03:00,test,1687,23844,9,837,0,5844,1862,18000,0.0020546485896968023,14598,9246
1,2018-02-20 11:04:00,test,1722,22337,8,892,0,5656,1650,16681,0.0019085141461525016,13132,9205
1,2018-02-20 11:05:00,test,1601,20689,6,818,0,5164,1499,15525,0.0020159275452841974,11526,9163
1,2018-02-20 11:06:00,test,1816,24310,6,920,0,5594,1697,18716,0.0016971881409206199,15071,9239
1,2018-02-20 11:07:00,test,1849,23487,7,972,0,5703,1686,17784,0.001669031347235782,14363,9124
1,2018-02-20 11:08:00,test,1805,23862,6,985,0,6287,1660,17575,0.0019307663487110821,14602,9260
1,2018-02-20 11:09:00,test,1708,22443,7,879,0,6225,1573,16218,0.0021350987598934817,13231,9212
1,2018-02-20 11:10:00,test,1920,25882,7,997,0,7467,2000,18415,0.002026608910891089,16637,9245
1,2018-02-20 11:11:00,test,1968,25247,7,1087,0,6236,1902,19011,0.0016109299374640926,16052,9195
1,2018-02-20 11:12:00,test,1851,23105,7,986,0,6554,1672,16551,0.0019139398718004876,13938,9167
1,2018-02-20 11:13:00,test,1916,24524,6,1028,0,6819,1770,17705,0.0018584736477757732,15326,9198
1,2018-02-20 11:14:00,test,1845,22259,7,930,0,6114,1649,16145,0.0017970830467523764,13018,9241
1,2018-02-20 11:15:00,test,1932,23702,7,1038,0,6614,1800,17088,0.0017728614423275896,14676,9026
1,2018-02-20 11:16:00,test,1755,16776,7,928,0,5729,1687,11047,0.0018611102989666273,12103,4673
1,2018-02-20 11:17:00,test,1812,14704,7,961,0,5640,1607,9064,0.0017187094320579533,14704,0
1,2018-02-20 11:18:00,test,1765,16334,5,864,0,5887,1706,10447,0.0018908224290660552,16334,0
1,2018-02-20 11:19:00,test,1789,14174,10,1027,0,4850,1663,9324,0.0015162258044750232,14174,0
1,2018-02-20 11:20:00,test,1694,12996,6,978,0,5323,1476,7673,0.0018560347454725375,12996,0
1,2018-02-20 11:21:00,test,1740,13696,7,944,0,5366,1717,8330,0.0017733801299465277,13696,0
1,2018-02-20 11:22:00,test,1703,12926,7,792,0,5945,1625,6981,0.0020510566478040755,12926,0
1,2018-02-20 11:23:00,test,1708,13888,9,796,0,5833,1715,8055,0.002000647560876896,13888,0
1,2018-02-20 11:24:00,test,1787,16287,6,859,0,6165,1776,10122,0.0019316439308155015,16287,0
1,2018-02-20 11:25:00,test,1582,12278,7,741,0,5601,1453,6677,0.0022393770525623896,12278,0
1,2018-02-20 11:26:00,test,1755,14216,8,875,0,5858,1549,8358,0.0019030169543282427,14216,0
1,2018-02-20 11:27:00,test,1909,18704,6,962,0,6790,2083,11914,0.0018641698321862786,18704,0
1,2018-02-20 11:28:00,test,2105,24181,6,1142,0,7948,2539,16233,0.001794568427517318,24181,0
1,2018-02-20 11:29:00,test,2024,17815,9,1106,0,7293,1918,10522,0.0017811472415052978,17815,0
1,2018-02-20 11:30:00,test,2061,15901,8,1061,0,6796,1900,9105,0.001600693413980394,15901,0
1,2018-02-20 11:31:00,test,2088,19170,5,989,0,8126,2079,11044,0.0018647639923848969,19170,0
1,2018-02-20 11:32:00,test,1962,16086,8,1052,0,6372,1908,9714,0.0016561480989384745,16086,0
1,2018-02-20 11:33:00,test,2013,20769,8,986,0,6858,2276,13911,0.001693268111154237,20769,0
1,2018-02-20 11:34:00,test,1902,14353,8,977,0,5904,1848,8449,0.0016328779307586742,14353,0
1,2018-02-20 11:35:00,test,1812,12293,11,905,0,5484,1624,6809,0.0016711706605329463,12293,0
1,2018-02-20 11:36:00,test,1761,12206,6,881,0,5685,1463,6521,0.0018342496515409634,12206,0
1,2018-02-20 11:37:00,test,1772,14175,9,934,0,5461,1613,8714,0.001740162869812492,14175,0
1,2018-02-20 11:38:00,test,1894,15034,6,996,0,6010,1743,9024,0.0016762696557260088,15034,0
1,2018-02-20 11:39:00,test,1853,14424,3,969,0,6420,1753,8004,0.0018707623735487022,14424,0
1,2018-02-20 11:40:00,test,1895,14505,7,957,0,6126,1754,8379,0.0017068203157868341,14505,0
1,2018-02-20 11:41:00,test,1751,12800,4,903,0,5744,1530,7056,0.0018745206820592315,12800,0
1,2018-02-20 11:42:00,test,1998,16929,9,1021,0,6666,1890,10263,0.0016706741794373242,16929,0
1,2018-02-20 11:43:00,test,1834,13704,6,942,0,5850,1625,7854,0.0017401795865333303,13704,0
1,2018-02-20 11:44:00,test,1864,13637,9,974,0,6126,1647,7511,0.0017640798103571009,13637,0
1,2018-02-20 11:45:00,test,2047,14866,8,1071,0,6345,1769,8521,0.0015149843773951438,14866,0
1,2018-02-20 11:46:00,test,2049,16192,6,1120,0,7144,1725,9048,0.001702431063933626,16192,0
1,2018-02-20 11:47:00,test,1779,12621,8,1007,0,5399,1502,7222,0.0017068903486558277,12621,0
1,2018-02-20 11:48:00,test,1656,15464,8,850,0,4945,1595,10519,0.0018042967438737833,15464,0
1,2018-02-20 11:49:00,test,1509,13868,6,810,0,4880,1432,8988,0.002144515752522882,13868,0
1,2018-02-20 11:50:00,test,1506,10833,9,779,0,4704,1375,6129,0.0020754192532196794,10833,0
1,2018-02-20 11:51:00,test,1908,17871,2,933,0,6666,2083,11205,0.0018320454597922913,17871,0
1,2018-02-20 11:52:00,test,1837,15206,8,909,0,6165,1719,9041,0.0018278950121148078,15206,0
1,2018-02-20 11:53:00,test,1766,15743,9,841,0,6670,1810,9073,0.0021398849531118164,15743,0
1,2018-02-20 11:54:00,test,1753,17242,5,837,0,6432,1883,10810,0.0020942572029163313,17242,0
1,2018-02-20 11:55:00,test,1871,15972,9,968,0,6033,1795,9939,0.0017243202611203366,15972,0
1,2018-02-20 11:56:00,test,1540,10188,7,826,0,4904,1290,5284,0.002069145928795052,10188,0
1,2018-02-20 11:57:00,test,1784,16476,4,897,0,6665,1923,9811,0.0020953373791840727,16476,0
1,2018-02-20 11:58:00,test,1991,21923,7,1026,0,7832,2159,14091,0.001976734501235459,21923,0
1,2018-02-20 11:59:00,test,1847,16388,8,1029,0,6286,1717,10102,0.0018436385670652126,16388,0
1,2018-02-20 12:00:00,test,2063,18668,7,993,0,7191,2315,11477,0.0016904463803384467,18668,0
1,2018-02-20 12:01:00,test,1842,12889,9,939,0,5615,1560,7274,0.001655794158983369,12889,0
1,2018-02-20 12:02:00,test,1673,11408,8,901,0,5451,1329,5957,0.0019486954358128108,11408,0
1,2018-02-20 12:03:00,test,1654,12321,7,843,0,5188,1399,7133,0.0018975429233133703,12321,0
1,2018-02-20 12:04:00,test,1740,16503,8,935,0,5587,1742,10916,0.001846417216923453,16503,0
1,2018-02-20 12:05:00,test,1613,10235,6,901,0,4596,1430,5639,0.0017675862525171567,10235,0
1,2018-02-20 12:06:00,test,1624,10373,3,906,0,4976,1434,5397,0.0018878862654756593,10373,0
1,2018-02-20 12:07:00,test,1674,10690,6,940,0,4788,1341,5902,0.001709632429027759,10690,0
1,2018-02-20 12:08:00,test,1625,10902,7,924,0,4322,1292,6580,0.0016377415687760515,10902,0
1,2018-02-20 12:09:00,test,1565,9538,12,896,0,3759,1218,5779,0.0015357525146466422,9538,0
1,2018-02-20 12:10:00,test,1528,9117,9,863,0,4341,1313,4776,0.0018604902333905925,9117,0
1,2018-02-20 12:11:00,test,1539,10155,9,937,0,4363,1252,5792,0.0018432755297674423,10155,0
1,2018-02-20 12:12:00,test,1646,10940,4,998,0,4658,1382,6282,0.0017202982638209235,10940,0
1,2018-02-20 12:13:00,test,1724,12481,6,1052,0,5326,1651,7155,0.00179299312023894,12481,0
1,2018-02-20 12:14:00,test,1761,12400,4,1009,0,5422,1694,6978,0.0017493934231583295,12400,0
1,2018-02-20 12:15:00,test,1557,9730,5,919,0,4398,1313,5332,0.001815335998137609,9730,0
1,2018-02-20 12:16:00,test,1492,10842,5,825,0,5018,1309,5824,0.0022557148071629058,10842,0
1,2018-02-20 12:17:00,test,1455,9509,6,824,0,4217,1212,5292,0.001993316222105626,9509,0
1,2018-02-20 12:18:00,test,1674,12271,7,897,0,4569,1386,7702,0.0016314349557702238,12271,0
1,2018-02-20 12:19:00,test,1526,13799,3,797,0,4598,1295,9201,0.001975807317964033,13799,0
1,2018-02-20 12:20:00,test,1564,11156,6,815,0,4450,1234,6706,0.0018203893424180988,11156,0
1,2018-02-20 12:21:00,test,1508,8832,7,758,0,4064,1172,4768,0.0017882947658935577,8832,0
1,2018-02-20 12:22:00,test,1623,10512,10,865,0,4463,1297,6049,0.0016953427646508687,10512,0
1,2018-02-20 12:23:00,test,1418,7975,7,786,0,4445,956,3530,0.0022122066026777406,7975,0
1,2018-02-20 12:24:00,test,1676,10336,9,994,0,4288,1270,6048,0.0015274463007159905,10336,0
1,2018-02-20 12:25:00,test,1613,9838,7,946,0,4322,1129,5516,0.0016622079598301025,9838,0
1,2018-02-20 12:26:00,test,1523,8773,7,921,0,4205,1113,4568,0.0018140591525647475,8773,0
1,2018-02-20 12:27:00,test,1949,17475,6,1066,0,6326,1832,11149,0.001666204856278637,17475,0
1,2018-02-20 12:28:00,test,1769,14446,6,982,0,5713,1611,8733,0.0018266449076478005,14446,0
1,2018-02-20 12:29:00,test,1742,13266,7,934,0,5765,1477,7501,0.0019008698829011397,13266,0
1,2018-02-20 12:30:00,test,1701,11696,7,819,0,5395,1424,6301,0.0018656845454231076,11696,0
1,2018-02-20 12:31:00,test,1668,12218,3,838,0,5126,1379,7092,0.0018435161888485613,12218,0
1,2018-02-20 12:32:00,test,1624,10244,9,885,0,4945,1247,5299,0.0018761249161529613,10244,0
1,2018-02-20 12:33:00,test,1499,9752,8,824,0,4684,1277,5068,0.0020859478192404193,9752,0
1,2018-02-20 12:34:00,test,1531,11598,7,804,0,4481,1285,7117,0.00191297071844196,11598,0
1,2018-02-20 12:35:00,test,1468,10988,7,838,0,4413,1105,6575,0.002049168909468804,10988,0
1,2018-02-20 12:36:00,test,1548,10648,7,877,0,4611,1354,6037,0.001925457123815537,10648,0
1,2018-02-20 12:37:00,test,1413,8439,7,849,0,4085,1031,4354,0.0020474589455661612,8439,0
1,2018-02-20 12:38:00,test,1484,10235,7,838,0,4833,1369,5402,0.0021960475687622344,10235,0
1,2018-02-20 12:39:00,test,1397,8334,9,809,0,3565,1276,4769,0.0018280063911000446,8334,0
1,2018-02-20 12:40:00,test,1669,12411,5,976,0,5230,1341,7181,0.0018786648332622098,12411,0
1,2018-02-20 12:41:00,test,1456,10515,6,873,0,4988,1110,5527,0.002354518333899777,10515,0
1,2018-02-20 12:42:00,test,1525,9993,3,922,0,4596,1353,5397,0.0019775396927843034,9993,0
1,2018-02-20 12:43:00,test,1490,9126,6,830,0,4806,1187,4320,0.0021662211925484874,9126,0
1,2018-02-20 12:44:00,test,1400,8568,8,872,0,4257,1095,4311,0.0021734912692739712,8568,0
1,2018-02-20 12:45:00,test,1413,9033,8,885,0,4165,1271,4868,0.002087556060779207,9033,0
1,2018-02-20 12:46:00,test,1525,10123,7,924,0,4125,1234,5998,0.0017748805989415257,10123,0
1,2018-02-20 12:47:00,test,1485,8693,7,823,0,4199,1137,4494,0.0019053971884160563,8693,0
1,2018-02-20 12:48:00,test,1605,11474,8,891,0,5091,1308,6383,0.0019775328035052555,11474,0
1,2018-02-20 12:49:00,test,1634,12865,7,848,0,5242,1480,7623,0.0019645305176811496,12865,0
1,2018-02-20 12:50:00,test,1568,13156,7,839,0,4842,1482,8314,0.001970651055572197,13156,0
1,2018-02-20 12:51:00,test,1458,10436,7,822,0,4987,1507,5449,0.002347590224760463,10436,0
1,2018-02-20 12:52:00,test,1544,9380,8,843,0,4648,1429,4732,0.0019509803592355917,9380,0
1,2018-02-20 12:53:00,test,1441,7988,7,857,0,3980,942,4008,0.0019180353149818798,7988,0
1,2018-02-20 12:54:00,test,1494,9309,9,850,0,3854,1238,5455,0.001727831172871885,9309,0
1,2018-02-20 12:55:00,test,1376,8473,8,791,0,4442,1143,4031,0.002347780126849894,8473,0
1,2018-02-20 12:56:00,test,1496,9833,6,829,0,4466,1252,5367,0.0019968522526067284,9833,0
1,2018-02-20 12:57:00,test,1659,11115,6,887,0,4614,1325,6501,0.001677438775666013,11115,0
1,2018-02-20 12:58:00,test,1701,14604,6,961,0,5719,1540,8885,0.0019777293633502784,14604,0
1,2018-02-20 12:59:00,test,1493,11420,6,790,0,4779,1248,6641,0.002145400609457181,11420,0
5,2018-02-20 01:00:00,train,3218,50768,2,861,0,17895,6422,32873,0.0017286003717432619,50768,0
5,2018-02-20 01:05:00,train,3290,62988,2,984,0,18430,7088,44558,0.0017031996680470316,62988,0
5,2018-02-20 01:10:00,train,3379,58910,2,1100,0,20246,7723,38664,0.0017737458628512295,58845,65
5,2018-02-20 01:15:00,train,3353,64894,3,872,0,21044,8380,43850,0.0018723659288479592,64659,235
5,2018-02-20 01:20:00,train,3341,67800,2,841,0,21248,8118,46552,0.001904123509939116,67536,264
5,2018-02-20 01:25:00,train,3268,72347,3,869,0,24704,8998,47643,0.0023138547673987753,72114,233
5,2018-02-20 01:30:00,train,3514,68368,3,935,0,22430,9111,45938,0.001816976735407198,68368,0
5,2018-02-20 01:35:00,train,3759,76391,2,1102,0,21608,9133,54783,0.001529626749269909,76391,0
5,2018-02-20 01:40:00,train,3580,64710,2,1149,0,21816,7918,42894,0.001702669669908732,64710,0
5,2018-02-20 01:45:00,train,3471,77634,2,903,0,24854,10011,52780,0.002063536739572099,77634,0
5,2018-02-20 01:50:00,train,3608,77909,3,931,0,23658,9642,54251,0.0018178806054008065,77909,0
5,2018-02-20 01:55:00,train,3973,77776,2,1099,0,25313,9536,52463,0.0016040422904960955,77776,0
5,2018-02-20 02:00:00,train,3703,68041,2,1036,0,24304,9646,43737,0.0017729138390427082,68041,0
5,2018-02-20 02:05:00,train,3633,72091,2,1088,0,22907,8845,49184,0.0017360290096533125,72091,0
5,2018-02-20 02:10:00,train,3150,59917,2,898,0,20358,7820,39559,0.00205235222065962,59917,0
5,2018-02-20 02:15:00,train,3158,67668,3,815,0,21140,8543,46528,0.002120402342833953,67668,0
5,2018-02-20 02:20:00,train,3343,72746,2,856,0,21967,8866,50779,0.0019662010689646347,72746,0
5,2018-02-20 02:25:00,train,3301,70678,2,860,0,22396,8670,48282,0.0020559426436433403,70678,0
5,2018-02-20 02:30:00,train,3510,64397,2,1003,0,22696,8419,41701,0.0018427178301786452,64397,0
5,2018-02-20 02:35:00,train,3535,67890,2,1082,0,21111,8595,46779,0.001689868234943795,67890,0
5,2018-02-20 02:40:00,train,3370,64112,2,1034,0,20701,8766,43411,0.0018233095786068297,64112,0
5,2018-02-20 02:45:00,train,3616,73406,3,977,0,24289,8865,49117,0.0018581163784134444,73406,0
5,2018-02-20 02:50:00,train,3464,70202,3,1013,0,21681,8780,48521,0.0018073777625428565,70202,0
5,2018-02-20 02:55:00,train,3752,71625,2,1103,0,23580,8934,48045,0.001675459394197084,71625,0
5,2018-02-20 03:00:00,train,3432,66092,2,995,0,22684,8949,43408,0.0019264229407044912,66092,0
5,2018-02-20 03:05:00,train,3458,69538,2,1077,0,20379,8249,49159,0.0017047413710172719,69538,0
5,2018-02-20 03:10:00,train,3532,74958,2,1011,0,22472,9309,52486,0.0018018694154636832,74958,0
5,2018-02-20 03:15:00,train,3795,80644,2,1075,0,24263,10042,56381,0.0016851376870629237,80644,0
5,2018-02-20 03:20:00,train,3583,74100,2,1032,0,22486,8945,51614,0.0017520230544604437,74100,0
5,2018-02-20 03:25:00,train,3431,72545,3,973,0,24206,8428,48339,0.0020568763792313777,72545,0
5,2018-02-20 03:30:00,train,3336,63293,2,996,0,21016,7868,42277,0.0018889835657710714,63293,0
5,2018-02-20 03:35:00,train,3090,62949,2,886,0,18806,7730,44143,0.001970244138036524,62949,0
5,2018-02-20 03:40:00,train,3045,65709,2,748,0,20115,7908,45594,0.0021701416984393103,65709,0
5,2018-02-20 03:45:00,train,3321,68714,2,909,0,20289,8303,48425,0.0018401519356559027,68714,0
5,2018-02-20 03:50:00,train,3194,64389,2,950,0,21362,8002,43027,0.0020946336705155552,64389,0
5,2018-02-20 03:55:00,train,3213,68960,2,906,0,21901,8093,47059,0.00212215784335043,68960,0
5,2018-02-20 04:00:00,train,3060,57875,2,945,0,19826,7357,38049,0.0021180401985355546,57875,0
5,2018-02-20 04:05:00,train,2961,62272,2,868,0,19414,8060,42858,0.002215057002291045,62272,0
5,2018-02-20 04:10:00,train,3070,72196,2,797,0,20285,8912,51911,0.002152978773762634,72196,0
5,2018-02-20 04:15:00,train,3333,67027,6,904,0,20789,7946,46238,0.0018719458980711997,67027,0
5,2018-02-20 04:20:00,train,3345,64621,3,896,0,22116,8181,42505,0.001977170811251529,64621,0
5,2018-02-20 04:25:00,train,3430,74467,2,961,0,23909,8576,50558,0.0020328241282764822,74467,0
5,2018-02-20 04:30:00,train,3377,65269,3,989,0,21199,8451,44070,0.0018594387457950142,65269,0
5,2018-02-20 04:35:00,train,3147,66476,2,882,0,20305,8324,46171,0.002050914391671823,66476,0
5,2018-02-20 04:40:00,train,3138,71755,2,867,0,21221,8226,50534,0.002155749963479944,71755,0
5,2018-02-20 04:45:00,train,3369,68807,3,873,0,20902,8432,47905,0.001842106561925168,68807,0
5,2018-02-20 04:50:00,train,3256,65113,2,851,0,20591,8262,44522,0.0019428624267333946,65113,0
5,2018-02-20 04:55:00,train,3305,72102,2,973,0,23126,7555,48976,0.002117819870839179,72102,0
5,2018-02-20 05:00:00,train,2910,49163,3,837,0,17921,6387,31242,0.0021170227720819024,49163,0
5,2018-02-20 05:05:00,train,2509,39323,2,757,0,14381,4918,24942,0.0022853929998735015,39323,0
5,2018-02-20 05:10:00,train,2810,49758,2,842,0,15854,5967,33904,0.002008541432026443,49758,0
5,2018-02-20 05:15:00,train,3017,54092,2,982,0,17061,6628,37031,0.0018749851636482566,54092,0
5,2018-02-20 05:20:00,train,3014,45319,3,943,0,15346,6090,29973,0.0016898681250964906,45319,0
5,2018-02-20 05:25:00,train,2978,53614,2,1087,0,18651,5576,34963,0.0021037716290530964,53614,0
5,2018-02-20 05:30:00,train,1231,8214,2,738,0,3411,1205,4803,0.002252778823482792,8214,0
5,2018-02-20 05:35:00,train,272,1812,2,147,0,681,212,1131,0.009238658563056218,1812,0
5,2018-02-20 05:40:00,train,141,929,2,83,0,361,112,568,0.01828774062816616,929,0
5,2018-02-20 05:45:00,train,150,1067,2,82,0,309,136,758,0.013825503355704698,1067,0
5,2018-02-20 05:50:00,train,141,926,2,76,0,290,115,636,0.014690982776089158,926,0
5,2018-02-20 05:55:00,train,155,937,2,89,0,345,128,592,0.014453288646837033,937,0
5,2018-02-20 06:00:00,train,177,1144,2,92,0,356,147,788,0.01142783769902414,1144,0
5,2018-02-20 06:05:00,train,169,1026,2,84,0,339,131,687,0.011939983093829248,1026,0
5,2018-02-20 06:10:00,train,109,604,2,59,0,220,81,384,0.018688413183826028,604,0
5,2018-02-20 06:15:00,train,94,467,2,65,0,178,54,289,0.02036147334706017,467,0
5,2018-02-20 06:20:00,train,82,424,2,55,0,153,50,271,0.023035230352303523,424,0
5,2018-02-20 06:25:00,train,85,453,2,57,0,177,60,276,0.024789915966386553,453,0
5,2018-02-20 06:30:00,train,81,390,2,57,0,144,50,246,0.022222222222222223,390,0
5,2018-02-20 06:35:00,train,79,383,2,58,0,164,44,219,0.02661473547549497,383,0
5,2018-02-20 06:40:00,train,81,355,2,54,0,155,56,200,0.023919753086419752,355,0
5,2018-02-20 06:45:00,train,76,343,2,48,0,150,55,193,0.02631578947368421,343,0
5,2018-02-20 06:50:00,train,77,320,2,56,0,139,49,181,0.02375256322624744,320,0
5,2018-02-20 06:55:00,train,85,369,2,64,0,171,53,198,0.023949579831932775,369,0
5,2018-02-20 07:00:00,train,79,363,2,57,0,157,57,206,0.025478740668614087,363,0
5,2018-02-20 07:05:00,train,80,314,2,56,0,140,50,174,0.022151898734177215,314,0
5,2018-02-20 07:10:00,train,71,270,2,52,0,121,40,149,0.024346076458752516,270,0
5,2018-02-20 07:15:00,train,62,238,2,42,0,112,41,126,0.029613960867265997,238,0
5,2018-02-20 07:20:00,train,68,258,2,48,0,116,45,142,0.025460930640913083,258,0
5,2018-02-20 07:25:00,train,70,291,2,56,0,138,47,153,0.02857142857142857,291,0
5,2018-02-20 07:30:00,train,71,273,2,53,0,130,46,143,0.026156941649899398,273,0
5,2018-02-20 07:35:00,train,69,251,2,51,0,115,43,136,0.024509803921568627,251,0
5,2018-02-20 07:40:00,train,71,248,2,48,0,122,39,126,0.02454728370221328,248,0
5,2018-02-20 07:45:00,train,62,188,2,43,0,94,33,94,0.024854574299312534,188,0
5,2018-02-20 07:50:00,train,64,216,2,45,0,97,38,119,0.024057539682539684,216,0
5,2018-02-20 07:55:00,train,58,190,2,41,0,92,32,98,0.027828191167574106,190,0
5,2018-02-20 08:00:00,train,56,201,2,38,0,83,37,118,0.026948051948051947,201,0
5,2018-02-20 08:05:00,train,51,152,2,35,0,72,24,80,0.02823529411764706,152,0
5,2018-02-20 08:10:00,train,48,138,2,33,0,67,23,71,0.02969858156028369,138,0
5,2018-02-20 08:15:00,train,50,121,2,33,0,65,23,56,0.026530612244897958,121,0
5,2018-02-20 08:20:00,train,38,86,3,30,0,43,15,43,0.03058321479374111,86,0
5,2018-02-20 08:25:00,train,2510,46621,2,1166,0,12721,4843,33900,0.0020199790713590435,46621,0
5,2018-02-20 08:30:00,train,3654,72946,3,1062,0,27033,9584,45913,0.002025237821040987,72946,0
5,2018-02-20 08:35:00,train,3524,76644,3,998,0,24877,8797,51767,0.0020037773502680455,76644,0
5,2018-02-20 08:40:00,train,3631,70439,4,986,0,22759,8900,47680,0.001726713569181209,70439,0
5,2018-02-20 08:45:00,train,3618,63867,2,1053,0,22095,8181,41772,0.0016884061858250907,63867,0
5,2018-02-20 08:50:00,train,3459,59595,3,1119,0,21293,8015,38302,0.0017801692837069658,59595,0
5,2018-02-20 08:55:00,train,3963,79684,2,1437,0,26120,8903,53564,0.0016635452901479014,79684,0
5,2018-02-20 09:00:00,train,3385,71468,2,1009,0,22607,9206,48861,0.0019735762350237976,71468,0
5,2018-02-20 09:05:00,train,3731,66656,2,1289,0,23485,8355,43171,0.001687549356417466,66656,0
5,2018-02-20 09:10:00,train,3901,69132,4,1200,0,23381,9480,45751,0.0015368183043138182,69132,0
5,2018-02-20 09:15:00,train,3752,68214,3,1264,0,22742,8405,45472,0.001615915926328672,68214,0
5,2018-02-20 09:20:00,train,3748,63751,2,1156,0,22363,8017,41388,0.0015923802720582726,63751,0
5,2018-02-20 09:25:00,train,3555,64659,2,1208,0,21564,7969,43095,0.0017067593654502325,64659,0
5,2018-02-20 09:30:00,train,3568,79615,5,969,0,25034,9077,54581,0.0019669906378977195,79615,0
5,2018-02-20 09:35:00,train,3709,76628,2,940,0,25446,9604,51182,0.001850218265550166,76628,0
5,2018-02-20 09:40:00,train,3664,72903,4,1027,0,25042,9568,47861,0.0018658495732731541,72903,0
5,2018-02-20 09:45:00,train,3716,79308,3,1060,0,24692,9910,54616,0.001788635082803692,79308,0
5,2018-02-20 09:50:00,train,3575,66695,3,1077,0,22850,9261,43845,0.00178836272848584,66695,0
5,2018-02-20 09:55:00,train,3612,81883,2,1030,0,24575,9703,57308,0.0018841622420480303,81883,0
5,2018-02-20 10:00:00,train,3724,78826,5,1001,0,25432,8897,53394,0.0018343314254324658,78826,0
5,2018-02-20 10:05:00,train,3571,66895,2,990,0,22969,8147,43926,0.001801706400846533,66895,0
5,2018-02-20 10:10:00,train,3533,75989,2,953,0,21124,8450,54865,0.0016928240735546644,66865,9124
5,2018-02-20 10:15:00,train,3590,121490,2,979,0,23107,8380,98383,0.0017933937728326493,75697,45793
5,2018-02-20 10:20:00,train,3651,112708,4,1173,0,22605,7778,90103,0.0016962888756317466,66564,46144
5,2018-02-20 10:25:00,train,3429,122174,2,903,0,25152,9934,97022,0.002139755867739403,76079,46095
5,2018-02-20 10:30:00,validation,3827,131052,2,1015,0,26805,10029,104247,0.001830679775349195,85016,46036
5,2018-02-20 10:35:00,validation,3609,115928,2,1083,0,22700,8121,93228,0.001743301268877572,69828,46100
5,2018-02-20 10:40:00,validation,3656,113705,3,1088,0,22837,8666,90868,0.0017090134613715212,67632,46073
5,2018-02-20 10:45:00,validation,3857,122033,2,1163,0,23531,8924,98502,0.0015821720921275861,75900,46133
5,2018-02-20 10:50:00,validation,3533,114207,2,1089,0,22016,8530,92191,0.0017643067034358783,68166,46041
5,2018-02-20 10:55:00,validation,3783,130333,2,995,0,27054,9268,103279,0.0018909220226365467,84251,46082
5,2018-02-20 11:00:00,test,3589,118958,2,919,0,23676,8980,95282,0.0018385796063967287,72928,46030
5,2018-02-20 11:05:00,test,3550,114791,3,957,0,22881,8586,91910,0.0018161037229292916,68793,45998
5,2018-02-20 11:10:00,test,3882,121017,2,1064,0,25677,9902,95340,0.0017042963241440585,74971,46046
5,2018-02-20 11:15:00,test,3816,85690,2,1157,0,22920,8663,62770,0.0015743877609898035,71991,13699
5,2018-02-20 11:20:00,test,3562,69793,2,1014,0,23124,9161,46669,0.0018230436693223945,69793,0
5,2018-02-20 11:25:00,test,3869,87194,2,1096,0,27641,9959,59553,0.0018470070614058183,87194,0
5,2018-02-20 11:30:00,test,4074,86279,2,1102,0,26987,10006,59292,0.0016263693243856805,86279,0
5,2018-02-20 11:35:00,test,3731,68132,2,1007,0,23366,8728,44766,0.0016789984356845012,68132,0
5,2018-02-20 11:40:00,test,3838,71575,2,1054,0,23964,9348,47611,0.0016272809536827927,71575,0
5,2018-02-20 11:45:00,test,3967,73011,3,1326,0,24043,8074,48968,0.0015281773064494129,73011,0
5,2018-02-20 11:50:00,test,3576,76895,2,933,0,24049,9889,52846,0.0018811501697407738,76895,0
5,2018-02-20 11:55:00,test,3713,80947,2,1015,0,25497,9688,55450,0.0018499337137921747,80947,0
5,2018-02-20 12:00:00,test,3780,71789,2,1049,0,23052,8610,48737,0.001613763614292855,71789,0
5,2018-02-20 12:05:00,test,3433,51738,2,1021,0,17452,6703,34286,0.0014812355330852272,51738,0
5,2018-02-20 12:10:00,test,3498,55093,2,1074,0,18245,6889,36848,0.0014915177642259075,55093,0
5,2018-02-20 12:15:00,test,3290,56151,2,1009,0,18428,6836,37723,0.001703014839000038,56151,0
5,2018-02-20 12:20:00,test,3358,48811,2,1080,0,17518,6167,31293,0.0015540052760599269,48811,0
5,2018-02-20 12:25:00,test,3602,63798,2,1058,0,21471,7486,42327,0.0016553332631243619,63798,0
5,2018-02-20 12:30:00,test,3326,55508,2,881,0,19052,7391,36456,0.001722767532179818,55508,0
5,2018-02-20 12:35:00,test,3073,48644,2,884,0,16266,6036,32378,0.0017230464936544094,48644,0
5,2018-02-20 12:40:00,test,3168,50613,2,1026,0,18890,6597,31723,0.0018827762946803047,50613,0
5,2018-02-20 12:45:00,test,3225,52188,3,925,0,17787,6910,34401,0.001710716140573605,52188,0
5,2018-02-20 12:50:00,test,3158,50269,2,966,0,17284,6854,32985,0.0017336345361183558,50269,0
5,2018-02-20 12:55:00,test,3222,55445,3,916,0,19524,6869,35921,0.0018812760995260964,55445,0
10,2018-02-20 01:00:00,train,4519,113756,2,1027,0,31592,13684,82164,0.0015473499770434624,113756,0
10,2018-02-20 01:10:00,train,4747,123804,2,1245,0,35771,16487,88033,0.0015877572909401116,123504,300
10,2018-02-20 01:20:00,train,4550,140147,2,983,0,39640,17270,100507,0.0019151655115603235,139650,497
10,2018-02-20 01:30:00,train,4970,144759,2,1160,0,37844,18318,106915,0.0015323982534773948,144759,0
10,2018-02-20 01:40:00,train,4899,142344,2,1225,0,40383,18845,101961,0.0016829544383313033,142344,0
10,2018-02-20 01:50:00,train,5181,155685,2,1150,0,42367,19287,113318,0.0015786445722751456,155685,0
10,2018-02-20 02:00:00,train,5018,140132,2,1151,0,40088,18791,100044,0.0015923540313670865,140132,0
10,2018-02-20 02:10:00,train,4367,127585,2,995,0,35537,17007,92048,0.0018638623642252554,127585,0
10,2018-02-20 02:20:00,train,4543,143424,2,944,0,38659,17760,104765,0.0018735304206499604,143424,0
10,2018-02-20 02:30:00,train,4814,132287,2,1184,0,37167,17120,95120,0.0016041152221458104,132287,0
10,2018-02-20 02:40:00,train,4791,137518,2,1119,0,38538,18205,98980,0.0016792969071706737,137518,0
10,2018-02-20 02:50:00,train,4922,141827,2,1158,0,38781,18216,103046,0.0016011205407899093,141827,0
10,2018-02-20 03:00:00,train,4832,135630,2,1250,0,37614,17363,98016,0.0016113339483824801,135630,0
10,2018-02-20 03:10:00,train,5026,155602,2,1189,0,40192,19226,115410,0.0015914062793869887,155602,0
10,2018-02-20 03:20:00,train,4786,146645,2,1123,0,39778,17995,106867,0.001736953959672521,146645,0
10,2018-02-20 03:30:00,train,4467,126242,2,1142,0,34586,16165,91656,0.0017336669336391437,126242,0
10,2018-02-20 03:40:00,train,4410,134423,2,980,0,34298,16515,100125,0.0017639655847218301,134423,0
10,2018-02-20 03:50:00,train,4364,133349,2,1030,0,36618,16359,96731,0.001923200952598438,133349,0
10,2018-02-20 04:00:00,train,4123,120147,2,1052,0,33867,15605,86280,0.0019927618736939544,120147,0
10,2018-02-20 04:10:00,train,4432,139223,2,1000,0,35230,17129,103993,0.0017939533333822177,139223,0
10,2018-02-20 04:20:00,train,4628,139088,2,1032,0,39531,17234,99557,0.0018460563387385192,139088,0
10,2018-02-20 04:30:00,train,4536,131745,2,1103,0,36010,17491,95735,0.0017505430037587334,131745,0
10,2018-02-20 04:40:00,train,4379,140562,2,930,0,35897,17160,104665,0.0018724380272931431,140562,0
10,2018-02-20 04:50:00,train,4482,137215,2,1058,0,37178,16706,100037,0.0018511398366906093,137215,0
10,2018-02-20 05:00:00,train,3810,88486,2,952,0,27738,11685,60748,0.0019113454871698401,88486,0
10,2018-02-20 05:10:00,train,4054,103850,2,1035,0,28183,12773,75667,0.0017152478062319554,103850,0
10,2018-02-20 05:20:00,train,4142,98933,2,1141,0,29527,11947,69406,0.0017214879971585858,98933,0
10,2018-02-20 05:30:00,train,1298,10026,2,727,0,3802,1452,6224,0.002258382209508015,10026,0
10,2018-02-20 05:40:00,train,214,1996,2,111,0,569,235,1427,0.012482997674520643,1996,0
10,2018-02-20 05:50:00,train,212,1863,2,105,0,523,240,1340,0.011691853706518823,1863,0
10,2018-02-20 06:00:00,train,253,2170,2,110,0,566,279,1604,0.008877595834117574,2170,0
10,2018-02-20 06:10:00,train,150,1071,2,81,0,340,129,731,0.015212527964205816,1071,0
10,2018-02-20 06:20:00,train,118,877,2,76,0,268,111,609,0.019411849920324496,877,0
10,2018-02-20 06:30:00,train,109,773,2,68,0,261,93,512,0.02217125382262997,773,0
10,2018-02-20 06:40:00,train,107,698,2,63,0,232,111,466,0.020454946217598306,698,0
10,2018-02-20 06:50:00,train,117,689,2,80,0,254,97,435,0.018715001473622164,689,0
10,2018-02-20 07:00:00,train,111,677,2,74,0,242,98,435,0.01981981981981982,677,0
10,2018-02-20 07:10:00,train,94,508,2,62,0,184,83,324,0.02104781514527568,508,0
10,2018-02-20 07:20:00,train,99,549,2,70,0,206,82,343,0.021232735518449803,549,0
10,2018-02-20 07:30:00,train,98,524,2,69,0,191,88,333,0.020092573111718914,524,0
10,2018-02-20 07:40:00,train,95,436,2,60,0,178,70,258,0.019932810750279955,436,0
10,2018-02-20 07:50:00,train,96,406,2,60,0,172,63,234,0.018859649122807017,406,0
10,2018-02-20 08:00:00,train,78,353,2,46,0,127,58,226,0.021145521145521144,353,0
10,2018-02-20 08:10:00,train,70,259,2,42,0,106,48,153,0.02194616977225673,259,0
10,2018-02-20 08:20:00,train,2524,46707,2,1172,0,12755,4853,33952,0.0020029673124528505,46707,0
10,2018-02-20 08:30:00,train,4995,149590,2,1218,0,44887,19012,104703,0.0017994366011987158,149590,0
10,2018-02-20 08:40:00,train,5019,134306,2,1165,0,38347,17378,95959,0.0015225919902139902,134306,0
10,2018-02-20 08:50:00,train,5194,139279,2,1522,0,41084,17197,98195,0.001523184293064751,139279,0
10,2018-02-20 09:00:00,train,4955,138124,2,1385,0,38947,18538,99177,0.001586625206185504,138124,0
10,2018-02-20 09:10:00,train,5282,137346,2,1414,0,40247,17574,97099,0.0014428425766149157,137346,0
10,2018-02-20 09:20:00,train,5098,128410,2,1423,0,38589,16365,89821,0.0014850772995261099,128410,0
10,2018-02-20 09:30:00,train,5068,156243,2,1175,0,43418,20009,112825,0.0016907613200165923,156243,0
10,2018-02-20 09:40:00,train,4980,152211,2,1124,0,42067,19819,110144,0.0016965633169351436,152211,0
10,2018-02-20 09:50:00,train,5053,148578,2,1332,0,41948,18926,106630,0.001643230999230798,148578,0
10,2018-02-20 10:00:00,train,4939,145721,2,1063,0,41434,18166,104287,0.0016988958284181637,145721,0
10,2018-02-20 10:10:00,train,4875,197479,2,1072,0,37798,17373,159681,0.0015907747019769998,142562,54917
10,2018-02-20 10:20:00,train,4890,234882,2,1241,0,41372,18182,193510,0.0017305239716386815,142643,92239
10,2018-02-20 10:30:00,validation,5093,246980,2,1182,0,43481,18542,203499,0.0016766308484652086,154844,92136
10,2018-02-20 10:40:00,validation,5087,235738,2,1190,0,39845,18189,195893,0.001540053250399401,143532,92206
10,2018-02-20 10:50:00,validation,5056,244540,2,1234,0,42749,18908,201791,0.001672621730583831,152417,92123
10,2018-02-20 11:00:00,test,4937,233749,2,1044,0,40788,17864,192961,0.0016737636521631225,141721,92028
10,2018-02-20 11:10:00,test,5265,206707,2,1252,0,41583,18524,165124,0.0015003810216576174,146962,59745
10,2018-02-20 11:20:00,test,5120,156987,2,1228,0,43903,20348,113084,0.0016750937072670443,156987,0
10,2018-02-20 11:30:00,test,5292,154411,2,1147,0,43590,19400,110821,0.0015567872710729853,154411,0
10,2018-02-20 11:40:00,test,5361,144586,2,1342,0,41576,18030,103010,0.0014468786453852728,144586,0
10,2018-02-20 11:50:00,test,4971,157842,2,1110,0,42245,20310,115597,0.0017099175216254276,157842,0
10,2018-02-20 12:00:00,test,4940,123527,2,1119,0,34957,15124,88570,0.0014327426178322908,123527,0
10,2018-02-20 12:10:00,test,4736,111244,2,1215,0,32122,14190,79122,0.0014324217300722053,111244,0
10,2018-02-20 12:20:00,test,4802,112609,2,1166,0,34355,14053,78254,0.0014901709443602138,112609,0
10,2018-02-20 12:30:00,test,4484,104152,2,1022,0,29895,13602,74257,0.0014871823240259615,104152,0
10,2018-02-20 12:40:00,test,4578,102801,2,1165,0,32357,14019,70444,0.0015442284455880557,102801,0
10,2018-02-20 12:50:00,test,4417,105714,2,1073,0,32181,14092,73533,0.0016498447204968945,105714,0
