window_minutes,partition,snapshots,metric,mean,median,p90,maximum
1,train,570,nodes,1163.0280701754386,1580.0,1825.5,2193.0
1,train,570,edges,9661.68245614035,12250.0,16181.7,30906.0
1,train,570,weak_connected_components,5.078947368421052,5.5,8.0,15.0
1,train,570,strong_connected_components,605.2140350877193,808.0,958.0,1208.0
1,train,570,isolated_nodes,0.0,0.0,0.0,0.0
1,train,570,repeated_directed_pairs,1103.459649122807,1467.5,1836.2,3332.0
1,train,570,density,0.014409054553864941,0.002132804270208854,0.04482758620689655,0.125
1,train,570,benign,9402.115789473684,12218.5,15950.9,30906.0
1,train,570,malicious,259.56666666666666,0.0,0.0,9290.0
1,validation,30,nodes,1794.6666666666667,1780.5,1983.8,2111.0
1,validation,30,edges,24241.933333333334,23611.0,28733.7,30156.0
1,validation,30,weak_connected_components,6.733333333333333,7.0,9.0,12.0
1,validation,30,strong_connected_components,923.3333333333334,917.5,1026.1000000000001,1061.0
1,validation,30,isolated_nodes,0.0,0.0,0.0,0.0
1,validation,30,repeated_directed_pairs,1707.6666666666667,1686.0,2029.7,2153.0
1,validation,30,density,0.0018816625905233384,0.0018955390409860615,0.0020589126755255344,0.002247189590339993
1,validation,30,benign,15026.433333333332,14392.0,19472.0,20887.0
1,validation,30,malicious,9215.5,9219.5,9275.1,9305.0
1,test,120,nodes,1703.5583333333334,1701.0,1950.3000000000002,2105.0
1,test,120,edges,14286.075,12961.0,23132.2,25882.0
1,test,120,weak_connected_components,6.916666666666667,7.0,9.0,12.0
1,test,120,strong_connected_components,910.8666666666667,902.0,1027.1,1142.0
1,test,120,isolated_nodes,0.0,0.0,0.0,0.0
1,test,120,repeated_directed_pairs,1539.8083333333334,1514.5,1900.2,2539.0
1,test,120,density,0.0018753240875085465,0.001862640065576453,0.002135577379215315,0.002354518333899777
1,test,120,benign,13021.3,12877.0,16516.4,24181.0
1,test,120,malicious,1264.775,0.0,9168.1,9260.0
5,train,114,nodes,2402.40350877193,3295.5,3707.2,3973.0
5,train,114,edges,48308.412280701756,64640.0,77337.0,122174.0
5,train,114,weak_connected_components,2.3333333333333335,2.0,3.0,6.0
5,train,114,strong_connected_components,710.5,903.5,1101.4,1437.0
5,train,114,isolated_nodes,0.0,0.0,0.0,0.0
5,train,114,repeated_directed_pairs,5817.877192982456,8016.0,9428.7,10042.0
5,train,114,density,0.00814143955749605,0.0020142602516927434,0.025473397660303786,0.03058321479374111
5,train,114,benign,47010.57894736842,64640.0,76297.4,81883.0
5,train,114,malicious,1297.8333333333333,0.0,0.0,46144.0
5,validation,6,nodes,3710.8333333333335,3719.5,3842.0,3857.0
5,validation,6,edges,121209.66666666667,118980.5,130692.5,131052.0
5,validation,6,weak_connected_components,2.1666666666666665,2.0,2.5,3.0
5,validation,6,strong_connected_components,1072.1666666666667,1085.5,1126.0,1163.0
5,validation,6,isolated_nodes,0.0,0.0,0.0,0.0
5,validation,6,repeated_directed_pairs,8923.0,8795.0,9648.5,10029.0
5,validation,6,density,0.0017533992206330501,0.0017538039861567252,0.0018608008989928707,0.0018909220226365467
5,validation,6,benign,75132.16666666667,72864.0,84633.5,85016.0
5,validation,6,malicious,46077.5,46077.5,46116.5,46133.0
5,test,24,nodes,3554.1666666666665,3569.0,3878.1,4074.0
5,test,24,edges,71430.375,68962.5,106511.89999999998,121017.0
5,test,24,weak_connected_components,2.1666666666666665,2.0,3.0,3.0
5,test,24,strong_connected_components,1022.2083333333334,1018.0,1100.2,1326.0
5,test,24,isolated_nodes,0.0,0.0,0.0,0.0
5,test,24,repeated_directed_pairs,8097.166666666667,8330.0,9898.1,10006.0
5,test,24,density,0.0017061839764768473,0.0017075062323588317,0.001871785232956194,0.0018827762946803047
5,test,24,benign,65106.5,68462.5,79731.4,87194.0
5,test,24,malicious,6323.875,0.0,36308.299999999974,46046.0
10,train,57,nodes,3333.035087719298,4482.0,5036.8,5282.0
10,train,57,edges,96616.82456140351,132287.0,150638.4,234882.0
10,train,57,weak_connected_components,2.0,2.0,2.0,2.0
10,train,57,strong_connected_components,834.5263157894736,1052.0,1247.0,1522.0
10,train,57,isolated_nodes,0.0,0.0,0.0,0.0
10,train,57,repeated_directed_pairs,11913.543859649122,16706.0,18877.4,20009.0
10,train,57,density,0.006379667184546378,0.0017939533333822177,0.02023752235407067,0.02217125382262997
10,train,57,benign,94021.15789473684,132287.0,147418.2,156243.0
10,train,57,malicious,2595.6666666666665,0.0,0.0,92239.0
10,validation,3,nodes,5078.666666666667,5087.0,5091.8,5093.0
10,validation,3,edges,242419.33333333334,244540.0,246492.0,246980.0
10,validation,3,weak_connected_components,2.0,2.0,2.0,2.0
10,validation,3,strong_connected_components,1202.0,1190.0,1225.2,1234.0
10,validation,3,isolated_nodes,0.0,0.0,0.0,0.0
10,validation,3,repeated_directed_pairs,18546.333333333332,18542.0,18834.8,18908.0
10,validation,3,density,0.0016297686098161468,0.001672621730583831,0.0016758290248889331,0.0016766308484652086
10,validation,3,benign,150264.33333333334,152417.0,154358.6,154844.0
10,validation,3,malicious,92155.0,92136.0,92192.0,92206.0
10,test,12,nodes,4908.583333333333,4938.5,5289.3,5361.0
10,test,12,edges,142860.75,134056.5,201820.50000000003,233749.0
10,test,12,weak_connected_components,2.0,2.0,2.0,2.0
10,test,12,strong_connected_components,1156.9166666666667,1156.0,1249.6,1342.0
10,test,12,isolated_nodes,0.0,0.0,0.0,0.0
10,test,12,repeated_directed_pairs,16629.666666666668,16494.0,20219.0,20348.0
10,test,12,density,0.0015499510501289244,0.0015223047336228365,0.0016749607017566522,0.0017099175216254276
10,test,12,benign,130213.0,132624.0,156729.4,157842.0
10,test,12,malicious,12647.75,0.0,53770.50000000002,92028.0
