accuracy,average_precision,benign_recall_specificity,criterion,f1,false_negative_rate,false_negatives,false_positive_rate,false_positives,macro_f1,malicious_recall,model,partition,pr_auc,precision,recall,records,roc_auc,seed,threshold,true_negatives,true_positives,window_minutes
0.9999811845280374,0.9999896387835656,0.9999793700649328,fixed_0_5,0.9998930481283422,0.0,0,2.0629935067279376e-05,4,0.9999413665272044,1.0,gatv2_w1_h128_p2,test,0.9999896384616449,0.9997861191316437,1.0,212591,0.9999990315581611,42,0.5,193889,18698,1
0.9959029309801449,0.9999896387835656,0.9999845275486995,maximum_macro_f1,0.976157236319838,0.04642207722751096,868,1.547245130045953e-05,3,0.9869580755651488,0.953577922772489,gatv2_w1_h128_p2,test,0.9999896384616449,0.9998317725564964,0.953577922772489,212591,0.9999990315581611,42,0.9955880641937256,193890,17830,1
0.9959029309801449,0.9999896387835656,0.9999845275486995,fpr_at_most_0.01,0.976157236319838,0.04642207722751096,868,1.547245130045953e-05,3,0.9869580755651488,0.953577922772489,gatv2_w1_h128_p2,test,0.9999896384616449,0.9998317725564964,0.953577922772489,212591,0.9999990315581611,42,0.9955880641937256,193890,17830,1
0.9999324187335271,0.9999993107235238,0.999889339727038,fixed_0_5,0.9999132070013019,0.0,0,0.00011066027296200664,6,0.9999289369016138,1.0,gatv2_w1_h128_p2,validation,0.999999311132557,0.9998264290673455,1.0,88782,0.9999995621551898,42,0.5,54214,34562,1
0.9999549458223513,0.9999993107235238,0.999926226484692,maximum_macro_f1,0.9999421363268141,0.0,0,7.377351530800442e-05,4,0.9999526241042385,1.0,gatv2_w1_h128_p2,validation,0.999999311132557,0.99988427934965,1.0,88782,0.9999995621551898,42,0.9955880641937256,54216,34562,1
0.9999549458223513,0.9999993107235238,0.999926226484692,fpr_at_most_0.01,0.9999421363268141,0.0,0,7.377351530800442e-05,4,0.9999526241042385,1.0,gatv2_w1_h128_p2,validation,0.999999311132557,0.99988427934965,1.0,88782,0.9999995621551898,42,0.9955880641937256,54216,34562,1
0.9999435535841122,0.9999979295713878,0.9999381101947982,fixed_0_5,0.9996792130025663,0.0,0,6.188980520183812e-05,12,0.9998241335711744,1.0,gatv2_w5,test,0.9999979295155661,0.9993586317477284,1.0,212591,0.9999998008501829,42,0.5,193881,18698,5
0.99912978442173,0.9999979295713878,0.9999948425162332,maximum_macro_f1,0.9950286190309838,0.009840624665739652,184,5.157483766819844e-06,1,0.9972758884045269,0.9901593753342603,gatv2_w5,test,0.9999979295155661,0.9999459897380503,0.9901593753342603,212591,0.9999998008501829,42,0.9805119037628174,193892,18514,5
0.99912978442173,0.9999979295713878,0.9999948425162332,fpr_at_most_0.01,0.9950286190309838,0.009840624665739652,184,5.157483766819844e-06,1,0.9972758884045269,0.9901593753342603,gatv2_w5,test,0.9999979295155661,0.9999459897380503,0.9901593753342603,212591,0.9999998008501829,42,0.9805119037628174,193892,18514,5
0.9999098916447028,0.9999970860305816,0.999852452969384,fixed_0_5,0.99988427934965,0.0,0,0.00014754703061600885,8,0.9999052501957044,1.0,gatv2_w5,validation,0.9999970863834399,0.9997685854787388,1.0,88782,0.999998208331566,42,0.5,54212,34562,5
0.9999436822779392,0.9999970860305816,0.999907783105865,maximum_macro_f1,0.9999276714548163,0.0,0,9.221689413500554e-05,5,0.9999407804408309,1.0,gatv2_w5,validation,0.9999970863834399,0.9998553533717129,1.0,88782,0.999998208331566,42,0.9805119037628174,54215,34562,5
0.9999436822779392,0.9999970860305816,0.999907783105865,fpr_at_most_0.01,0.9999276714548163,0.0,0,9.221689413500554e-05,5,0.9999407804408309,1.0,gatv2_w5,validation,0.9999970863834399,0.9998553533717129,1.0,88782,0.999998208331566,42,0.9805119037628174,54215,34562,5
0.999195638573599,0.9999756986809765,0.9999896850324663,fixed_0_5,0.9954068065217975,0.009038399828858701,169,1.0314967533639688e-05,2,0.9974830157397299,0.9909616001711413,gatv2_w10,test,0.9999756979154276,0.9998920727429712,0.9909616001711413,212591,0.9999979409232902,42,0.5,193891,18529,10
0.9990404109299077,0.9999756986809765,0.9999896850324663,maximum_macro_f1,0.9945155393053017,0.010803294469996791,202,1.0314967533639688e-05,2,0.9969948735687715,0.9891967055300032,gatv2_w10,test,0.9999756979154276,0.9998918802032652,0.9891967055300032,212591,0.9999979409232902,42,0.673537015914917,193891,18496,10
0.9990404109299077,0.9999756986809765,0.9999896850324663,fpr_at_most_0.01,0.9945155393053017,0.010803294469996791,202,1.0314967533639688e-05,2,0.9969948735687715,0.9891967055300032,gatv2_w10,test,0.9999756979154276,0.9998918802032652,0.9891967055300032,212591,0.9999979409232902,42,0.673537015914917,193891,18496,10
0.9999324187335271,0.9999874519314336,0.999889339727038,fixed_0_5,0.9999132070013019,0.0,0,0.00011066027296200664,6,0.9999289369016138,1.0,gatv2_w10,validation,0.9999874516752559,0.9998264290673455,1.0,88782,0.999992451245967,42,0.5,54214,34562,10
0.9999324187335271,0.9999874519314336,0.999889339727038,maximum_macro_f1,0.9999132070013019,0.0,0,0.00011066027296200664,6,0.9999289369016138,1.0,gatv2_w10,validation,0.9999874516752559,0.9998264290673455,1.0,88782,0.999992451245967,42,0.673537015914917,54214,34562,10
0.9999324187335271,0.9999874519314336,0.999889339727038,fpr_at_most_0.01,0.9999132070013019,0.0,0,0.00011066027296200664,6,0.9999289369016138,1.0,gatv2_w10,validation,0.9999874516752559,0.9998264290673455,1.0,88782,0.999992451245967,42,0.673537015914917,54214,34562,10
