model,criterion,threshold,selection_partition,validation_records,validation_threshold,validation_accuracy,validation_precision,validation_recall,validation_f1,validation_macro_f1,validation_false_positive_rate,validation_false_negative_rate,validation_benign_recall_specificity,validation_malicious_recall,validation_false_positives,validation_false_negatives,validation_true_negatives,validation_true_positives
transformer_L64_d64_n2_p01,fixed_0_5,0.5,validation,206603,0.5,0.9473289352042322,0.1935135135135135,0.08312050150917112,0.11629040116940068,0.5445729666663383,0.01507154437872811,0.9168794984908288,0.9849284556212718,0.08312050150917112,2984,7898,195005,716
transformer_L64_d64_n2_p01,maximum_macro_f1,0.09466113150119781,validation,206603,0.09466113150119781,0.9430985997299168,0.16884485666104554,0.09298815881123752,0.11992813295403504,0.5452634802542529,0.019915247816797904,0.9070118411887624,0.9800847521832021,0.09298815881123752,3943,7813,194046,801
transformer_L64_d64_n2_p01,fpr_at_most_0.01,0.9871999025344849,validation,206603,0.9871999025344849,0.9509058435743915,0.18526142445450802,0.05224053865799861,0.08149959250203749,0.528139237845596,0.00999550480077176,0.9477594613420014,0.9900044951992283,0.05224053865799861,1979,8164,196010,450
transformer_L64_d64_n2_p01,fpr_at_most_0.005,0.9894049167633057,validation,206603,0.9894049167633057,0.9544101489329777,0.15391229578675839,0.02078012537729278,0.03661654904367393,0.5066345971213526,0.004969973079312487,0.9792198746227072,0.9950300269206875,0.02078012537729278,984,8435,197005,179
transformer_L64_d64_n2_p01,fpr_at_most_0.001,0.9944402575492859,validation,206603,0.9944402575492859,0.957483676422898,0.11711711711711711,0.003018342233573253,0.005885015844273427,0.4920811680601292,0.0009899539873427312,0.9969816577664268,0.9990100460126573,0.003018342233573253,196,8588,197793,26
transformer_L1_control,fixed_0_5,0.5,validation,206603,0.5,0.9455719423241676,0.1744617668893838,0.08184351056419782,0.11141841169498222,0.5416722916967338,0.016849420927425262,0.9181564894358022,0.9831505790725747,0.08184351056419782,3336,7909,194653,705
transformer_L1_control,maximum_macro_f1,0.17631925642490387,validation,206603,0.17631925642490387,0.9437713876371592,0.16521739130434782,0.0860227536568377,0.11313840751202382,0.5420518371515786,0.01891014147250605,0.9139772463431622,0.981089858527494,0.0860227536568377,3744,7873,194245,741
transformer_L1_control,fpr_at_most_0.01,0.9938369393348694,validation,206603,0.9938369393348694,0.9508526013659047,0.18076285240464346,0.050615277455305314,0.07908579720660258,0.5269191977728274,0.009980352443822636,0.9493847225446946,0.9900196475561773,0.050615277455305314,1976,8178,196013,436
transformer_L1_control,fpr_at_most_0.005,0.9957486987113953,validation,206603,0.9957486987113953,0.9545069529484083,0.16595744680851063,0.022637566751799395,0.0398406374501992,0.5082710823270301,0.004949769936713656,0.9773624332482006,0.9950502300632863,0.022637566751799395,980,8419,197009,195
transformer_L1_control,fpr_at_most_0.001,0.9981689453125,validation,206603,0.9981689453125,0.9574255940136397,0.07075471698113207,0.0017413512885999535,0.003399048266485384,0.49082361533458796,0.000995004772992439,0.9982586487114,0.9990049952270076,0.0017413512885999535,197,8599,197792,15
logistic_regression,fixed_0_5,0.5,validation,206603,0.5,0.8911632454514213,0.04126984126984127,0.07244021360575807,0.05258279261818488,0.49742410931541897,0.07321618877816444,0.927559786394242,0.9267838112218355,0.07244021360575807,14496,7990,183493,624
logistic_regression,fpr_at_most_0.01,0.9831575751304626,validation,206603,0.9831575751304626,0.9489552426634656,0.02178217821782178,0.005107963779893197,0.008275343238668423,0.49103939354733717,0.009980352443822636,0.9948920362201068,0.9900196475561773,0.005107963779893197,1976,8570,196013,44
random_forest,fixed_0_5,0.5,validation,206603,0.5,0.9550780966394486,0.03225806451612903,0.0026700719758532623,0.004931918087273507,0.49097613164483667,0.0034850420982983905,0.9973299280241468,0.9965149579017016,0.0026700719758532623,690,8591,197299,23
random_forest,fpr_at_most_0.01,0.17166316628920736,validation,206603,0.17166316628920736,0.9494828245475623,0.07024988213107025,0.017297422800092874,0.02775966464834653,0.500913680725673,0.009960149301223806,0.9827025771999072,0.9900398506987762,0.017297422800092874,1972,8465,196017,149
xgboost,fixed_0_5,0.5,validation,206603,0.5,0.9544875921453222,0.10510510510510511,0.012189459020199675,0.021845417663580568,0.4992735969790079,0.004515402370838784,0.9878105409798004,0.9954845976291612,0.012189459020199675,894,8509,197095,105
xgboost,fpr_at_most_0.01,0.09503710269927979,validation,206603,0.09503710269927979,0.9496135099683934,0.06951102588686481,0.01683306245646622,0.027102803738317756,0.5006199176179924,0.009803574946082864,0.9831669375435338,0.9901964250539171,0.01683306245646622,1941,8469,196048,145
mlp,fixed_0_5,0.5,validation,206603,0.5,0.957135181967348,0.12883435582822086,0.00487578360807987,0.009395973154362415,0.4937448022876293,0.0014344231245170186,0.9951242163919202,0.998565576875483,0.00487578360807987,284,8572,197705,42
mlp,fpr_at_most_0.01,0.06002175807952881,validation,206603,0.06002175807952881,0.9495844687637643,0.08131970260223048,0.020315765033666125,0.032509752925877766,0.5033138169261135,0.009985403229472344,0.9796842349663338,0.9900145967705276,0.020315765033666125,1977,8439,196012,175
