path,source_reference_path,size,sha256,destination_exists,matches_reference_sha256,byte_for_byte_identical,destination_appropriate,duplicate_paths,duplicate_status
results/final/phase11a/PHASE_11A_EXECUTION_SUMMARY.md,aigt-ctd/results/final_runs_v1/PHASE_11A_EXECUTION_SUMMARY.md,871,0af16824b048fd0ba4efc0fc92db07125c1ac177a53266fdc5ee6e09773779ff,PASS,PASS,PASS,PASS: canonical consolidated evidence location,,NONE
results/final/phase11a/bot_infilteration_diagnostics.csv,aigt-ctd/results/final_runs_v1/aggregate_phase11a/bot_infilteration_diagnostics.csv,62139,973d77929645ab806a81cbe7df2e31357a297ac64e6fa47a2fa168e05874b5a2,PASS,PASS,PASS,PASS: canonical consolidated evidence location,,NONE
results/final/phase11a/five_seed_mean_sample_sd.csv,aigt-ctd/results/final_runs_v1/aggregate_phase11a/five_seed_mean_sample_sd.csv,28968,73b91236ce6b15217789076fe22604deaa8476951c66ce68bb5efe3ade14b259,PASS,PASS,PASS,PASS: canonical consolidated evidence location,,NONE
results/final/phase11a/paired_mean_sample_sd.csv,aigt-ctd/results/final_runs_v1/aggregate_phase11a/paired_mean_sample_sd.csv,4064,e599a02d0ee88135f4ee9f16ab4c4f30d85731e753d76d65e1b8156fc57e5488,PASS,PASS,PASS,PASS: canonical consolidated evidence location,,NONE
results/final/phase11a/paired_per_seed_differences.csv,aigt-ctd/results/final_runs_v1/aggregate_phase11a/paired_per_seed_differences.csv,11334,cdb73a3de504f519793d5f2fee2e3863dcc2e55b4508a51ecdc8b431d5c60ee0,PASS,PASS,PASS,PASS: canonical consolidated evidence location,,NONE
results/final/phase11a/per_seed_family_metrics.csv,aigt-ctd/results/final_runs_v1/aggregate_phase11a/per_seed_family_metrics.csv,417936,b228d5d38c4ead71cc43be8161e0e6dae8f17158d8f7b2944972b3c89fae12e9,PASS,PASS,PASS,PASS: canonical consolidated evidence location,,NONE
results/final/phase11a/per_seed_metrics.csv,aigt-ctd/results/final_runs_v1/aggregate_phase11a/per_seed_metrics.csv,97492,be603f05b79ebfe222aaacc05351d6a3de110396f9987537f169f4397b9dc09b,PASS,PASS,PASS,PASS: canonical consolidated evidence location,,NONE
results/final/phase11a/rf_ae_or_comparison.csv,aigt-ctd/results/final_runs_v1/aggregate_phase11a/rf_ae_or_comparison.csv,5525,f50c88f5bd07bfbc8d8d45eaeaf029e45dc230f9698a055bd5dfe55e59f235bc,PASS,PASS,PASS,PASS: canonical consolidated evidence location,,NONE
results/final/phase11a/rf_ae_overlap.csv,aigt-ctd/results/final_runs_v1/aggregate_phase11a/rf_ae_overlap.csv,7325,70c1cba67ddecc309dfe54e7b2e515acc9fbf1a75d06124b964b5b29b774ce1a,PASS,PASS,PASS,PASS: canonical consolidated evidence location,,NONE
results/final/phase11a/runtime.csv,aigt-ctd/results/final_runs_v1/aggregate_phase11a/runtime.csv,15835,379eee4532e23cecda52e0387b3a9f049a303d95449f1f65c44344e46608bec4,PASS,PASS,PASS,PASS: canonical consolidated evidence location,,NONE
results/final/phase11b/PHASE_11B_EXECUTION_SUMMARY.md,aigt-ctd/results/final_runs_v1/aggregate_phase11b/PHASE_11B_EXECUTION_SUMMARY.md,8461,8b4baaf6bd7a9ffaa5ebad1b14c48731165639e82315336eaebb752d0bc11db5,PASS,PASS,PASS,PASS: canonical consolidated evidence location,results/final_runs_v1/PHASE_11B_EXECUTION_SUMMARY.md,REVIEW
results/final/phase11b/aggregate_metrics.csv,aigt-ctd/results/final_runs_v1/aggregate_phase11b/aggregate_metrics.csv,13408,139f4f4b54c56e437ed5445f1f26d7ddde5bbdfc54a994a17f5e7dd8b5037da9,PASS,PASS,PASS,PASS: canonical consolidated evidence location,,NONE
results/final/phase11b/integrity_report.md,aigt-ctd/results/final_runs_v1/aggregate_phase11b/integrity_report.md,280,24e746cf038dff8218c042e67a990c106ff0a950f387217287660e0a946dc183,PASS,PASS,PASS,PASS: canonical consolidated evidence location,,NONE
results/final/phase11b/paired_aggregate_differences.csv,aigt-ctd/results/final_runs_v1/aggregate_phase11b/paired_aggregate_differences.csv,6955,903681b5bdfa669ec9a83b48da4241a70ece1a81aecf96a163913e951812e31f,PASS,PASS,PASS,PASS: canonical consolidated evidence location,,NONE
results/final/phase11b/paired_component_differences.csv,aigt-ctd/results/final_runs_v1/aggregate_phase11b/paired_component_differences.csv,19414,7d853970ed2ab38c5448b6805ab9c5bf0425ca95979a428f87c260f125244396,PASS,PASS,PASS,PASS: canonical consolidated evidence location,,NONE
results/final/phase11b/per_seed_family_metrics.csv,aigt-ctd/results/final_runs_v1/aggregate_phase11b/per_seed_family_metrics.csv,17528,30398b5e9b99bf8869e9d26406b30dba28a0a5bb144ea87262d4072940e26b6e,PASS,PASS,PASS,PASS: canonical consolidated evidence location,,NONE
results/final/phase11b/per_seed_metrics.csv,aigt-ctd/results/final_runs_v1/aggregate_phase11b/per_seed_metrics.csv,38952,1fcbb13b24e84adef2c5c0f2ba94b252c9c2d64e4c3133b5ecbe84813cc3ad2e,PASS,PASS,PASS,PASS: canonical consolidated evidence location,,NONE
results/final/phase11b/run_manifest.csv,aigt-ctd/results/final_runs_v1/aggregate_phase11b/run_manifest.csv,11592,735fc09acc31e83f95e030f8e8a521e911a7d4afc0c80afc53f5cc6dbc142100,PASS,PASS,PASS,PASS: canonical consolidated evidence location,,NONE
results/final/phase11b/runtime_metrics.csv,aigt-ctd/results/final_runs_v1/aggregate_phase11b/runtime_metrics.csv,27183,3ddaba093b7e36116bb36002f9adee1f932af7dce5bc0f95221236eeac6983c1,PASS,PASS,PASS,PASS: canonical consolidated evidence location,,NONE
results/final/phase11b/shared_preparation_runtime.csv,aigt-ctd/results/final_runs_v1/aggregate_phase11b/shared_preparation_runtime.csv,2303,e7ef93bac0d09941651046df890ff1ed9bf4c6578eba9db9304a0f713093c2de,PASS,PASS,PASS,PASS: canonical consolidated evidence location,,NONE
results/final/phase11a/audit/final_verification.json,aigt-ctd/results/final_runs_v1/audit/phase11a/final_verification.json,260,7e34190e5e12814f62269ea81d83ae32d7dadd5d57035fe17638263019e92732,PASS,PASS,PASS,PASS: canonical consolidated evidence location,,NONE
experiments/final_spec/artifact_hash_manifest.csv,aigt-ctd/results/final_spec_v1/artifact_hash_manifest.csv,199838,384904d39ad96fe65626ebfb531507e2637fc9a62dc25c3307fb0b2b67dd391b,PASS,PASS,PASS,PASS: canonical consolidated evidence location,,NONE
experiments/final_spec/final_experiment_spec.json,aigt-ctd/results/final_spec_v1/final_experiment_spec.json,123224,cc82c594cf336e36a0b89b67683783d1f6b45f3050310189543e506c935d1dfb,PASS,PASS,PASS,PASS: canonical consolidated evidence location,,NONE
experiments/final_spec/final_run_plan.md,aigt-ctd/results/final_spec_v1/final_run_plan.md,4683,cc2dae1eee0305bee91e6d8068990f5ad158c53a304dd6cc804b56600644c807,PASS,PASS,PASS,PASS: canonical consolidated evidence location,,NONE
experiments/final_spec/integrity_report.md,aigt-ctd/results/final_spec_v1/integrity_report.md,1508,887a54fbc4ba152fca5a1d31d9179ddde9cff58a3b423811f79f40429e56b9bf,PASS,PASS,PASS,PASS: canonical consolidated evidence location,,NONE
experiments/final_spec/metric_definitions.md,aigt-ctd/results/final_spec_v1/metric_definitions.md,3603,6471e2285e50d2ff7e562c01a6f13fb7f722cba695ef5b579c66789060061d5e,PASS,PASS,PASS,PASS: canonical consolidated evidence location,,NONE
