path,phase,cohort,purpose,readme_reference,other_report_reference,bytes,sha256
experiments/final_spec/artifact_hash_manifest.csv,10 freeze,"All three, separately specified",Frozen specification / provenance,no,experiments/final_spec/final_run_plan.md,199838,384904d39ad96fe65626ebfb531507e2637fc9a62dc25c3307fb0b2b67dd391b
experiments/final_spec/final_experiment_spec.json,10 freeze,"All three, separately specified",Frozen specification / provenance,yes,docs/reproducibility/ENVIRONMENT.md; docs/reproducibility/SCIENTIFIC_CONSISTENCY.md; experiments/final_spec/integrity_report.md,123224,cc82c594cf336e36a0b89b67683783d1f6b45f3050310189543e506c935d1dfb
experiments/final_spec/final_run_plan.md,10 freeze,"All three, separately specified",Frozen specification / provenance,no,none found,4683,cc2dae1eee0305bee91e6d8068990f5ad158c53a304dd6cc804b56600644c807
experiments/final_spec/integrity_report.md,10 freeze,"All three, separately specified",Frozen specification / provenance,yes,none found,1508,887a54fbc4ba152fca5a1d31d9179ddde9cff58a3b423811f79f40429e56b9bf
experiments/final_spec/metric_definitions.md,10 freeze,"All three, separately specified",Frozen specification / provenance,yes,none found,3603,6471e2285e50d2ff7e562c01a6f13fb7f722cba695ef5b579c66789060061d5e
results/final/phase11a/bot_infilteration_diagnostics.csv,11A,Full chronological / Phase-5 matched; see cohort column or model,Attack-family results,yes,none found,62139,973d77929645ab806a81cbe7df2e31357a297ac64e6fa47a2fa168e05874b5a2
results/final/phase11a/five_seed_mean_sample_sd.csv,11A,Full chronological / Phase-5 matched; see cohort column or model,Frozen aggregate or per-seed evidence,yes,none found,28968,73b91236ce6b15217789076fe22604deaa8476951c66ce68bb5efe3ade14b259
results/final/phase11a/paired_mean_sample_sd.csv,11A,Full chronological / Phase-5 matched; see cohort column or model,Within-seed component comparisons,yes,none found,4064,e599a02d0ee88135f4ee9f16ab4c4f30d85731e753d76d65e1b8156fc57e5488
results/final/phase11a/paired_per_seed_differences.csv,11A,Full chronological / Phase-5 matched; see cohort column or model,Within-seed component comparisons,no,none found,11334,cdb73a3de504f519793d5f2fee2e3863dcc2e55b4508a51ecdc8b431d5c60ee0
results/final/phase11a/per_seed_family_metrics.csv,11A,Full chronological / Phase-5 matched; see cohort column or model,Attack-family results,yes,none found,417936,b228d5d38c4ead71cc43be8161e0e6dae8f17158d8f7b2944972b3c89fae12e9
results/final/phase11a/per_seed_metrics.csv,11A,Full chronological / Phase-5 matched; see cohort column or model,Frozen aggregate or per-seed evidence,yes,docs/reproducibility/SCIENTIFIC_CONSISTENCY.md,97492,be603f05b79ebfe222aaacc05351d6a3de110396f9987537f169f4397b9dc09b
results/final/phase11a/rf_ae_or_comparison.csv,11A,Full chronological,Same-seed RF/AE decision comparison or overlap,yes,none found,5525,f50c88f5bd07bfbc8d8d45eaeaf029e45dc230f9698a055bd5dfe55e59f235bc
results/final/phase11a/rf_ae_overlap.csv,11A,Full chronological,Same-seed RF/AE decision comparison or overlap,yes,none found,7325,70c1cba67ddecc309dfe54e7b2e515acc9fbf1a75d06124b964b5b29b774ce1a
results/final/phase11a/runtime.csv,11A,Full chronological / Phase-5 matched; see cohort column or model,Stage-scoped runtime measurement,yes,none found,15835,379eee4532e23cecda52e0387b3a9f049a303d95449f1f65c44344e46608bec4
results/final/phase11b/aggregate_metrics.csv,11B,February-20 matched graph,Frozen aggregate or per-seed evidence,yes,none found,13408,139f4f4b54c56e437ed5445f1f26d7ddde5bbdfc54a994a17f5e7dd8b5037da9
results/final/phase11b/integrity_report.md,11B,February-20 matched graph,Historical integrity verification record,yes,none found,280,24e746cf038dff8218c042e67a990c106ff0a950f387217287660e0a946dc183
results/final/phase11b/paired_aggregate_differences.csv,11B,February-20 matched graph,Within-seed component comparisons,yes,none found,6955,903681b5bdfa669ec9a83b48da4241a70ece1a81aecf96a163913e951812e31f
results/final/phase11b/paired_component_differences.csv,11B,February-20 matched graph,Within-seed component comparisons,no,none found,19414,7d853970ed2ab38c5448b6805ab9c5bf0425ca95979a428f87c260f125244396
results/final/phase11b/per_seed_family_metrics.csv,11B,February-20 matched graph,Attack-family results,yes,none found,17528,30398b5e9b99bf8869e9d26406b30dba28a0a5bb144ea87262d4072940e26b6e
results/final/phase11b/per_seed_metrics.csv,11B,February-20 matched graph,Frozen aggregate or per-seed evidence,yes,docs/reproducibility/SCIENTIFIC_CONSISTENCY.md; results/final/phase11b/PHASE_11B_EXECUTION_SUMMARY.md,38952,1fcbb13b24e84adef2c5c0f2ba94b252c9c2d64e4c3133b5ecbe84813cc3ad2e
results/final/phase11b/PHASE_11B_EXECUTION_SUMMARY.md,11B,February-20 matched graph,Phase completion or historical attempt report (see history index),yes,docs/phases/README.md,8461,8b4baaf6bd7a9ffaa5ebad1b14c48731165639e82315336eaebb752d0bc11db5
results/final/phase11b/run_manifest.csv,11B,February-20 matched graph,Frozen aggregate or per-seed evidence,no,none found,11592,735fc09acc31e83f95e030f8e8a521e911a7d4afc0c80afc53f5cc6dbc142100
results/final/phase11b/runtime_metrics.csv,11B,February-20 matched graph,Stage-scoped runtime measurement,yes,none found,27183,3ddaba093b7e36116bb36002f9adee1f932af7dce5bc0f95221236eeac6983c1
results/final/phase11b/shared_preparation_runtime.csv,11B,February-20 matched graph,Stage-scoped runtime measurement,no,none found,2303,e7ef93bac0d09941651046df890ff1ed9bf4c6578eba9db9304a0f713093c2de
results/final/phase11a/audit/final_verification.json,11A,Full chronological / Phase-5 matched; see cohort column or model,Historical audit / recovery / effective configuration provenance,yes,none found,260,7e34190e5e12814f62269ea81d83ae32d7dadd5d57035fe17638263019e92732
results/final/phase11a/PHASE_11A_EXECUTION_SUMMARY.md,11A,Full chronological / Phase-5 matched; see cohort column or model,Phase completion or historical attempt report (see history index),yes,docs/phases/README.md,871,0af16824b048fd0ba4efc0fc92db07125c1ac177a53266fdc5ee6e09773779ff
results/figures/01_five_seed_model_comparison.pdf,11A/11B,"Three cohorts, displayed separately",Existing manuscript figure or plotting provenance,no,none found,31347,20f0541b658f77b85ce9f3f8fa55cb8254b296e11eba93e862ff988859c057a5
results/figures/01_five_seed_model_comparison.png,11A/11B,"Three cohorts, displayed separately",Existing manuscript figure or plotting provenance,no,none found,198663,4b332128e6faccfc90c88ba477d58b3adaaaac91361f33466a7c054ecb565b06
results/figures/01_five_seed_model_comparison.svg,11A/11B,"Three cohorts, displayed separately",Existing manuscript figure or plotting provenance,no,none found,51297,52e061b6232a2818e0e1cd3c149d9ed6b5487ac25ef1c41f02152b2ea187ca49
results/figures/02_unseen_family_recall.pdf,11A/11B,"Three cohorts, displayed separately",Existing manuscript figure or plotting provenance,no,none found,25013,6a9f92f61447cc46af425d638fa1917863978be2d2fd9c78436e14f4b5a76d9a
results/figures/02_unseen_family_recall.png,11A/11B,"Three cohorts, displayed separately",Existing manuscript figure or plotting provenance,no,none found,130280,cb9e81c294b927bf8caf4b2cf4b624e41b32529a8849dc08dda34da98d5ea180
results/figures/02_unseen_family_recall.svg,11A/11B,"Three cohorts, displayed separately",Existing manuscript figure or plotting provenance,no,none found,21877,bb2105f006e0bb0c8d5938df19c0cf0ddb8f326a36c8d83a829cf383725c9208
results/figures/03_paired_component_ablations.pdf,11A/11B,"Three cohorts, displayed separately",Existing manuscript figure or plotting provenance,no,none found,50935,425f721e5a98975b6bf3e434186692458662be4e418b26229dc6988d9ee1c06f
results/figures/03_paired_component_ablations.png,11A/11B,"Three cohorts, displayed separately",Existing manuscript figure or plotting provenance,no,none found,468477,d471c98deb2ea7269143abb0a633843805cac94b2e5f06e970bbc367eb6b90b2
results/figures/03_paired_component_ablations.svg,11A/11B,"Three cohorts, displayed separately",Existing manuscript figure or plotting provenance,no,none found,95164,9f30c04cc0f9740ebb751f9f3fe7eac3a59e0317cc04c8d438d51a25b0c28cc2
results/figures/plotted_values.csv,11A/11B,"Three cohorts, displayed separately",Existing manuscript figure or plotting provenance,no,none found,35829,a7b9674dccaf339641b4b271f32bec4d4221b39b659480558fcf33430f811214
results/figures/provenance.json,11A/11B,"Three cohorts, displayed separately",Existing manuscript figure or plotting provenance,yes,none found,1409,d9a851e0f0d896e3c22e013f5c1f89e1e30be6df7b820a9346e1b505f3016cd0
